alpha,tag,step,wall_time,value
0,physical/failure_fraction,1,1791527863.2706254,0.0
0,physical/failure_fraction,2,1791527893.8542259,0.0
0,physical/failure_fraction,3,1791527923.5874903,0.0
0,physical/failure_fraction,4,1791527950.3665068,0.0
0,physical/failure_fraction,5,1791527978.6119525,0.0
0,physical/failure_fraction,6,1791528004.4035258,0.0
0,physical/failure_fraction,7,1791528030.967572,0.0
0,physical/failure_fraction,8,1791528061.9338765,0.0
0,physical/failure_fraction,9,1791528090.2402694,0.0
0,physical/failure_fraction,10,1791528116.5397198,0.0
0,physical/failure_fraction,11,1791528142.7985573,0.0
0,physical/failure_fraction,12,1791528169.3054743,0.0
0,physical/failure_fraction,13,1791528195.7108257,0.0
0,physical/failure_fraction,14,1791528225.2642841,0.0
0,physical/failure_fraction,15,1791528253.579151,0.0
0,physical/failure_fraction,16,1791528283.357817,0.0
0,physical/failure_fraction,17,1791528309.5957491,0.0
0,physical/failure_fraction,18,1791528336.4395509,0.0
0,physical/failure_fraction,19,1791528362.867421,0.0
0,physical/failure_fraction,20,1791528393.3604646,0.0
0,physical/failure_fraction,21,1791528422.0031176,0.0
0,physical/failure_fraction,22,1791528450.6473901,0.0
0,physical/failure_fraction,23,1791528477.7625842,0.0
0,physical/failure_fraction,24,1791528504.8918972,0.0
0,physical/failure_fraction,25,1791528531.0445192,0.0
0,physical/failure_fraction,26,1791529625.6213965,0.0
0,physical/failure_fraction,27,1791529654.368782,0.0
0,physical/failure_fraction,28,1791529682.662644,0.0
0,physical/failure_fraction,29,1791529710.708199,0.0
0,physical/failure_fraction,30,1791529737.073995,0.0
0,physical/failure_fraction,31,1791529763.4796994,0.0
0,physical/failure_fraction,32,1791529789.907891,0.0
0,physical/failure_fraction,33,1791529818.836457,0.0
0,physical/failure_fraction,34,1791529846.0234928,0.0
0,physical/failure_fraction,35,1791529874.0236025,0.0
0,physical/failure_fraction,36,1791529900.9688466,0.0
0,physical/failure_fraction,37,1791529927.8209057,0.0
0,physical/failure_fraction,38,1791529954.5426838,0.0
0,physical/failure_fraction,39,1791529982.8039744,0.0
0,physical/failure_fraction,40,1791530009.7371845,0.0
0,physical/failure_fraction,41,1791530037.1268046,0.0
0,physical/failure_fraction,42,1791530063.8717735,0.0
0,physical/failure_fraction,43,1791530090.2908964,0.0
0,physical/failure_fraction,44,1791530116.852242,0.0
0,physical/failure_fraction,45,1791530145.5626912,0.0
0,physical/failure_fraction,46,1791530172.8221257,0.0
0,physical/failure_fraction,47,1791530201.1805751,0.0
0,physical/failure_fraction,48,1791530228.5204809,0.0
0,physical/failure_fraction,49,1791530255.8827002,0.0
0,physical/failure_fraction,50,1791530282.2431722,0.0
0,physical/failure_fraction,51,1791530309.2280838,0.0
0,physical/failure_fraction,52,1791530337.1956465,0.0
0,physical/failure_fraction,53,1791530363.611215,0.0
0,physical/failure_fraction,54,1791530391.322525,0.0
0,physical/failure_fraction,55,1791530416.953682,0.0
0,physical/failure_fraction,56,1791530442.7782562,0.0
0,physical/failure_fraction,57,1791530469.1454751,0.0
0,physical/failure_fraction,58,1791530495.9850438,0.0
0,physical/failure_fraction,59,1791530522.8599749,0.0
0,physical/failure_fraction,60,1791530549.1504977,0.0
0,physical/failure_fraction,61,1791530575.0267599,0.0
0,physical/failure_fraction,62,1791530600.730974,0.0
0,physical/failure_fraction,63,1791530627.2078154,0.0
0,physical/failure_fraction,64,1791530654.8117027,0.0
0,physical/failure_fraction,65,1791530681.9694765,0.0
0,physical/failure_fraction,66,1791530708.4819105,0.0
0,physical/failure_fraction,67,1791530735.2777421,0.0
0,physical/failure_fraction,68,1791530761.5732615,0.0
0,physical/failure_fraction,69,1791530788.2900834,0.0
0,physical/failure_fraction,70,1791530815.3078008,0.0
0,physical/failure_fraction,71,1791530842.352036,0.0
0,physical/failure_fraction,72,1791530870.4535146,0.0
0,physical/failure_fraction,73,1791530897.440844,0.0
0,physical/failure_fraction,74,1791530924.0384343,0.0
0,physical/failure_fraction,75,1791530950.9576411,0.0
0,physical/failure_fraction,76,1791530977.8368628,0.0
0,physical/failure_fraction,77,1791531005.3098297,0.0
0,physical/failure_fraction,78,1791531032.3434737,0.0
0,physical/failure_fraction,79,1791531059.8652995,0.0
0,physical/failure_fraction,80,1791531086.3651805,0.0
0,physical/failure_fraction,81,1791531112.9227045,0.0
0,physical/failure_fraction,82,1791531139.4435546,0.0
0,physical/failure_fraction,83,1791531166.9746284,0.0
0,physical/failure_fraction,84,1791531193.820898,0.0
0,physical/failure_fraction,85,1791531221.7074633,0.0
0,physical/failure_fraction,86,1791531248.3538635,0.0
0,physical/failure_fraction,87,1791531275.1027827,0.0
0,physical/failure_fraction,88,1791531301.6222398,0.0
0,physical/failure_fraction,89,1791531328.9588735,0.0
0,physical/failure_fraction,90,1791531355.7661583,0.0
0,physical/failure_fraction,91,1791531382.940863,0.0
0,physical/failure_fraction,92,1791531409.0815938,0.0
0,physical/failure_fraction,93,1791531435.3012488,0.0
0,physical/failure_fraction,94,1791531461.2318137,0.0
0,physical/failure_fraction,95,1791531488.2750974,0.0
0,physical/failure_fraction,96,1791531514.7182188,0.0
0,physical/failure_fraction,97,1791531542.1680098,0.0
0,physical/failure_fraction,98,1791531569.3054886,0.0
0,physical/failure_fraction,99,1791531595.446839,0.0
0,physical/failure_fraction,100,1791531621.421253,0.0
0,physical/heading_rmse,1,1791527863.2706168,0.2025369107723236
0,physical/heading_rmse,2,1791527893.854218,0.2279588282108307
0,physical/heading_rmse,3,1791527923.5873752,0.24943950772285461
0,physical/heading_rmse,4,1791527950.3664463,0.39608198404312134
0,physical/heading_rmse,5,1791527978.6118855,0.5915864109992981
0,physical/heading_rmse,6,1791528004.4034667,0.7305004000663757
0,physical/heading_rmse,7,1791528030.967507,0.43561694025993347
0,physical/heading_rmse,8,1791528061.933825,0.2387612760066986
0,physical/heading_rmse,9,1791528090.2402236,0.23112644255161285
0,physical/heading_rmse,10,1791528116.5396652,0.31380316615104675
0,physical/heading_rmse,11,1791528142.798453,0.468435138463974
0,physical/heading_rmse,12,1791528169.3054414,0.6223732233047485
0,physical/heading_rmse,13,1791528195.7107704,0.5110095143318176
0,physical/heading_rmse,14,1791528225.2642431,0.2302224338054657
0,physical/heading_rmse,15,1791528253.5789917,0.21723562479019165
0,physical/heading_rmse,16,1791528283.3577838,0.30011171102523804
0,physical/heading_rmse,17,1791528309.5957189,0.48181214928627014
0,physical/heading_rmse,18,1791528336.439516,0.6721982955932617
0,physical/heading_rmse,19,1791528362.867389,0.6742149591445923
0,physical/heading_rmse,20,1791528393.3604574,0.25658339262008667
0,physical/heading_rmse,21,1791528422.003008,0.263899564743042
0,physical/heading_rmse,22,1791528450.6473832,0.33238306641578674
0,physical/heading_rmse,23,1791528477.7625453,0.5004385113716125
0,physical/heading_rmse,24,1791528504.891758,0.706671416759491
0,physical/heading_rmse,25,1791528531.0442774,0.8285202980041504
0,physical/heading_rmse,26,1791529625.6213446,0.20145906507968903
0,physical/heading_rmse,27,1791529654.3686333,0.2321702539920807
0,physical/heading_rmse,28,1791529682.6626098,0.250014066696167
0,physical/heading_rmse,29,1791529710.7081904,0.36424869298934937
0,physical/heading_rmse,30,1791529737.073959,0.5401645302772522
0,physical/heading_rmse,31,1791529763.4796648,0.6665353775024414
0,physical/heading_rmse,32,1791529789.907857,0.4010527431964874
0,physical/heading_rmse,33,1791529818.8364499,0.25658708810806274
0,physical/heading_rmse,34,1791529846.0234842,0.26422369480133057
0,physical/heading_rmse,35,1791529874.023541,0.3468809127807617
0,physical/heading_rmse,36,1791529900.9688094,0.45256614685058594
0,physical/heading_rmse,37,1791529927.8208594,0.5536283254623413
0,physical/heading_rmse,38,1791529954.542677,0.43298080563545227
0,physical/heading_rmse,39,1791529982.8039386,0.23896166682243347
0,physical/heading_rmse,40,1791530009.737178,0.2495264708995819
0,physical/heading_rmse,41,1791530037.1267698,0.35262203216552734
0,physical/heading_rmse,42,1791530063.871716,0.4843546152114868
0,physical/heading_rmse,43,1791530090.2907264,0.6141049861907959
0,physical/heading_rmse,44,1791530116.8521843,0.6038549542427063
0,physical/heading_rmse,45,1791530145.562633,0.2598089873790741
0,physical/heading_rmse,46,1791530172.822067,0.27446937561035156
0,physical/heading_rmse,47,1791530201.1805115,0.32375219464302063
0,physical/heading_rmse,48,1791530228.520421,0.4531579613685608
0,physical/heading_rmse,49,1791530255.8826642,0.6586638689041138
0,physical/heading_rmse,50,1791530282.2431655,0.7794063687324524
0,physical/heading_rmse,51,1791530309.2280476,0.19588930904865265
0,physical/heading_rmse,52,1791530337.195607,0.24743929505348206
0,physical/heading_rmse,53,1791530363.6112087,0.27644082903862
0,physical/heading_rmse,54,1791530391.3224897,0.37572741508483887
0,physical/heading_rmse,55,1791530416.9536462,0.5416570901870728
0,physical/heading_rmse,56,1791530442.7782197,0.6674856543540955
0,physical/heading_rmse,57,1791530469.145437,0.4010961949825287
0,physical/heading_rmse,58,1791530495.9850078,0.2894385755062103
0,physical/heading_rmse,59,1791530522.8599398,0.29524633288383484
0,physical/heading_rmse,60,1791530549.1504626,0.38086727261543274
0,physical/heading_rmse,61,1791530575.0267313,0.47195324301719666
0,physical/heading_rmse,62,1791530600.7309396,0.5752930045127869
0,physical/heading_rmse,63,1791530627.2077882,0.46745797991752625
0,physical/heading_rmse,64,1791530654.8116953,0.2724182605743408
0,physical/heading_rmse,65,1791530681.9694393,0.2866133451461792
0,physical/heading_rmse,66,1791530708.4819038,0.3322896659374237
0,physical/heading_rmse,67,1791530735.2777061,0.3851430118083954
0,physical/heading_rmse,68,1791530761.573227,0.46318960189819336
0,physical/heading_rmse,69,1791530788.2900455,0.4417553246021271
0,physical/heading_rmse,70,1791530815.3077643,0.2419673353433609
0,physical/heading_rmse,71,1791530842.3520286,0.2948964238166809
0,physical/heading_rmse,72,1791530870.453508,0.31827300786972046
0,physical/heading_rmse,73,1791530897.4408069,0.36581456661224365
0,physical/heading_rmse,74,1791530924.038398,0.47159117460250854
0,physical/heading_rmse,75,1791530950.957603,0.5729473233222961
0,physical/heading_rmse,76,1791530977.836828,0.240733802318573
0,physical/heading_rmse,77,1791531005.309794,0.3017301559448242
0,physical/heading_rmse,78,1791531032.3434389,0.31185200810432434
0,physical/heading_rmse,79,1791531059.8652613,0.3401903212070465
0,physical/heading_rmse,80,1791531086.3651423,0.45368698239326477
0,physical/heading_rmse,81,1791531112.9226966,0.6179487109184265
0,physical/heading_rmse,82,1791531139.4435217,0.38510146737098694
0,physical/heading_rmse,83,1791531166.9746215,0.2923382520675659
0,physical/heading_rmse,84,1791531193.8208616,0.2974439263343811
0,physical/heading_rmse,85,1791531221.7074566,0.3323027789592743
0,physical/heading_rmse,86,1791531248.3538568,0.3369353711605072
0,physical/heading_rmse,87,1791531275.1027484,0.40798112750053406
0,physical/heading_rmse,88,1791531301.622204,0.3545944094657898
0,physical/heading_rmse,89,1791531328.9588332,0.25923848152160645
0,physical/heading_rmse,90,1791531355.7661195,0.2854936420917511
0,physical/heading_rmse,91,1791531382.9408271,0.29068467020988464
0,physical/heading_rmse,92,1791531409.081555,0.2808659076690674
0,physical/heading_rmse,93,1791531435.3011107,0.3197188079357147
0,physical/heading_rmse,94,1791531461.2317758,0.32249876856803894
0,physical/heading_rmse,95,1791531488.274948,0.2258254587650299
0,physical/heading_rmse,96,1791531514.718184,0.273310124874115
0,physical/heading_rmse,97,1791531542.1680017,0.27366161346435547
0,physical/heading_rmse,98,1791531569.3054821,0.2915160059928894
0,physical/heading_rmse,99,1791531595.4468317,0.4169861674308777
0,physical/heading_rmse,100,1791531621.421216,0.5823376178741455
0,physical/speed_rmse,1,1791527863.2704773,0.1306423842906952
0,physical/speed_rmse,2,1791527893.8542051,0.17297469079494476
0,physical/speed_rmse,3,1791527923.5873163,0.14654766023159027
0,physical/speed_rmse,4,1791527950.3663793,0.12020670622587204
0,physical/speed_rmse,5,1791527978.6117163,0.09788428992033005
0,physical/speed_rmse,6,1791528004.4034073,0.08302304148674011
0,physical/speed_rmse,7,1791528030.9674478,0.07056452333927155
0,physical/speed_rmse,8,1791528061.933765,0.13109253346920013
0,physical/speed_rmse,9,1791528090.2401786,0.11443918943405151
0,physical/speed_rmse,10,1791528116.5396142,0.08956203609704971
0,physical/speed_rmse,11,1791528142.798447,0.07285688072443008
0,physical/speed_rmse,12,1791528169.305409,0.06366896629333496
0,physical/speed_rmse,13,1791528195.71071,0.0498034693300724
0,physical/speed_rmse,14,1791528225.2642043,0.11144475638866425
0,physical/speed_rmse,15,1791528253.5789855,0.09619960933923721
0,physical/speed_rmse,16,1791528283.35775,0.08018843829631805
0,physical/speed_rmse,17,1791528309.5957127,0.05687617510557175
0,physical/speed_rmse,18,1791528336.4394813,0.056777097284793854
0,physical/speed_rmse,19,1791528362.8673518,0.04515823721885681
0,physical/speed_rmse,20,1791528393.3604496,0.09900597482919693
0,physical/speed_rmse,21,1791528422.003002,0.12351616472005844
0,physical/speed_rmse,22,1791528450.6473763,0.08768949657678604
0,physical/speed_rmse,23,1791528477.7624843,0.057950619608163834
0,physical/speed_rmse,24,1791528504.89174,0.051321156322956085
0,physical/speed_rmse,25,1791528531.0441215,0.04670851305127144
0,physical/speed_rmse,26,1791529625.6213026,0.06503698974847794
0,physical/speed_rmse,27,1791529654.3686275,0.13428214192390442
0,physical/speed_rmse,28,1791529682.6625748,0.08602713793516159
0,physical/speed_rmse,29,1791529710.7079723,0.06668493896722794
0,physical/speed_rmse,30,1791529737.073822,0.045471224933862686
0,physical/speed_rmse,31,1791529763.4796298,0.0489116907119751
0,physical/speed_rmse,32,1791529789.9078114,0.04919189214706421
0,physical/speed_rmse,33,1791529818.8364437,0.15092988312244415
0,physical/speed_rmse,34,1791529846.0232565,0.09671532362699509
0,physical/speed_rmse,35,1791529874.0234966,0.07259565591812134
0,physical/speed_rmse,36,1791529900.9687738,0.04863712191581726
0,physical/speed_rmse,37,1791529927.8208158,0.048410553485155106
0,physical/speed_rmse,38,1791529954.5426705,0.042321834713220596
0,physical/speed_rmse,39,1791529982.8038795,0.1614101082086563
0,physical/speed_rmse,40,1791530009.737172,0.13983966410160065
0,physical/speed_rmse,41,1791530037.1267343,0.09055408835411072
0,physical/speed_rmse,42,1791530063.8716502,0.04985112324357033
0,physical/speed_rmse,43,1791530090.290692,0.03595773130655289
0,physical/speed_rmse,44,1791530116.8521264,0.03404640406370163
0,physical/speed_rmse,45,1791530145.5625725,0.11825641989707947
0,physical/speed_rmse,46,1791530172.8220081,0.14917215704917908
0,physical/speed_rmse,47,1791530201.1804757,0.07710479944944382
0,physical/speed_rmse,48,1791530228.5203621,0.04684719070792198
0,physical/speed_rmse,49,1791530255.8826296,0.030752891674637794
0,physical/speed_rmse,50,1791530282.2431593,0.029646234586834908
0,physical/speed_rmse,51,1791530309.228012,0.07523328810930252
0,physical/speed_rmse,52,1791530337.1955633,0.16472436487674713
0,physical/speed_rmse,53,1791530363.6112027,0.09036778658628464
0,physical/speed_rmse,54,1791530391.3224518,0.05548827350139618
0,physical/speed_rmse,55,1791530416.9536097,0.03160913661122322
0,physical/speed_rmse,56,1791530442.778185,0.03032778389751911
0,physical/speed_rmse,57,1791530469.1454308,0.044647958129644394
0,physical/speed_rmse,58,1791530495.9849706,0.17790937423706055
0,physical/speed_rmse,59,1791530522.8599336,0.08940629661083221
0,physical/speed_rmse,60,1791530549.1504276,0.057381726801395416
0,physical/speed_rmse,61,1791530575.0267248,0.030899249017238617
0,physical/speed_rmse,62,1791530600.730904,0.0298258475959301
0,physical/speed_rmse,63,1791530627.2077365,0.03465568646788597
0,physical/speed_rmse,64,1791530654.8116877,0.1644660383462906
0,physical/speed_rmse,65,1791530681.9694037,0.1292870193719864
0,physical/speed_rmse,66,1791530708.4818978,0.0729668065905571
0,physical/speed_rmse,67,1791530735.277671,0.034474313259124756
0,physical/speed_rmse,68,1791530761.5731924,0.030742565169930458
0,physical/speed_rmse,69,1791530788.2900107,0.03145759180188179
0,physical/speed_rmse,70,1791530815.3077292,0.14026930928230286
0,physical/speed_rmse,71,1791530842.3520148,0.17312215268611908
0,physical/speed_rmse,72,1791530870.4535017,0.09275222569704056
0,physical/speed_rmse,73,1791530897.440771,0.044416945427656174
0,physical/speed_rmse,74,1791530924.038362,0.03240710869431496
0,physical/speed_rmse,75,1791530950.9575505,0.028779421001672745
0,physical/speed_rmse,76,1791530977.8367932,0.086624875664711
0,physical/speed_rmse,77,1791531005.309772,0.18827387690544128
0,physical/speed_rmse,78,1791531032.3434043,0.09689311683177948
0,physical/speed_rmse,79,1791531059.8652205,0.0572100393474102
0,physical/speed_rmse,80,1791531086.3651118,0.03197897970676422
0,physical/speed_rmse,81,1791531112.9226847,0.030431130900979042
0,physical/speed_rmse,82,1791531139.4434857,0.0439532995223999
0,physical/speed_rmse,83,1791531166.974615,0.19906596839427948
0,physical/speed_rmse,84,1791531193.820826,0.1168438270688057
0,physical/speed_rmse,85,1791531221.7074504,0.06591922789812088
0,physical/speed_rmse,86,1791531248.3538506,0.03524061664938927
0,physical/speed_rmse,87,1791531275.1027138,0.029982950538396835
0,physical/speed_rmse,88,1791531301.6221657,0.03624827414751053
0,physical/speed_rmse,89,1791531328.958782,0.18543478846549988
0,physical/speed_rmse,90,1791531355.7660842,0.12794284522533417
0,physical/speed_rmse,91,1791531382.940791,0.07763960212469101
0,physical/speed_rmse,92,1791531409.0815187,0.037142857909202576
0,physical/speed_rmse,93,1791531435.301104,0.0319523923099041
0,physical/speed_rmse,94,1791531461.2317407,0.03324262052774429
0,physical/speed_rmse,95,1791531488.27494,0.14662575721740723
0,physical/speed_rmse,96,1791531514.7181501,0.18221847712993622
0,physical/speed_rmse,97,1791531542.1677742,0.09686437249183655
0,physical/speed_rmse,98,1791531569.3054764,0.0605061836540699
0,physical/speed_rmse,99,1791531595.4467168,0.03784510865807533
0,physical/speed_rmse,100,1791531621.4211805,0.03756269812583923
0,physical/steer_rmse,1,1791527863.2706087,0.033253494650125504
0,physical/steer_rmse,2,1791527893.8542137,0.03919341415166855
0,physical/steer_rmse,3,1791527923.5873468,0.040114875882864
0,physical/steer_rmse,4,1791527950.3664155,0.037089817225933075
0,physical/steer_rmse,5,1791527978.611848,0.027826737612485886
0,physical/steer_rmse,6,1791528004.4034371,0.02159292995929718
0,physical/steer_rmse,7,1791528030.9674768,0.028005782514810562
0,physical/steer_rmse,8,1791528061.9337962,0.03994893282651901
0,physical/steer_rmse,9,1791528090.2402017,0.037702031433582306
0,physical/steer_rmse,10,1791528116.5396364,0.03573565185070038
0,physical/steer_rmse,11,1791528142.7984502,0.028818245977163315
0,physical/steer_rmse,12,1791528169.3054254,0.022867925465106964
0,physical/steer_rmse,13,1791528195.710742,0.02081465907394886
0,physical/steer_rmse,14,1791528225.2642243,0.03823472931981087
0,physical/steer_rmse,15,1791528253.5789886,0.03669337183237076
0,physical/steer_rmse,16,1791528283.3577673,0.03998646140098572
0,physical/steer_rmse,17,1791528309.5957158,0.03178481385111809
0,physical/steer_rmse,18,1791528336.439499,0.024124158546328545
0,physical/steer_rmse,19,1791528362.8673697,0.019777975976467133
0,physical/steer_rmse,20,1791528393.3604538,0.035200513899326324
0,physical/steer_rmse,21,1791528422.0030053,0.0380483977496624
0,physical/steer_rmse,22,1791528450.64738,0.03967515006661415
0,physical/steer_rmse,23,1791528477.7625155,0.03328075259923935
0,physical/steer_rmse,24,1791528504.8917494,0.026137804612517357
0,physical/steer_rmse,25,1791528531.0441244,0.021233899518847466
0,physical/steer_rmse,26,1791529625.6213238,0.03261571004986763
0,physical/steer_rmse,27,1791529654.3686304,0.03656734898686409
0,physical/steer_rmse,28,1791529682.6625924,0.03855355829000473
0,physical/steer_rmse,29,1791529710.708182,0.03556262329220772
0,physical/steer_rmse,30,1791529737.073933,0.029015125706791878
0,physical/steer_rmse,31,1791529763.4796476,0.022183481603860855
0,physical/steer_rmse,32,1791529789.9078367,0.02667974680662155
0,physical/steer_rmse,33,1791529818.836447,0.03767109662294388
0,physical/steer_rmse,34,1791529846.0234761,0.0340287946164608
0,physical/steer_rmse,35,1791529874.0235174,0.0334942452609539
0,physical/steer_rmse,36,1791529900.968793,0.026601210236549377
0,physical/steer_rmse,37,1791529927.8208382,0.019689694046974182
0,physical/steer_rmse,38,1791529954.5426738,0.019846007227897644
0,physical/steer_rmse,39,1791529982.8039098,0.03885030001401901
0,physical/steer_rmse,40,1791530009.737175,0.03692556172609329
0,physical/steer_rmse,41,1791530037.126753,0.039383064955472946
0,physical/steer_rmse,42,1791530063.8716674,0.02973741479218006
0,physical/steer_rmse,43,1791530090.29071,0.022520698606967926
0,physical/steer_rmse,44,1791530116.852156,0.017979733645915985
0,physical/steer_rmse,45,1791530145.5626037,0.035367343574762344
0,physical/steer_rmse,46,1791530172.8220377,0.037594690918922424
0,physical/steer_rmse,47,1791530201.1804793,0.03729948401451111
0,physical/steer_rmse,48,1791530228.5203927,0.03198731318116188
0,physical/steer_rmse,49,1791530255.8826473,0.026287073269486427
0,physical/steer_rmse,50,1791530282.2431626,0.018670056015253067
0,physical/steer_rmse,51,1791530309.2280307,0.032034557312726974
0,physical/steer_rmse,52,1791530337.1955886,0.03710836172103882
0,physical/steer_rmse,53,1791530363.6112058,0.0346338115632534
0,physical/steer_rmse,54,1791530391.3224716,0.03310304135084152
0,physical/steer_rmse,55,1791530416.9536283,0.027724890038371086
0,physical/steer_rmse,56,1791530442.7782013,0.02079150266945362
0,physical/steer_rmse,57,1791530469.145434,0.026700075715780258
0,physical/steer_rmse,58,1791530495.9849916,0.03824533522129059
0,physical/steer_rmse,59,1791530522.8599367,0.032031189650297165
0,physical/steer_rmse,60,1791530549.150445,0.03177327290177345
0,physical/steer_rmse,61,1791530575.026728,0.025790821760892868
0,physical/steer_rmse,62,1791530600.7309227,0.01969047077000141
0,physical/steer_rmse,63,1791530627.2077568,0.019464299082756042
0,physical/steer_rmse,64,1791530654.811692,0.03725363314151764
0,physical/steer_rmse,65,1791530681.9694214,0.034472085535526276
0,physical/steer_rmse,66,1791530708.4819007,0.032055217772722244
0,physical/steer_rmse,67,1791530735.277689,0.024264687672257423
0,physical/steer_rmse,68,1791530761.57321,0.019902044907212257
0,physical/steer_rmse,69,1791530788.2900288,0.01589352823793888
0,physical/steer_rmse,70,1791530815.3077474,0.03675854206085205
0,physical/steer_rmse,71,1791530842.3520246,0.036825209856033325
0,physical/steer_rmse,72,1791530870.4535048,0.033611834049224854
0,physical/steer_rmse,73,1791530897.4407897,0.028004026040434837
0,physical/steer_rmse,74,1791530924.0383804,0.023472748696804047
0,physical/steer_rmse,75,1791530950.9575834,0.018483921885490417
0,physical/steer_rmse,76,1791530977.8368106,0.03262871876358986
0,physical/steer_rmse,77,1791531005.3097756,0.03572184965014458
0,physical/steer_rmse,78,1791531032.3434231,0.03134263679385185
0,physical/steer_rmse,79,1791531059.8652577,0.03036879189312458
0,physical/steer_rmse,80,1791531086.3651392,0.026883907616138458
0,physical/steer_rmse,81,1791531112.9226923,0.020853562280535698
0,physical/steer_rmse,82,1791531139.4435046,0.025963839143514633
0,physical/steer_rmse,83,1791531166.9746184,0.037954483181238174
0,physical/steer_rmse,84,1791531193.820844,0.029522255063056946
0,physical/steer_rmse,85,1791531221.7074535,0.027167974039912224
0,physical/steer_rmse,86,1791531248.3538537,0.02341323532164097
0,physical/steer_rmse,87,1791531275.102731,0.01919071190059185
0,physical/steer_rmse,88,1791531301.6221843,0.01870524138212204
0,physical/steer_rmse,89,1791531328.9588091,0.03637726977467537
0,physical/steer_rmse,90,1791531355.766102,0.03132344037294388
0,physical/steer_rmse,91,1791531382.9408095,0.02872519940137863
0,physical/steer_rmse,92,1791531409.0815375,0.022445930168032646
0,physical/steer_rmse,93,1791531435.3011074,0.018281899392604828
0,physical/steer_rmse,94,1791531461.2317586,0.015511085279285908
0,physical/steer_rmse,95,1791531488.2749443,0.0337432399392128
0,physical/steer_rmse,96,1791531514.718167,0.0335625521838665
0,physical/steer_rmse,97,1791531542.1679935,0.03133850544691086
0,physical/steer_rmse,98,1791531569.305479,0.026169121265411377
0,physical/steer_rmse,99,1791531595.446827,0.024552442133426666
0,physical/steer_rmse,100,1791531621.4211986,0.018971331417560577
0,physical/working_roll_fraction,1,1791527863.2706213,0.03502655029296875
0,physical/working_roll_fraction,2,1791527893.854222,0.17655181884765625
0,physical/working_roll_fraction,3,1791527923.5874588,0.031856536865234375
0,physical/working_roll_fraction,4,1791527950.3664773,0.007282257080078125
0,physical/working_roll_fraction,5,1791527978.6119206,0.0
0,physical/working_roll_fraction,6,1791528004.4034972,0.0
0,physical/working_roll_fraction,7,1791528030.9675388,0.0041046142578125
0,physical/working_roll_fraction,8,1791528061.9338515,0.22186660766601562
0,physical/working_roll_fraction,9,1791528090.2402475,0.04628753662109375
0,physical/working_roll_fraction,10,1791528116.5396934,0.010341644287109375
0,physical/working_roll_fraction,11,1791528142.798535,0.0017547607421875
0,physical/working_roll_fraction,12,1791528169.3054578,0.0
0,physical/working_roll_fraction,13,1791528195.7107985,0.0
0,physical/working_roll_fraction,14,1791528225.2642622,0.19549942016601562
0,physical/working_roll_fraction,15,1791528253.578995,0.067230224609375
0,physical/working_roll_fraction,16,1791528283.3578007,0.02487945556640625
0,physical/working_roll_fraction,17,1791528309.5957222,0.00167083740234375
0,physical/working_roll_fraction,18,1791528336.4395332,0.0
0,physical/working_roll_fraction,19,1791528362.8674047,0.0
0,physical/working_roll_fraction,20,1791528393.360461,0.12279510498046875
0,physical/working_roll_fraction,21,1791528422.0030873,0.11144256591796875
0,physical/working_roll_fraction,22,1791528450.6473868,0.0206451416015625
0,physical/working_roll_fraction,23,1791528477.762564,0.0008087158203125
0,physical/working_roll_fraction,24,1791528504.8918839,0.0
0,physical/working_roll_fraction,25,1791528531.044286,0.0
0,physical/working_roll_fraction,26,1791529625.621365,0.038570404052734375
0,physical/working_roll_fraction,27,1791529654.368658,0.1730194091796875
0,physical/working_roll_fraction,28,1791529682.662627,0.032520294189453125
0,physical/working_roll_fraction,29,1791529710.708195,0.007862091064453125
0,physical/working_roll_fraction,30,1791529737.0739782,0.0
0,physical/working_roll_fraction,31,1791529763.4796822,0.0
0,physical/working_roll_fraction,32,1791529789.9078739,0.0040435791015625
0,physical/working_roll_fraction,33,1791529818.8364534,0.13089752197265625
0,physical/working_roll_fraction,34,1791529846.0234888,0.016315460205078125
0,physical/working_roll_fraction,35,1791529874.0235846,0.008052825927734375
0,physical/working_roll_fraction,36,1791529900.9688268,0.0
0,physical/working_roll_fraction,37,1791529927.8208835,0.0
0,physical/working_roll_fraction,38,1791529954.5426803,0.0
0,physical/working_roll_fraction,39,1791529982.8039565,0.12804412841796875
0,physical/working_roll_fraction,40,1791530009.7371812,0.035358428955078125
0,physical/working_roll_fraction,41,1791530037.1267877,0.007236480712890625
0,physical/working_roll_fraction,42,1791530063.8717496,0.000736236572265625
0,physical/working_roll_fraction,43,1791530090.290851,0.0
0,physical/working_roll_fraction,44,1791530116.852214,0.0
0,physical/working_roll_fraction,45,1791530145.5626624,0.09418869018554688
0,physical/working_roll_fraction,46,1791530172.8220973,0.0697784423828125
0,physical/working_roll_fraction,47,1791530201.1805425,0.013568878173828125
0,physical/working_roll_fraction,48,1791530228.5204518,0.0028076171875
0,physical/working_roll_fraction,49,1791530255.882683,0.0
0,physical/working_roll_fraction,50,1791530282.2431688,0.0
0,physical/working_roll_fraction,51,1791530309.228066,0.03514862060546875
0,physical/working_roll_fraction,52,1791530337.19563,0.1206512451171875
0,physical/working_roll_fraction,53,1791530363.611212,0.016635894775390625
0,physical/working_roll_fraction,54,1791530391.3225079,0.0044097900390625
0,physical/working_roll_fraction,55,1791530416.9536622,0.0
0,physical/working_roll_fraction,56,1791530442.778238,0.0
0,physical/working_roll_fraction,57,1791530469.1454403,0.002254486083984375
0,physical/working_roll_fraction,58,1791530495.9850264,0.13434982299804688
0,physical/working_roll_fraction,59,1791530522.8599575,0.020603179931640625
0,physical/working_roll_fraction,60,1791530549.1504807,0.003353118896484375
0,physical/working_roll_fraction,61,1791530575.0267348,0.0
0,physical/working_roll_fraction,62,1791530600.7309573,0.0
0,physical/working_roll_fraction,63,1791530627.2077937,0.0
0,physical/working_roll_fraction,64,1791530654.811699,0.09619522094726562
0,physical/working_roll_fraction,65,1791530681.9694595,0.028591156005859375
0,physical/working_roll_fraction,66,1791530708.4819071,0.00214385986328125
0,physical/working_roll_fraction,67,1791530735.2777243,0.000301361083984375
0,physical/working_roll_fraction,68,1791530761.5732448,0.0
0,physical/working_roll_fraction,69,1791530788.2900639,0.0
0,physical/working_roll_fraction,70,1791530815.3077822,0.057811737060546875
0,physical/working_roll_fraction,71,1791530842.3520322,0.031429290771484375
0,physical/working_roll_fraction,72,1791530870.4535112,0.0064849853515625
0,physical/working_roll_fraction,73,1791530897.4408255,0.000213623046875
0,physical/working_roll_fraction,74,1791530924.0384161,0.0
0,physical/working_roll_fraction,75,1791530950.9576216,0.0
0,physical/working_roll_fraction,76,1791530977.8368459,0.018993377685546875
0,physical/working_roll_fraction,77,1791531005.3098118,0.05251312255859375
0,physical/working_roll_fraction,78,1791531032.3434565,0.0083770751953125
0,physical/working_roll_fraction,79,1791531059.8652956,0.00209808349609375
0,physical/working_roll_fraction,80,1791531086.365163,0.0
0,physical/working_roll_fraction,81,1791531112.922701,0.0
0,physical/working_roll_fraction,82,1791531139.443551,0.000732421875
0,physical/working_roll_fraction,83,1791531166.974625,0.060993194580078125
0,physical/working_roll_fraction,84,1791531193.8208804,0.0110626220703125
0,physical/working_roll_fraction,85,1791531221.70746,0.0018310546875
0,physical/working_roll_fraction,86,1791531248.3538604,0.0
0,physical/working_roll_fraction,87,1791531275.102766,0.0
0,physical/working_roll_fraction,88,1791531301.6222217,0.0
0,physical/working_roll_fraction,89,1791531328.9588552,0.05585479736328125
0,physical/working_roll_fraction,90,1791531355.7661405,0.013092041015625
0,physical/working_roll_fraction,91,1791531382.940845,0.002716064453125
0,physical/working_roll_fraction,92,1791531409.0815756,0.000396728515625
0,physical/working_roll_fraction,93,1791531435.30124,0.0
0,physical/working_roll_fraction,94,1791531461.2317972,0.0
0,physical/working_roll_fraction,95,1791531488.275088,0.047573089599609375
0,physical/working_roll_fraction,96,1791531514.7182014,0.0298919677734375
0,physical/working_roll_fraction,97,1791531542.1680062,0.004131317138671875
0,physical/working_roll_fraction,98,1791531569.3054852,0.002841949462890625
0,physical/working_roll_fraction,99,1791531595.4468355,0.0
0,physical/working_roll_fraction,100,1791531621.4212346,0.0
0,ppo/accepted_epochs,1,1791527863.2700233,4.0
0,ppo/accepted_epochs,2,1791527893.853679,4.0
0,ppo/accepted_epochs,3,1791527923.5869632,4.0
0,ppo/accepted_epochs,4,1791527950.3657954,4.0
0,ppo/accepted_epochs,5,1791527978.6115272,4.0
0,ppo/accepted_epochs,6,1791528004.4030309,4.0
0,ppo/accepted_epochs,7,1791528030.96689,4.0
0,ppo/accepted_epochs,8,1791528061.9328434,4.0
0,ppo/accepted_epochs,9,1791528090.2398973,4.0
0,ppo/accepted_epochs,10,1791528116.5391486,4.0
0,ppo/accepted_epochs,11,1791528142.7980719,4.0
0,ppo/accepted_epochs,12,1791528169.3052485,4.0
0,ppo/accepted_epochs,13,1791528195.7104578,4.0
0,ppo/accepted_epochs,14,1791528225.263951,4.0
0,ppo/accepted_epochs,15,1791528253.5787165,4.0
0,ppo/accepted_epochs,16,1791528283.35724,4.0
0,ppo/accepted_epochs,17,1791528309.5955343,4.0
0,ppo/accepted_epochs,18,1791528336.4392617,4.0
0,ppo/accepted_epochs,19,1791528362.8671808,4.0
0,ppo/accepted_epochs,20,1791528393.3599403,4.0
0,ppo/accepted_epochs,21,1791528422.002814,4.0
0,ppo/accepted_epochs,22,1791528450.6469827,4.0
0,ppo/accepted_epochs,23,1791528477.7621841,4.0
0,ppo/accepted_epochs,24,1791528504.8914464,4.0
0,ppo/accepted_epochs,25,1791528531.0438108,4.0
0,ppo/accepted_epochs,26,1791529625.621035,4.0
0,ppo/accepted_epochs,27,1791529654.3684442,4.0
0,ppo/accepted_epochs,28,1791529682.6623538,4.0
0,ppo/accepted_epochs,29,1791529710.7075658,4.0
0,ppo/accepted_epochs,30,1791529737.0732205,4.0
0,ppo/accepted_epochs,31,1791529763.4794073,4.0
0,ppo/accepted_epochs,32,1791529789.9076207,4.0
0,ppo/accepted_epochs,33,1791529818.8360062,4.0
0,ppo/accepted_epochs,34,1791529846.0230803,4.0
0,ppo/accepted_epochs,35,1791529874.0231113,4.0
0,ppo/accepted_epochs,36,1791529900.9681776,4.0
0,ppo/accepted_epochs,37,1791529927.8205414,4.0
0,ppo/accepted_epochs,38,1791529954.5421495,4.0
0,ppo/accepted_epochs,39,1791529982.8034995,4.0
0,ppo/accepted_epochs,40,1791530009.7368476,4.0
0,ppo/accepted_epochs,41,1791530037.1263897,4.0
0,ppo/accepted_epochs,42,1791530063.8714314,4.0
0,ppo/accepted_epochs,43,1791530090.2904727,4.0
0,ppo/accepted_epochs,44,1791530116.851881,4.0
0,ppo/accepted_epochs,45,1791530145.5621042,4.0
0,ppo/accepted_epochs,46,1791530172.8215277,4.0
0,ppo/accepted_epochs,47,1791530201.179994,4.0
0,ppo/accepted_epochs,48,1791530228.5199742,4.0
0,ppo/accepted_epochs,49,1791530255.882397,4.0
0,ppo/accepted_epochs,50,1791530282.242965,4.0
0,ppo/accepted_epochs,51,1791530309.2279031,4.0
0,ppo/accepted_epochs,52,1791530337.1953287,4.0
0,ppo/accepted_epochs,53,1791530363.6110284,4.0
0,ppo/accepted_epochs,54,1791530391.322234,4.0
0,ppo/accepted_epochs,55,1791530416.9533758,4.0
0,ppo/accepted_epochs,56,1791530442.6878545,4.0
0,ppo/accepted_epochs,57,1791530469.1452067,4.0
0,ppo/accepted_epochs,58,1791530495.9848278,4.0
0,ppo/accepted_epochs,59,1791530522.8597362,4.0
0,ppo/accepted_epochs,60,1791530549.150202,4.0
0,ppo/accepted_epochs,61,1791530575.0265524,4.0
0,ppo/accepted_epochs,62,1791530600.7307038,4.0
0,ppo/accepted_epochs,63,1791530627.2074685,4.0
0,ppo/accepted_epochs,64,1791530654.8113847,4.0
0,ppo/accepted_epochs,65,1791530681.9691772,4.0
0,ppo/accepted_epochs,66,1791530708.4817302,4.0
0,ppo/accepted_epochs,67,1791530735.2774186,4.0
0,ppo/accepted_epochs,68,1791530761.5729399,4.0
0,ppo/accepted_epochs,69,1791530788.289738,1.0
0,ppo/accepted_epochs,70,1791530815.3075805,4.0
0,ppo/accepted_epochs,71,1791530842.3516967,4.0
0,ppo/accepted_epochs,72,1791530870.4533055,4.0
0,ppo/accepted_epochs,73,1791530897.4405937,4.0
0,ppo/accepted_epochs,74,1791530924.038139,4.0
0,ppo/accepted_epochs,75,1791530950.9573739,4.0
0,ppo/accepted_epochs,76,1791530977.8365638,4.0
0,ppo/accepted_epochs,77,1791531005.3094914,4.0
0,ppo/accepted_epochs,78,1791531032.3432817,4.0
0,ppo/accepted_epochs,79,1791531059.8650274,4.0
0,ppo/accepted_epochs,80,1791531086.3649461,4.0
0,ppo/accepted_epochs,81,1791531112.9223306,4.0
0,ppo/accepted_epochs,82,1791531139.44326,4.0
0,ppo/accepted_epochs,83,1791531166.9743032,4.0
0,ppo/accepted_epochs,84,1791531193.8205743,4.0
0,ppo/accepted_epochs,85,1791531221.7072737,4.0
0,ppo/accepted_epochs,86,1791531248.3536596,4.0
0,ppo/accepted_epochs,87,1791531275.1024776,4.0
0,ppo/accepted_epochs,88,1791531301.621959,4.0
0,ppo/accepted_epochs,89,1791531328.9585745,4.0
0,ppo/accepted_epochs,90,1791531355.765854,4.0
0,ppo/accepted_epochs,91,1791531382.9406078,4.0
0,ppo/accepted_epochs,92,1791531409.0812912,4.0
0,ppo/accepted_epochs,93,1791531435.3009062,4.0
0,ppo/accepted_epochs,94,1791531461.2315128,4.0
0,ppo/accepted_epochs,95,1791531488.2745438,4.0
0,ppo/accepted_epochs,96,1791531514.717819,4.0
0,ppo/accepted_epochs,97,1791531542.1673667,4.0
0,ppo/accepted_epochs,98,1791531569.3053071,4.0
0,ppo/accepted_epochs,99,1791531595.4465175,4.0
0,ppo/accepted_epochs,100,1791531621.4210103,4.0
0,ppo/accepted_minibatches,1,1791527863.2703068,16.0
0,ppo/accepted_minibatches,2,1791527893.8536878,16.0
0,ppo/accepted_minibatches,3,1791527923.5869765,16.0
0,ppo/accepted_minibatches,4,1791527950.3658028,16.0
0,ppo/accepted_minibatches,5,1791527978.6115348,16.0
0,ppo/accepted_minibatches,6,1791528004.4030974,16.0
0,ppo/accepted_minibatches,7,1791528030.9670508,16.0
0,ppo/accepted_minibatches,8,1791528061.9330018,16.0
0,ppo/accepted_minibatches,9,1791528090.2399442,16.0
0,ppo/accepted_minibatches,10,1791528116.539156,16.0
0,ppo/accepted_minibatches,11,1791528142.7980788,16.0
0,ppo/accepted_minibatches,12,1791528169.305256,16.0
0,ppo/accepted_minibatches,13,1791528195.7106104,16.0
0,ppo/accepted_minibatches,14,1791528225.2639968,16.0
0,ppo/accepted_minibatches,15,1791528253.5787237,16.0
0,ppo/accepted_minibatches,16,1791528283.3573277,16.0
0,ppo/accepted_minibatches,17,1791528309.5955417,16.0
0,ppo/accepted_minibatches,18,1791528336.4392986,16.0
0,ppo/accepted_minibatches,19,1791528362.867188,16.0
0,ppo/accepted_minibatches,20,1791528393.3601098,16.0
0,ppo/accepted_minibatches,21,1791528422.002821,16.0
0,ppo/accepted_minibatches,22,1791528450.6471517,16.0
0,ppo/accepted_minibatches,23,1791528477.7623537,16.0
0,ppo/accepted_minibatches,24,1791528504.8914826,16.0
0,ppo/accepted_minibatches,25,1791528531.0438182,16.0
0,ppo/accepted_minibatches,26,1791529625.6210825,16.0
0,ppo/accepted_minibatches,27,1791529654.3684516,16.0
0,ppo/accepted_minibatches,28,1791529682.662484,16.0
0,ppo/accepted_minibatches,29,1791529710.7077184,16.0
0,ppo/accepted_minibatches,30,1791529737.073374,16.0
0,ppo/accepted_minibatches,31,1791529763.4794445,16.0
0,ppo/accepted_minibatches,32,1791529789.9076283,16.0
0,ppo/accepted_minibatches,33,1791529818.8360202,16.0
0,ppo/accepted_minibatches,34,1791529846.023088,16.0
0,ppo/accepted_minibatches,35,1791529874.0231624,16.0
0,ppo/accepted_minibatches,36,1791529900.9683142,16.0
0,ppo/accepted_minibatches,37,1791529927.8205507,16.0
0,ppo/accepted_minibatches,38,1791529954.5421567,16.0
0,ppo/accepted_minibatches,39,1791529982.8037407,16.0
0,ppo/accepted_minibatches,40,1791530009.7368546,16.0
0,ppo/accepted_minibatches,41,1791530037.126575,16.0
0,ppo/accepted_minibatches,42,1791530063.871467,16.0
0,ppo/accepted_minibatches,43,1791530090.2905104,16.0
0,ppo/accepted_minibatches,44,1791530116.8518894,16.0
0,ppo/accepted_minibatches,45,1791530145.562252,16.0
0,ppo/accepted_minibatches,46,1791530172.8215423,16.0
0,ppo/accepted_minibatches,47,1791530201.1800015,16.0
0,ppo/accepted_minibatches,48,1791530228.5200493,16.0
0,ppo/accepted_minibatches,49,1791530255.8824377,16.0
0,ppo/accepted_minibatches,50,1791530282.2429721,16.0
0,ppo/accepted_minibatches,51,1791530309.2279124,16.0
0,ppo/accepted_minibatches,52,1791530337.1953359,16.0
0,ppo/accepted_minibatches,53,1791530363.611036,16.0
0,ppo/accepted_minibatches,54,1791530391.3222682,16.0
0,ppo/accepted_minibatches,55,1791530416.9534137,16.0
0,ppo/accepted_minibatches,56,1791530442.687862,16.0
0,ppo/accepted_minibatches,57,1791530469.1452143,16.0
0,ppo/accepted_minibatches,58,1791530495.9848351,16.0
0,ppo/accepted_minibatches,59,1791530522.8597438,16.0
0,ppo/accepted_minibatches,60,1791530549.1502402,16.0
0,ppo/accepted_minibatches,61,1791530575.0265603,16.0
0,ppo/accepted_minibatches,62,1791530600.7307117,16.0
0,ppo/accepted_minibatches,63,1791530627.2075136,16.0
0,ppo/accepted_minibatches,64,1791530654.811392,16.0
0,ppo/accepted_minibatches,65,1791530681.9692154,16.0
0,ppo/accepted_minibatches,66,1791530708.4817374,16.0
0,ppo/accepted_minibatches,67,1791530735.2774434,16.0
0,ppo/accepted_minibatches,68,1791530761.572993,16.0
0,ppo/accepted_minibatches,69,1791530788.2897449,4.0
0,ppo/accepted_minibatches,70,1791530815.3075876,16.0
0,ppo/accepted_minibatches,71,1791530842.3517303,16.0
0,ppo/accepted_minibatches,72,1791530870.453313,16.0
0,ppo/accepted_minibatches,73,1791530897.4406013,16.0
0,ppo/accepted_minibatches,74,1791530924.0381768,16.0
0,ppo/accepted_minibatches,75,1791530950.957381,16.0
0,ppo/accepted_minibatches,76,1791530977.8366091,16.0
0,ppo/accepted_minibatches,77,1791531005.309643,16.0
0,ppo/accepted_minibatches,78,1791531032.3432894,16.0
0,ppo/accepted_minibatches,79,1791531059.8650348,16.0
0,ppo/accepted_minibatches,80,1791531086.3649535,16.0
0,ppo/accepted_minibatches,81,1791531112.9223657,16.0
0,ppo/accepted_minibatches,82,1791531139.4432976,16.0
0,ppo/accepted_minibatches,83,1791531166.9743104,16.0
0,ppo/accepted_minibatches,84,1791531193.8206193,16.0
0,ppo/accepted_minibatches,85,1791531221.7072809,16.0
0,ppo/accepted_minibatches,86,1791531248.353667,16.0
0,ppo/accepted_minibatches,87,1791531275.102517,16.0
0,ppo/accepted_minibatches,88,1791531301.6219668,16.0
0,ppo/accepted_minibatches,89,1791531328.9586053,16.0
0,ppo/accepted_minibatches,90,1791531355.7658925,16.0
0,ppo/accepted_minibatches,91,1791531382.9406154,16.0
0,ppo/accepted_minibatches,92,1791531409.0813286,16.0
0,ppo/accepted_minibatches,93,1791531435.3009138,16.0
0,ppo/accepted_minibatches,94,1791531461.2315514,16.0
0,ppo/accepted_minibatches,95,1791531488.274794,16.0
0,ppo/accepted_minibatches,96,1791531514.7179594,16.0
0,ppo/accepted_minibatches,97,1791531542.1673741,16.0
0,ppo/accepted_minibatches,98,1791531569.3053145,16.0
0,ppo/accepted_minibatches,99,1791531595.4465253,16.0
0,ppo/accepted_minibatches,100,1791531621.4210176,16.0
0,ppo/actor_grad_norm,1,1791527863.2695293,0.3696739375591278
0,ppo/actor_grad_norm,2,1791527893.8532186,0.533020555973053
0,ppo/actor_grad_norm,3,1791527923.5863853,0.6132805347442627
0,ppo/actor_grad_norm,4,1791527950.3654618,0.5750493407249451
0,ppo/actor_grad_norm,5,1791527978.6109562,0.533970057964325
0,ppo/actor_grad_norm,6,1791528004.4027243,0.3893583118915558
0,ppo/actor_grad_norm,7,1791528030.9663548,0.5081969499588013
0,ppo/actor_grad_norm,8,1791528061.9325497,0.7520081400871277
0,ppo/actor_grad_norm,9,1791528090.2396927,0.39214497804641724
0,ppo/actor_grad_norm,10,1791528116.5388918,0.4777134954929352
0,ppo/actor_grad_norm,11,1791528142.7977881,0.42370283603668213
0,ppo/actor_grad_norm,12,1791528169.3049476,0.5052483677864075
0,ppo/actor_grad_norm,13,1791528195.7102737,0.83465576171875
0,ppo/actor_grad_norm,14,1791528225.2637327,0.5748275518417358
0,ppo/actor_grad_norm,15,1791528253.5784914,0.4379905164241791
0,ppo/actor_grad_norm,16,1791528283.3569307,0.337074875831604
0,ppo/actor_grad_norm,17,1791528309.5952294,0.5129287242889404
0,ppo/actor_grad_norm,18,1791528336.4390612,0.6073634028434753
0,ppo/actor_grad_norm,19,1791528362.8669932,0.5605401396751404
0,ppo/actor_grad_norm,20,1791528393.359526,0.4344932436943054
0,ppo/actor_grad_norm,21,1791528422.0025241,0.5951982140541077
0,ppo/actor_grad_norm,22,1791528450.6466002,0.3674265146255493
0,ppo/actor_grad_norm,23,1791528477.7620087,0.5749883651733398
0,ppo/actor_grad_norm,24,1791528504.8912325,0.8005343675613403
0,ppo/actor_grad_norm,25,1791528531.0436044,0.7442008256912231
0,ppo/actor_grad_norm,26,1791529625.6203132,0.42789867520332336
0,ppo/actor_grad_norm,27,1791529654.3682506,0.6240715384483337
0,ppo/actor_grad_norm,28,1791529682.6619604,0.4472085237503052
0,ppo/actor_grad_norm,29,1791529710.7070644,0.6248301863670349
0,ppo/actor_grad_norm,30,1791529737.072907,0.42824774980545044
0,ppo/actor_grad_norm,31,1791529763.4792583,0.8611752390861511
0,ppo/actor_grad_norm,32,1791529789.907443,0.38919156789779663
0,ppo/actor_grad_norm,33,1791529818.8356056,0.8721837401390076
0,ppo/actor_grad_norm,34,1791529846.022576,0.4515727758407593
0,ppo/actor_grad_norm,35,1791529874.0228302,0.8037869334220886
0,ppo/actor_grad_norm,36,1791529900.9679327,0.411050945520401
0,ppo/actor_grad_norm,37,1791529927.820241,0.4430197477340698
0,ppo/actor_grad_norm,38,1791529954.5418513,0.40120378136634827
0,ppo/actor_grad_norm,39,1791529982.8032138,0.6962131857872009
0,ppo/actor_grad_norm,40,1791530009.7365885,0.6512475609779358
0,ppo/actor_grad_norm,41,1791530037.1261256,0.5291871428489685
0,ppo/actor_grad_norm,42,1791530063.8712282,0.9671184420585632
0,ppo/actor_grad_norm,43,1791530090.2902741,0.9581122994422913
0,ppo/actor_grad_norm,44,1791530116.851512,0.530646026134491
0,ppo/actor_grad_norm,45,1791530145.5617654,0.7111137509346008
0,ppo/actor_grad_norm,46,1791530172.8209984,0.47441449761390686
0,ppo/actor_grad_norm,47,1791530201.1796498,0.402297705411911
0,ppo/actor_grad_norm,48,1791530228.519632,0.8100952506065369
0,ppo/actor_grad_norm,49,1791530255.8822393,0.7110564708709717
0,ppo/actor_grad_norm,50,1791530282.2426736,0.5750117301940918
0,ppo/actor_grad_norm,51,1791530309.2275722,0.45223328471183777
0,ppo/actor_grad_norm,52,1791530337.1951191,0.9210965633392334
0,ppo/actor_grad_norm,53,1791530363.6089861,0.43087077140808105
0,ppo/actor_grad_norm,54,1791530391.3220565,0.5744376182556152
0,ppo/actor_grad_norm,55,1791530416.9531562,0.7883567214012146
0,ppo/actor_grad_norm,56,1791530442.6875398,0.45186662673950195
0,ppo/actor_grad_norm,57,1791530469.1450078,0.5176185369491577
0,ppo/actor_grad_norm,58,1791530495.98455,0.5827114582061768
0,ppo/actor_grad_norm,59,1791530522.8595452,0.5380460619926453
0,ppo/actor_grad_norm,60,1791530549.149981,0.5098145008087158
0,ppo/actor_grad_norm,61,1791530575.0262935,1.4694123268127441
0,ppo/actor_grad_norm,62,1791530600.7305067,0.6445679664611816
0,ppo/actor_grad_norm,63,1791530627.2072277,0.5107682943344116
0,ppo/actor_grad_norm,64,1791530654.811191,0.7929439544677734
0,ppo/actor_grad_norm,65,1791530681.968965,0.4849151372909546
0,ppo/actor_grad_norm,66,1791530708.4814937,0.5325332283973694
0,ppo/actor_grad_norm,67,1791530735.2772021,1.0058397054672241
0,ppo/actor_grad_norm,68,1791530761.5727155,1.1976165771484375
0,ppo/actor_grad_norm,69,1791530788.2895527,1.4486119747161865
0,ppo/actor_grad_norm,70,1791530815.3073099,0.8150340914726257
0,ppo/actor_grad_norm,71,1791530842.3515213,0.6712291240692139
0,ppo/actor_grad_norm,72,1791530870.4529831,0.4412621855735779
0,ppo/actor_grad_norm,73,1791530897.4403386,0.8645250201225281
0,ppo/actor_grad_norm,74,1791530924.0379384,0.5847806334495544
0,ppo/actor_grad_norm,75,1791530950.9571698,0.5230463743209839
0,ppo/actor_grad_norm,76,1791530977.836364,0.6039392352104187
0,ppo/actor_grad_norm,77,1791531005.3092697,1.6475412845611572
0,ppo/actor_grad_norm,78,1791531032.3428597,0.5326567888259888
0,ppo/actor_grad_norm,79,1791531059.8648202,0.5754261612892151
0,ppo/actor_grad_norm,80,1791531086.3646424,0.9610836505889893
0,ppo/actor_grad_norm,81,1791531112.9221256,0.6487439870834351
0,ppo/actor_grad_norm,82,1791531139.4430518,0.38074371218681335
0,ppo/actor_grad_norm,83,1791531166.9740982,0.67937833070755
0,ppo/actor_grad_norm,84,1791531193.820371,0.6290018558502197
0,ppo/actor_grad_norm,85,1791531221.707009,0.5877948999404907
0,ppo/actor_grad_norm,86,1791531248.3533673,0.8116356134414673
0,ppo/actor_grad_norm,87,1791531275.1023052,0.5012113451957703
0,ppo/actor_grad_norm,88,1791531301.6217108,0.5666585564613342
0,ppo/actor_grad_norm,89,1791531328.9583805,0.7522178292274475
0,ppo/actor_grad_norm,90,1791531355.7656412,0.7650133371353149
0,ppo/actor_grad_norm,91,1791531382.9403968,0.8663486242294312
0,ppo/actor_grad_norm,92,1791531409.081098,0.5452672839164734
0,ppo/actor_grad_norm,93,1791531435.3007069,0.47949516773223877
0,ppo/actor_grad_norm,94,1791531461.2312894,0.5761935114860535
0,ppo/actor_grad_norm,95,1791531488.2741706,0.5900253057479858
0,ppo/actor_grad_norm,96,1791531514.7174165,1.0235248804092407
0,ppo/actor_grad_norm,97,1791531542.1671498,0.7521058320999146
0,ppo/actor_grad_norm,98,1791531569.3047938,0.8913871645927429
0,ppo/actor_grad_norm,99,1791531595.446305,0.7932853102684021
0,ppo/actor_grad_norm,100,1791531621.4207344,0.5397519469261169
0,ppo/actor_grad_norm_preclip,1,1791527863.2695434,0.3696739375591278
0,ppo/actor_grad_norm_preclip,2,1791527893.8532538,0.533020555973053
0,ppo/actor_grad_norm_preclip,3,1791527923.5864193,0.6132805347442627
0,ppo/actor_grad_norm_preclip,4,1791527950.3654754,0.5750493407249451
0,ppo/actor_grad_norm_preclip,5,1791527978.6109698,0.533970057964325
0,ppo/actor_grad_norm_preclip,6,1791528004.4027379,0.3893583118915558
0,ppo/actor_grad_norm_preclip,7,1791528030.9663687,0.5081969499588013
0,ppo/actor_grad_norm_preclip,8,1791528061.9325635,0.7520081400871277
0,ppo/actor_grad_norm_preclip,9,1791528090.2397065,0.39214497804641724
0,ppo/actor_grad_norm_preclip,10,1791528116.538912,0.4777134954929352
0,ppo/actor_grad_norm_preclip,11,1791528142.7978015,0.42370283603668213
0,ppo/actor_grad_norm_preclip,12,1791528169.304961,0.5052483677864075
0,ppo/actor_grad_norm_preclip,13,1791528195.7102945,0.83465576171875
0,ppo/actor_grad_norm_preclip,14,1791528225.26375,0.5748275518417358
0,ppo/actor_grad_norm_preclip,15,1791528253.5785055,0.4379905164241791
0,ppo/actor_grad_norm_preclip,16,1791528283.3569443,0.337074875831604
0,ppo/actor_grad_norm_preclip,17,1791528309.5952451,0.5129287242889404
0,ppo/actor_grad_norm_preclip,18,1791528336.4390752,0.6073634028434753
0,ppo/actor_grad_norm_preclip,19,1791528362.867007,0.5605401396751404
0,ppo/actor_grad_norm_preclip,20,1791528393.359539,0.4344932436943054
0,ppo/actor_grad_norm_preclip,21,1791528422.0025465,0.5951982140541077
0,ppo/actor_grad_norm_preclip,22,1791528450.646618,0.3674265146255493
0,ppo/actor_grad_norm_preclip,23,1791528477.7620223,0.5749883651733398
0,ppo/actor_grad_norm_preclip,24,1791528504.8912466,0.8005343675613403
0,ppo/actor_grad_norm_preclip,25,1791528531.0436187,0.7442008256912231
0,ppo/actor_grad_norm_preclip,26,1791529625.6203349,0.42789867520332336
0,ppo/actor_grad_norm_preclip,27,1791529654.3682644,0.6240715384483337
0,ppo/actor_grad_norm_preclip,28,1791529682.6619809,0.4472085237503052
0,ppo/actor_grad_norm_preclip,29,1791529710.7070851,0.6248301863670349
0,ppo/actor_grad_norm_preclip,30,1791529737.0729208,0.42824774980545044
0,ppo/actor_grad_norm_preclip,31,1791529763.4792721,0.8611752390861511
0,ppo/actor_grad_norm_preclip,32,1791529789.9074576,0.38919156789779663
0,ppo/actor_grad_norm_preclip,33,1791529818.8356276,0.8721837401390076
0,ppo/actor_grad_norm_preclip,34,1791529846.0225902,0.4515727758407593
0,ppo/actor_grad_norm_preclip,35,1791529874.0228443,0.8037869334220886
0,ppo/actor_grad_norm_preclip,36,1791529900.967947,0.411050945520401
0,ppo/actor_grad_norm_preclip,37,1791529927.8202553,0.4430197477340698
0,ppo/actor_grad_norm_preclip,38,1791529954.541877,0.40120378136634827
0,ppo/actor_grad_norm_preclip,39,1791529982.8032393,0.6962131857872009
0,ppo/actor_grad_norm_preclip,40,1791530009.7366045,0.6512475609779358
0,ppo/actor_grad_norm_preclip,41,1791530037.12614,0.5291871428489685
0,ppo/actor_grad_norm_preclip,42,1791530063.8712473,0.9671184420585632
0,ppo/actor_grad_norm_preclip,43,1791530090.2902882,0.9581122994422913
0,ppo/actor_grad_norm_preclip,44,1791530116.8515258,0.530646026134491
0,ppo/actor_grad_norm_preclip,45,1791530145.5617845,0.7111137509346008
0,ppo/actor_grad_norm_preclip,46,1791530172.8210123,0.47441449761390686
0,ppo/actor_grad_norm_preclip,47,1791530201.1796637,0.402297705411911
0,ppo/actor_grad_norm_preclip,48,1791530228.5196462,0.8100952506065369
0,ppo/actor_grad_norm_preclip,49,1791530255.8822527,0.7110564708709717
0,ppo/actor_grad_norm_preclip,50,1791530282.2426872,0.5750117301940918
0,ppo/actor_grad_norm_preclip,51,1791530309.227586,0.45223328471183777
0,ppo/actor_grad_norm_preclip,52,1791530337.1951327,0.9210965633392334
0,ppo/actor_grad_norm_preclip,53,1791530363.6089997,0.43087077140808105
0,ppo/actor_grad_norm_preclip,54,1791530391.3220704,0.5744376182556152
0,ppo/actor_grad_norm_preclip,55,1791530416.9531698,0.7883567214012146
0,ppo/actor_grad_norm_preclip,56,1791530442.6875548,0.45186662673950195
0,ppo/actor_grad_norm_preclip,57,1791530469.1450222,0.5176185369491577
0,ppo/actor_grad_norm_preclip,58,1791530495.9845638,0.5827114582061768
0,ppo/actor_grad_norm_preclip,59,1791530522.859559,0.5380460619926453
0,ppo/actor_grad_norm_preclip,60,1791530549.149995,0.5098145008087158
0,ppo/actor_grad_norm_preclip,61,1791530575.026307,1.4694123268127441
0,ppo/actor_grad_norm_preclip,62,1791530600.7305214,0.6445679664611816
0,ppo/actor_grad_norm_preclip,63,1791530627.2072506,0.5107682943344116
0,ppo/actor_grad_norm_preclip,64,1791530654.8112054,0.7929439544677734
0,ppo/actor_grad_norm_preclip,65,1791530681.9689791,0.4849151372909546
0,ppo/actor_grad_norm_preclip,66,1791530708.4815085,0.5325332283973694
0,ppo/actor_grad_norm_preclip,67,1791530735.2772157,1.0058397054672241
0,ppo/actor_grad_norm_preclip,68,1791530761.572729,1.1976165771484375
0,ppo/actor_grad_norm_preclip,69,1791530788.28957,1.4486119747161865
0,ppo/actor_grad_norm_preclip,70,1791530815.3073237,0.8150340914726257
0,ppo/actor_grad_norm_preclip,71,1791530842.3515358,0.6712291240692139
0,ppo/actor_grad_norm_preclip,72,1791530870.4529977,0.4412621855735779
0,ppo/actor_grad_norm_preclip,73,1791530897.4403536,0.8645250201225281
0,ppo/actor_grad_norm_preclip,74,1791530924.0379524,0.5847806334495544
0,ppo/actor_grad_norm_preclip,75,1791530950.957184,0.5230463743209839
0,ppo/actor_grad_norm_preclip,76,1791530977.8363779,0.6039392352104187
0,ppo/actor_grad_norm_preclip,77,1791531005.3092833,1.6475412845611572
0,ppo/actor_grad_norm_preclip,78,1791531032.3428743,0.5326567888259888
0,ppo/actor_grad_norm_preclip,79,1791531059.8648345,0.5754261612892151
0,ppo/actor_grad_norm_preclip,80,1791531086.3646564,0.9610836505889893
0,ppo/actor_grad_norm_preclip,81,1791531112.92214,0.6487439870834351
0,ppo/actor_grad_norm_preclip,82,1791531139.4430654,0.38074371218681335
0,ppo/actor_grad_norm_preclip,83,1791531166.9741123,0.67937833070755
0,ppo/actor_grad_norm_preclip,84,1791531193.8203855,0.6290018558502197
0,ppo/actor_grad_norm_preclip,85,1791531221.707023,0.5877948999404907
0,ppo/actor_grad_norm_preclip,86,1791531248.353382,0.8116356134414673
0,ppo/actor_grad_norm_preclip,87,1791531275.1023202,0.5012113451957703
0,ppo/actor_grad_norm_preclip,88,1791531301.621725,0.5666585564613342
0,ppo/actor_grad_norm_preclip,89,1791531328.9583955,0.7522178292274475
0,ppo/actor_grad_norm_preclip,90,1791531355.7656553,0.7650133371353149
0,ppo/actor_grad_norm_preclip,91,1791531382.940411,0.8663486242294312
0,ppo/actor_grad_norm_preclip,92,1791531409.0811121,0.5452672839164734
0,ppo/actor_grad_norm_preclip,93,1791531435.3007207,0.47949516773223877
0,ppo/actor_grad_norm_preclip,94,1791531461.231303,0.5761935114860535
0,ppo/actor_grad_norm_preclip,95,1791531488.2741945,0.5900253057479858
0,ppo/actor_grad_norm_preclip,96,1791531514.7174308,1.0235248804092407
0,ppo/actor_grad_norm_preclip,97,1791531542.167164,0.7521058320999146
0,ppo/actor_grad_norm_preclip,98,1791531569.304808,0.8913871645927429
0,ppo/actor_grad_norm_preclip,99,1791531595.446319,0.7932853102684021
0,ppo/actor_grad_norm_preclip,100,1791531621.420748,0.5397519469261169
0,ppo/actor_lr,1,1791527863.2703416,9.999999747378752e-05
0,ppo/actor_lr,2,1791527893.8539758,9.999999747378752e-05
0,ppo/actor_lr,3,1791527923.5871584,9.999999747378752e-05
0,ppo/actor_lr,4,1791527950.3660572,9.999999747378752e-05
0,ppo/actor_lr,5,1791527978.6115534,9.999999747378752e-05
0,ppo/actor_lr,6,1791528004.4032521,9.999999747378752e-05
0,ppo/actor_lr,7,1791528030.9673107,9.999999747378752e-05
0,ppo/actor_lr,8,1791528061.9333625,9.999999747378752e-05
0,ppo/actor_lr,9,1791528090.2400615,9.999999747378752e-05
0,ppo/actor_lr,10,1791528116.5393238,9.999999747378752e-05
0,ppo/actor_lr,11,1791528142.798243,9.999999747378752e-05
0,ppo/actor_lr,12,1791528169.3053124,9.999999747378752e-05
0,ppo/actor_lr,13,1791528195.710638,9.999999747378752e-05
0,ppo/actor_lr,14,1791528225.2641017,9.999999747378752e-05
0,ppo/actor_lr,15,1791528253.5789635,9.999999747378752e-05
0,ppo/actor_lr,16,1791528283.3575463,9.999999747378752e-05
0,ppo/actor_lr,17,1791528309.5956843,9.999999747378752e-05
0,ppo/actor_lr,18,1791528336.4393919,9.999999747378752e-05
0,ppo/actor_lr,19,1791528362.8672636,9.999999747378752e-05
0,ppo/actor_lr,20,1791528393.3602858,9.999999747378752e-05
0,ppo/actor_lr,21,1791528422.0029752,9.999999747378752e-05
0,ppo/actor_lr,22,1791528450.647197,9.999999747378752e-05
0,ppo/actor_lr,23,1791528477.7623827,9.999999747378752e-05
0,ppo/actor_lr,24,1791528504.8916776,9.999999747378752e-05
0,ppo/actor_lr,25,1791528531.0440915,9.999999747378752e-05
0,ppo/actor_lr,26,1791529625.6211958,9.999999747378752e-05
0,ppo/actor_lr,27,1791529654.368602,9.999999747378752e-05
0,ppo/actor_lr,28,1791529682.6625063,9.999999747378752e-05
0,ppo/actor_lr,29,1791529710.707954,9.999999747378752e-05
0,ppo/actor_lr,30,1791529737.0736914,9.999999747378752e-05
0,ppo/actor_lr,31,1791529763.479535,9.999999747378752e-05
0,ppo/actor_lr,32,1791529789.907792,9.999999747378752e-05
0,ppo/actor_lr,33,1791529818.8364182,9.999999747378752e-05
0,ppo/actor_lr,34,1791529846.0231118,9.999999747378752e-05
0,ppo/actor_lr,35,1791529874.023403,9.999999747378752e-05
0,ppo/actor_lr,36,1791529900.9685917,9.999999747378752e-05
0,ppo/actor_lr,37,1791529927.8207095,9.999999747378752e-05
0,ppo/actor_lr,38,1791529954.5423868,9.999999747378752e-05
0,ppo/actor_lr,39,1791529982.8037634,9.999999747378752e-05
0,ppo/actor_lr,40,1791530009.7369974,9.999999747378752e-05
0,ppo/actor_lr,41,1791530037.1267142,9.999999747378752e-05
0,ppo/actor_lr,42,1791530063.8715565,9.999999747378752e-05
0,ppo/actor_lr,43,1791530090.2906046,9.999999747378752e-05
0,ppo/actor_lr,44,1791530116.8520248,9.999999747378752e-05
0,ppo/actor_lr,45,1791530145.5624135,9.999999747378752e-05
0,ppo/actor_lr,46,1791530172.8218405,9.999999747378752e-05
0,ppo/actor_lr,47,1791530201.180182,9.999999747378752e-05
0,ppo/actor_lr,48,1791530228.5202067,9.999999747378752e-05
0,ppo/actor_lr,49,1791530255.8825314,9.999999747378752e-05
0,ppo/actor_lr,50,1791530282.2431328,9.999999747378752e-05
0,ppo/actor_lr,51,1791530309.227932,9.999999747378752e-05
0,ppo/actor_lr,52,1791530337.1954453,9.999999747378752e-05
0,ppo/actor_lr,53,1791530363.6110547,9.999999747378752e-05
0,ppo/actor_lr,54,1791530391.3223596,9.999999747378752e-05
0,ppo/actor_lr,55,1791530416.953508,9.999999747378752e-05
0,ppo/actor_lr,56,1791530442.7781045,9.999999747378752e-05
0,ppo/actor_lr,57,1791530469.14541,9.999999747378752e-05
0,ppo/actor_lr,58,1791530495.9848723,9.999999747378752e-05
0,ppo/actor_lr,59,1791530522.8599143,9.999999747378752e-05
0,ppo/actor_lr,60,1791530549.1503334,9.999999747378752e-05
0,ppo/actor_lr,61,1791530575.0266995,9.999999747378752e-05
0,ppo/actor_lr,62,1791530600.7308123,9.999999747378752e-05
0,ppo/actor_lr,63,1791530627.207623,9.999999747378752e-05
0,ppo/actor_lr,64,1791530654.8115478,9.999999747378752e-05
0,ppo/actor_lr,65,1791530681.969309,9.999999747378752e-05
0,ppo/actor_lr,66,1791530708.4818718,9.999999747378752e-05
0,ppo/actor_lr,67,1791530735.2775562,9.999999747378752e-05
0,ppo/actor_lr,68,1791530761.5730753,9.999999747378752e-05
0,ppo/actor_lr,69,1791530788.289921,9.999999747378752e-05
0,ppo/actor_lr,70,1791530815.3076332,9.999999747378752e-05
0,ppo/actor_lr,71,1791530842.3518677,9.999999747378752e-05
0,ppo/actor_lr,72,1791530870.453475,9.999999747378752e-05
0,ppo/actor_lr,73,1791530897.440647,9.999999747378752e-05
0,ppo/actor_lr,74,1791530924.0382698,9.999999747378752e-05
0,ppo/actor_lr,75,1791530950.9575322,9.999999747378752e-05
0,ppo/actor_lr,76,1791530977.8367004,9.999999747378752e-05
0,ppo/actor_lr,77,1791531005.3096712,9.999999747378752e-05
0,ppo/actor_lr,78,1791531032.3433077,9.999999747378752e-05
0,ppo/actor_lr,79,1791531059.8652017,9.999999747378752e-05
0,ppo/actor_lr,80,1791531086.365016,9.999999747378752e-05
0,ppo/actor_lr,81,1791531112.9224966,9.999999747378752e-05
0,ppo/actor_lr,82,1791531139.443392,9.999999747378752e-05
0,ppo/actor_lr,83,1791531166.9745886,9.999999747378752e-05
0,ppo/actor_lr,84,1791531193.82073,9.999999747378752e-05
0,ppo/actor_lr,85,1791531221.7074237,9.999999747378752e-05
0,ppo/actor_lr,86,1791531248.3538234,9.999999747378752e-05
0,ppo/actor_lr,87,1791531275.1026156,9.999999747378752e-05
0,ppo/actor_lr,88,1791531301.6220722,9.999999747378752e-05
0,ppo/actor_lr,89,1791531328.9587626,9.999999747378752e-05
0,ppo/actor_lr,90,1791531355.765986,9.999999747378752e-05
0,ppo/actor_lr,91,1791531382.940695,9.999999747378752e-05
0,ppo/actor_lr,92,1791531409.081425,9.999999747378752e-05
0,ppo/actor_lr,93,1791531435.301084,9.999999747378752e-05
0,ppo/actor_lr,94,1791531461.2316515,9.999999747378752e-05
0,ppo/actor_lr,95,1791531488.2748158,9.999999747378752e-05
0,ppo/actor_lr,96,1791531514.7180576,9.999999747378752e-05
0,ppo/actor_lr,97,1791531542.1676004,9.999999747378752e-05
0,ppo/actor_lr,98,1791531569.3054507,9.999999747378752e-05
0,ppo/actor_lr,99,1791531595.4466963,9.999999747378752e-05
0,ppo/actor_lr,100,1791531621.4210856,9.999999747378752e-05
0,ppo/attempted_actor_grad_norm,1,1791527863.2697027,0.3696739375591278
0,ppo/attempted_actor_grad_norm,2,1791527893.853409,0.533020555973053
0,ppo/attempted_actor_grad_norm,3,1791527923.5864813,0.6132805347442627
0,ppo/attempted_actor_grad_norm,4,1791527950.365776,0.5750493407249451
0,ppo/attempted_actor_grad_norm,5,1791527978.6110883,0.533970057964325
0,ppo/attempted_actor_grad_norm,6,1791528004.4028049,0.3893583118915558
0,ppo/attempted_actor_grad_norm,7,1791528030.9665291,0.5081969499588013
0,ppo/attempted_actor_grad_norm,8,1791528061.9327023,0.7520081400871277
0,ppo/attempted_actor_grad_norm,9,1791528090.2397914,0.39214497804641724
0,ppo/attempted_actor_grad_norm,10,1791528116.5391273,0.4777134954929352
0,ppo/attempted_actor_grad_norm,11,1791528142.7980497,0.42370283603668213
0,ppo/attempted_actor_grad_norm,12,1791528169.3052287,0.5052483677864075
0,ppo/attempted_actor_grad_norm,13,1791528195.7104373,0.83465576171875
0,ppo/attempted_actor_grad_norm,14,1791528225.2638016,0.5748275518417358
0,ppo/attempted_actor_grad_norm,15,1791528253.5786936,0.4379905164241791
0,ppo/attempted_actor_grad_norm,16,1791528283.357075,0.337074875831604
0,ppo/attempted_actor_grad_norm,17,1791528309.595514,0.5129287242889404
0,ppo/attempted_actor_grad_norm,18,1791528336.4391248,0.6073634028434753
0,ppo/attempted_actor_grad_norm,19,1791528362.867161,0.5605401396751404
0,ppo/attempted_actor_grad_norm,20,1791528393.3597412,0.4344932436943054
0,ppo/attempted_actor_grad_norm,21,1791528422.0027936,0.5951982140541077
0,ppo/attempted_actor_grad_norm,22,1791528450.6467924,0.3674265146255493
0,ppo/attempted_actor_grad_norm,23,1791528477.7621646,0.5749883651733398
0,ppo/attempted_actor_grad_norm,24,1791528504.8912957,0.8005343675613403
0,ppo/attempted_actor_grad_norm,25,1791528531.043791,0.7442008256912231
0,ppo/attempted_actor_grad_norm,26,1791529625.6205502,0.42789867520332336
0,ppo/attempted_actor_grad_norm,27,1791529654.368424,0.6240715384483337
0,ppo/attempted_actor_grad_norm,28,1791529682.662164,0.4472085237503052
0,ppo/attempted_actor_grad_norm,29,1791529710.7072532,0.6248301863670349
0,ppo/attempted_actor_grad_norm,30,1791529737.072978,0.42824774980545044
0,ppo/attempted_actor_grad_norm,31,1791529763.479323,0.8611752390861511
0,ppo/attempted_actor_grad_norm,32,1791529789.9076004,0.38919156789779663
0,ppo/attempted_actor_grad_norm,33,1791529818.8358357,0.8721837401390076
0,ppo/attempted_actor_grad_norm,34,1791529846.0227778,0.4515727758407593
0,ppo/attempted_actor_grad_norm,35,1791529874.022895,0.8037869334220886
0,ppo/attempted_actor_grad_norm,36,1791529900.9680057,0.411050945520401
0,ppo/attempted_actor_grad_norm,37,1791529927.8204067,0.4430197477340698
0,ppo/attempted_actor_grad_norm,38,1791529954.5421243,0.40120378136634827
0,ppo/attempted_actor_grad_norm,39,1791529982.803301,0.6962131857872009
0,ppo/attempted_actor_grad_norm,40,1791530009.7368274,0.6512475609779358
0,ppo/attempted_actor_grad_norm,41,1791530037.1262636,0.5291871428489685
0,ppo/attempted_actor_grad_norm,42,1791530063.8712976,0.9671184420585632
0,ppo/attempted_actor_grad_norm,43,1791530090.29034,0.9581122994422913
0,ppo/attempted_actor_grad_norm,44,1791530116.8516686,0.530646026134491
0,ppo/attempted_actor_grad_norm,45,1791530145.5618997,0.7111137509346008
0,ppo/attempted_actor_grad_norm,46,1791530172.8211315,0.47441449761390686
0,ppo/attempted_actor_grad_norm,47,1791530201.1799736,0.402297705411911
0,ppo/attempted_actor_grad_norm,48,1791530228.5198073,0.8100952506065369
0,ppo/attempted_actor_grad_norm,49,1791530255.8823028,0.7110564708709717
0,ppo/attempted_actor_grad_norm,50,1791530282.2429447,0.5750117301940918
0,ppo/attempted_actor_grad_norm,51,1791530309.2277424,0.45223328471183777
0,ppo/attempted_actor_grad_norm,52,1791530337.1953082,0.9210965633392334
0,ppo/attempted_actor_grad_norm,53,1791530363.6091626,0.43087077140808105
0,ppo/attempted_actor_grad_norm,54,1791530391.3221238,0.5744376182556152
0,ppo/attempted_actor_grad_norm,55,1791530416.9532454,0.7883567214012146
0,ppo/attempted_actor_grad_norm,56,1791530442.6876912,0.45186662673950195
0,ppo/attempted_actor_grad_norm,57,1791530469.1451874,0.5176185369491577
0,ppo/attempted_actor_grad_norm,58,1791530495.9848075,0.5827114582061768
0,ppo/attempted_actor_grad_norm,59,1791530522.8597164,0.5380460619926453
0,ppo/attempted_actor_grad_norm,60,1791530549.1501455,0.5098145008087158
0,ppo/attempted_actor_grad_norm,61,1791530575.0263975,1.4694123268127441
0,ppo/attempted_actor_grad_norm,62,1791530600.7305725,0.6445679664611816
0,ppo/attempted_actor_grad_norm,63,1791530627.2073116,0.5107682943344116
0,ppo/attempted_actor_grad_norm,64,1791530654.8113644,0.7929439544677734
0,ppo/attempted_actor_grad_norm,65,1791530681.9690394,0.4849151372909546
0,ppo/attempted_actor_grad_norm,66,1791530708.4817104,0.5325332283973694
0,ppo/attempted_actor_grad_norm,67,1791530735.277363,1.0058397054672241
0,ppo/attempted_actor_grad_norm,68,1791530761.5728495,1.1976165771484375
0,ppo/attempted_actor_grad_norm,69,1791530788.2897174,1.4486119747161865
0,ppo/attempted_actor_grad_norm,70,1791530815.307556,0.8150340914726257
0,ppo/attempted_actor_grad_norm,71,1791530842.351677,0.6712291240692139
0,ppo/attempted_actor_grad_norm,72,1791530870.4531474,0.4412621855735779
0,ppo/attempted_actor_grad_norm,73,1791530897.4405727,0.8645250201225281
0,ppo/attempted_actor_grad_norm,74,1791530924.0380018,0.5847806334495544
0,ppo/attempted_actor_grad_norm,75,1791530950.9573534,0.5230463743209839
0,ppo/attempted_actor_grad_norm,76,1791530977.8364265,0.6039392352104187
0,ppo/attempted_actor_grad_norm,77,1791531005.309471,1.6475412845611572
0,ppo/attempted_actor_grad_norm,78,1791531032.343007,0.5326567888259888
0,ppo/attempted_actor_grad_norm,79,1791531059.865007,0.5754261612892151
0,ppo/attempted_actor_grad_norm,80,1791531086.3647895,0.9610836505889893
0,ppo/attempted_actor_grad_norm,81,1791531112.9223108,0.6487439870834351
0,ppo/attempted_actor_grad_norm,82,1791531139.443123,0.38074371218681335
0,ppo/attempted_actor_grad_norm,83,1791531166.9742827,0.67937833070755
0,ppo/attempted_actor_grad_norm,84,1791531193.8204355,0.6290018558502197
0,ppo/attempted_actor_grad_norm,85,1791531221.707253,0.5877948999404907
0,ppo/attempted_actor_grad_norm,86,1791531248.3536391,0.8116356134414673
0,ppo/attempted_actor_grad_norm,87,1791531275.102378,0.5012113451957703
0,ppo/attempted_actor_grad_norm,88,1791531301.6217835,0.5666585564613342
0,ppo/attempted_actor_grad_norm,89,1791531328.9585488,0.7522178292274475
0,ppo/attempted_actor_grad_norm,90,1791531355.7657073,0.7650133371353149
0,ppo/attempted_actor_grad_norm,91,1791531382.9404562,0.8663486242294312
0,ppo/attempted_actor_grad_norm,92,1791531409.0811589,0.5452672839164734
0,ppo/attempted_actor_grad_norm,93,1791531435.3008862,0.47949516773223877
0,ppo/attempted_actor_grad_norm,94,1791531461.231351,0.5761935114860535
0,ppo/attempted_actor_grad_norm,95,1791531488.2743459,0.5900253057479858
0,ppo/attempted_actor_grad_norm,96,1791531514.7174838,1.0235248804092407
0,ppo/attempted_actor_grad_norm,97,1791531542.1673446,0.7521058320999146
0,ppo/attempted_actor_grad_norm,98,1791531569.3049617,0.8913871645927429
0,ppo/attempted_actor_grad_norm,99,1791531595.446376,0.7932853102684021
0,ppo/attempted_actor_grad_norm,100,1791531621.4208806,0.5397519469261169
0,ppo/attempted_critic_grad_norm,1,1791527863.2697117,6.177016258239746
0,ppo/attempted_critic_grad_norm,2,1791527893.8534184,17.261125564575195
0,ppo/attempted_critic_grad_norm,3,1791527923.586716,12.907389640808105
0,ppo/attempted_critic_grad_norm,4,1791527950.365785,16.656906127929688
0,ppo/attempted_critic_grad_norm,5,1791527978.6115108,13.134632110595703
0,ppo/attempted_critic_grad_norm,6,1791528004.4028666,11.020966529846191
0,ppo/attempted_critic_grad_norm,7,1791528030.966873,19.15723419189453
0,ppo/attempted_critic_grad_norm,8,1791528061.9328277,19.4075870513916
0,ppo/attempted_critic_grad_norm,9,1791528090.2398398,6.741698741912842
0,ppo/attempted_critic_grad_norm,10,1791528116.539136,8.07009506225586
0,ppo/attempted_critic_grad_norm,11,1791528142.798061,11.0817289352417
0,ppo/attempted_critic_grad_norm,12,1791528169.3052378,9.609484672546387
0,ppo/attempted_critic_grad_norm,13,1791528195.7104468,56.57811737060547
0,ppo/attempted_critic_grad_norm,14,1791528225.2638948,35.92832946777344
0,ppo/attempted_critic_grad_norm,15,1791528253.5787027,5.40574836730957
0,ppo/attempted_critic_grad_norm,16,1791528283.3572247,8.387343406677246
0,ppo/attempted_critic_grad_norm,17,1791528309.5955234,17.727983474731445
0,ppo/attempted_critic_grad_norm,18,1791528336.4392176,19.26930046081543
0,ppo/attempted_critic_grad_norm,19,1791528362.86717,106.34025573730469
0,ppo/attempted_critic_grad_norm,20,1791528393.359925,100.11244201660156
0,ppo/attempted_critic_grad_norm,21,1791528422.0028026,19.466711044311523
0,ppo/attempted_critic_grad_norm,22,1791528450.6469667,10.561747550964355
0,ppo/attempted_critic_grad_norm,23,1791528477.7621734,38.88590621948242
0,ppo/attempted_critic_grad_norm,24,1791528504.8914049,35.03904724121094
0,ppo/attempted_critic_grad_norm,25,1791528531.0438,165.9725341796875
0,ppo/attempted_critic_grad_norm,26,1791529625.6209605,92.48521423339844
0,ppo/attempted_critic_grad_norm,27,1791529654.3684332,22.346914291381836
0,ppo/attempted_critic_grad_norm,28,1791529682.6623094,8.340556144714355
0,ppo/attempted_critic_grad_norm,29,1791529710.7074044,24.541025161743164
0,ppo/attempted_critic_grad_norm,30,1791529737.0732017,26.673357009887695
0,ppo/attempted_critic_grad_norm,31,1791529763.479364,25.937599182128906
0,ppo/attempted_critic_grad_norm,32,1791529789.9076097,59.06158447265625
0,ppo/attempted_critic_grad_norm,33,1791529818.8358445,60.51348114013672
0,ppo/attempted_critic_grad_norm,34,1791529846.0230644,19.223661422729492
0,ppo/attempted_critic_grad_norm,35,1791529874.022934,40.427616119384766
0,ppo/attempted_critic_grad_norm,36,1791529900.9681623,24.787324905395508
0,ppo/attempted_critic_grad_norm,37,1791529927.8204157,31.692609786987305
0,ppo/attempted_critic_grad_norm,38,1791529954.5421352,179.89952087402344
0,ppo/attempted_critic_grad_norm,39,1791529982.8034809,49.66710662841797
0,ppo/attempted_critic_grad_norm,40,1791530009.7368367,59.5327262878418
0,ppo/attempted_critic_grad_norm,41,1791530037.126373,34.248504638671875
0,ppo/attempted_critic_grad_norm,42,1791530063.87139,78.86852264404297
0,ppo/attempted_critic_grad_norm,43,1791530090.29043,54.657623291015625
0,ppo/attempted_critic_grad_norm,44,1791530116.8516772,170.29345703125
0,ppo/attempted_critic_grad_norm,45,1791530145.5620887,107.00138854980469
0,ppo/attempted_critic_grad_norm,46,1791530172.8214018,80.44786071777344
0,ppo/attempted_critic_grad_norm,47,1791530201.1799827,40.265750885009766
0,ppo/attempted_critic_grad_norm,48,1791530228.5198925,87.77147674560547
0,ppo/attempted_critic_grad_norm,49,1791530255.882349,80.72120666503906
0,ppo/attempted_critic_grad_norm,50,1791530282.2429538,218.7457733154297
0,ppo/attempted_critic_grad_norm,51,1791530309.2277515,125.83799743652344
0,ppo/attempted_critic_grad_norm,52,1791530337.1953175,61.874656677246094
0,ppo/attempted_critic_grad_norm,53,1791530363.6110125,37.697120666503906
0,ppo/attempted_critic_grad_norm,54,1791530391.3221886,86.12022399902344
0,ppo/attempted_critic_grad_norm,55,1791530416.953332,45.176841735839844
0,ppo/attempted_critic_grad_norm,56,1791530442.6878383,59.56308364868164
0,ppo/attempted_critic_grad_norm,57,1791530469.145196,63.197750091552734
0,ppo/attempted_critic_grad_norm,58,1791530495.9848163,70.98853302001953
0,ppo/attempted_critic_grad_norm,59,1791530522.8597255,51.05378723144531
0,ppo/attempted_critic_grad_norm,60,1791530549.1501546,99.25969696044922
0,ppo/attempted_critic_grad_norm,61,1791530575.0265374,64.12332153320312
0,ppo/attempted_critic_grad_norm,62,1791530600.730688,68.15897369384766
0,ppo/attempted_critic_grad_norm,63,1791530627.2074172,129.80577087402344
0,ppo/attempted_critic_grad_norm,64,1791530654.8113735,70.7362289428711
0,ppo/attempted_critic_grad_norm,65,1791530681.9691305,56.12382888793945
0,ppo/attempted_critic_grad_norm,66,1791530708.4817193,29.36678123474121
0,ppo/attempted_critic_grad_norm,67,1791530735.277372,128.0813751220703
0,ppo/attempted_critic_grad_norm,68,1791530761.5728912,144.6610107421875
0,ppo/attempted_critic_grad_norm,69,1791530788.2897265,153.3514862060547
0,ppo/attempted_critic_grad_norm,70,1791530815.307565,99.55796813964844
0,ppo/attempted_critic_grad_norm,71,1791530842.351686,104.23088836669922
0,ppo/attempted_critic_grad_norm,72,1791530870.453289,106.91681671142578
0,ppo/attempted_critic_grad_norm,73,1791530897.440582,101.53357696533203
0,ppo/attempted_critic_grad_norm,74,1791530924.0380938,117.23297882080078
0,ppo/attempted_critic_grad_norm,75,1791530950.9573624,107.83995819091797
0,ppo/attempted_critic_grad_norm,76,1791530977.8365204,50.79685592651367
0,ppo/attempted_critic_grad_norm,77,1791531005.3094804,122.2804946899414
0,ppo/attempted_critic_grad_norm,78,1791531032.343266,79.8601303100586
0,ppo/attempted_critic_grad_norm,79,1791531059.8650157,44.55396270751953
0,ppo/attempted_critic_grad_norm,80,1791531086.3649297,82.20993041992188
0,ppo/attempted_critic_grad_norm,81,1791531112.92232,63.3217658996582
0,ppo/attempted_critic_grad_norm,82,1791531139.4432147,63.41489028930664
0,ppo/attempted_critic_grad_norm,83,1791531166.9742918,40.506004333496094
0,ppo/attempted_critic_grad_norm,84,1791531193.8205268,54.29792404174805
0,ppo/attempted_critic_grad_norm,85,1791531221.7072623,70.9822769165039
0,ppo/attempted_critic_grad_norm,86,1791531248.3536487,45.74907684326172
0,ppo/attempted_critic_grad_norm,87,1791531275.1024284,43.71680450439453
0,ppo/attempted_critic_grad_norm,88,1791531301.6219428,51.85319137573242
0,ppo/attempted_critic_grad_norm,89,1791531328.9585578,41.43016052246094
0,ppo/attempted_critic_grad_norm,90,1791531355.7658076,25.01600456237793
0,ppo/attempted_critic_grad_norm,91,1791531382.940592,41.709041595458984
0,ppo/attempted_critic_grad_norm,92,1791531409.0812466,102.70170593261719
0,ppo/attempted_critic_grad_norm,93,1791531435.3008952,48.352874755859375
0,ppo/attempted_critic_grad_norm,94,1791531461.2314615,59.30514144897461
0,ppo/attempted_critic_grad_norm,95,1791531488.2745283,37.52802276611328
0,ppo/attempted_critic_grad_norm,96,1791531514.717663,51.00047302246094
0,ppo/attempted_critic_grad_norm,97,1791531542.1673536,35.92786407470703
0,ppo/attempted_critic_grad_norm,98,1791531569.305292,24.18857765197754
0,ppo/attempted_critic_grad_norm,99,1791531595.446502,83.37476348876953
0,ppo/attempted_critic_grad_norm,100,1791531621.4209945,97.62110137939453
0,ppo/attempted_epochs,1,1791527863.2698455,4.0
0,ppo/attempted_epochs,2,1791527893.85367,4.0
0,ppo/attempted_epochs,3,1791527923.5867262,4.0
0,ppo/attempted_epochs,4,1791527950.3657913,4.0
0,ppo/attempted_epochs,5,1791527978.611522,4.0
0,ppo/attempted_epochs,6,1791528004.4029915,4.0
0,ppo/attempted_epochs,7,1791528030.9668849,4.0
0,ppo/attempted_epochs,8,1791528061.9328382,4.0
0,ppo/attempted_epochs,9,1791528090.2398698,4.0
0,ppo/attempted_epochs,10,1791528116.5391448,4.0
0,ppo/attempted_epochs,11,1791528142.7980676,4.0
0,ppo/attempted_epochs,12,1791528169.3052444,4.0
0,ppo/attempted_epochs,13,1791528195.7104535,4.0
0,ppo/attempted_epochs,14,1791528225.2639248,4.0
0,ppo/attempted_epochs,15,1791528253.5787096,4.0
0,ppo/attempted_epochs,16,1791528283.357235,4.0
0,ppo/attempted_epochs,17,1791528309.59553,4.0
0,ppo/attempted_epochs,18,1791528336.4392416,4.0
0,ppo/attempted_epochs,19,1791528362.8671768,4.0
0,ppo/attempted_epochs,20,1791528393.3599353,4.0
0,ppo/attempted_epochs,21,1791528422.0028095,4.0
0,ppo/attempted_epochs,22,1791528450.6469772,4.0
0,ppo/attempted_epochs,23,1791528477.76218,4.0
0,ppo/attempted_epochs,24,1791528504.8914275,4.0
0,ppo/attempted_epochs,25,1791528531.0438068,4.0
0,ppo/attempted_epochs,26,1791529625.6210048,4.0
0,ppo/attempted_epochs,27,1791529654.3684402,4.0
0,ppo/attempted_epochs,28,1791529682.66232,4.0
0,ppo/attempted_epochs,29,1791529710.7074149,4.0
0,ppo/attempted_epochs,30,1791529737.0732155,4.0
0,ppo/attempted_epochs,31,1791529763.4793873,4.0
0,ppo/attempted_epochs,32,1791529789.9076166,4.0
0,ppo/attempted_epochs,33,1791529818.8358514,4.0
0,ppo/attempted_epochs,34,1791529846.023075,4.0
0,ppo/attempted_epochs,35,1791529874.0229797,4.0
0,ppo/attempted_epochs,36,1791529900.9681726,4.0
0,ppo/attempted_epochs,37,1791529927.8205328,4.0
0,ppo/attempted_epochs,38,1791529954.5421453,4.0
0,ppo/attempted_epochs,39,1791529982.8034947,4.0
0,ppo/attempted_epochs,40,1791530009.7368433,4.0
0,ppo/attempted_epochs,41,1791530037.126384,4.0
0,ppo/attempted_epochs,42,1791530063.871413,4.0
0,ppo/attempted_epochs,43,1791530090.2904534,4.0
0,ppo/attempted_epochs,44,1791530116.851872,4.0
0,ppo/attempted_epochs,45,1791530145.5620992,4.0
0,ppo/attempted_epochs,46,1791530172.821413,4.0
0,ppo/attempted_epochs,47,1791530201.1799896,4.0
0,ppo/attempted_epochs,48,1791530228.519937,4.0
0,ppo/attempted_epochs,49,1791530255.8823748,4.0
0,ppo/attempted_epochs,50,1791530282.242961,4.0
0,ppo/attempted_epochs,51,1791530309.2278943,4.0
0,ppo/attempted_epochs,52,1791530337.1953247,4.0
0,ppo/attempted_epochs,53,1791530363.6110232,4.0
0,ppo/attempted_epochs,54,1791530391.3222108,4.0
0,ppo/attempted_epochs,55,1791530416.9533558,4.0
0,ppo/attempted_epochs,56,1791530442.6878495,4.0
0,ppo/attempted_epochs,57,1791530469.1452029,4.0
0,ppo/attempted_epochs,58,1791530495.9848235,4.0
0,ppo/attempted_epochs,59,1791530522.8597322,4.0
0,ppo/attempted_epochs,60,1791530549.1501787,4.0
0,ppo/attempted_epochs,61,1791530575.0265474,4.0
0,ppo/attempted_epochs,62,1791530600.7306986,4.0
0,ppo/attempted_epochs,63,1791530627.2074447,4.0
0,ppo/attempted_epochs,64,1791530654.8113801,4.0
0,ppo/attempted_epochs,65,1791530681.9691548,4.0
0,ppo/attempted_epochs,66,1791530708.4817262,4.0
0,ppo/attempted_epochs,67,1791530735.2773786,4.0
0,ppo/attempted_epochs,68,1791530761.5729194,4.0
0,ppo/attempted_epochs,69,1791530788.2897336,1.0
0,ppo/attempted_epochs,70,1791530815.3075764,4.0
0,ppo/attempted_epochs,71,1791530842.3516924,4.0
0,ppo/attempted_epochs,72,1791530870.4533002,4.0
0,ppo/attempted_epochs,73,1791530897.440589,4.0
0,ppo/attempted_epochs,74,1791530924.038118,4.0
0,ppo/attempted_epochs,75,1791530950.9573696,4.0
0,ppo/attempted_epochs,76,1791530977.8365438,4.0
0,ppo/attempted_epochs,77,1791531005.309487,4.0
0,ppo/attempted_epochs,78,1791531032.3432765,4.0
0,ppo/attempted_epochs,79,1791531059.8650227,4.0
0,ppo/attempted_epochs,80,1791531086.3649411,4.0
0,ppo/attempted_epochs,81,1791531112.9223266,4.0
0,ppo/attempted_epochs,82,1791531139.4432392,4.0
0,ppo/attempted_epochs,83,1791531166.9742987,4.0
0,ppo/attempted_epochs,84,1791531193.82055,4.0
0,ppo/attempted_epochs,85,1791531221.7072692,4.0
0,ppo/attempted_epochs,86,1791531248.3536556,4.0
0,ppo/attempted_epochs,87,1791531275.1024556,4.0
0,ppo/attempted_epochs,88,1791531301.6219535,4.0
0,ppo/attempted_epochs,89,1791531328.9585655,4.0
0,ppo/attempted_epochs,90,1791531355.7658334,4.0
0,ppo/attempted_epochs,91,1791531382.9406025,4.0
0,ppo/attempted_epochs,92,1791531409.0812705,4.0
0,ppo/attempted_epochs,93,1791531435.3009021,4.0
0,ppo/attempted_epochs,94,1791531461.2314918,4.0
0,ppo/attempted_epochs,95,1791531488.2745388,4.0
0,ppo/attempted_epochs,96,1791531514.7177055,4.0
0,ppo/attempted_epochs,97,1791531542.1673625,4.0
0,ppo/attempted_epochs,98,1791531569.305302,4.0
0,ppo/attempted_epochs,99,1791531595.4465127,4.0
0,ppo/attempted_epochs,100,1791531621.421005,4.0
0,ppo/attempted_minibatches,1,1791527863.2700322,16.0
0,ppo/attempted_minibatches,2,1791527893.8536837,16.0
0,ppo/attempted_minibatches,3,1791527923.5869718,16.0
0,ppo/attempted_minibatches,4,1791527950.3657992,16.0
0,ppo/attempted_minibatches,5,1791527978.611531,16.0
0,ppo/attempted_minibatches,6,1791528004.4030645,16.0
0,ppo/attempted_minibatches,7,1791528030.967041,16.0
0,ppo/attempted_minibatches,8,1791528061.9328475,16.0
0,ppo/attempted_minibatches,9,1791528090.2399206,16.0
0,ppo/attempted_minibatches,10,1791528116.5391524,16.0
0,ppo/attempted_minibatches,11,1791528142.7980754,16.0
0,ppo/attempted_minibatches,12,1791528169.305252,16.0
0,ppo/attempted_minibatches,13,1791528195.7104616,16.0
0,ppo/attempted_minibatches,14,1791528225.2639747,16.0
0,ppo/attempted_minibatches,15,1791528253.57872,16.0
0,ppo/attempted_minibatches,16,1791528283.357244,16.0
0,ppo/attempted_minibatches,17,1791528309.595538,16.0
0,ppo/attempted_minibatches,18,1791528336.4392798,16.0
0,ppo/attempted_minibatches,19,1791528362.8671846,16.0
0,ppo/attempted_minibatches,20,1791528393.359944,16.0
0,ppo/attempted_minibatches,21,1791528422.0028174,16.0
0,ppo/attempted_minibatches,22,1791528450.6471426,16.0
0,ppo/attempted_minibatches,23,1791528477.7622137,16.0
0,ppo/attempted_minibatches,24,1791528504.8914645,16.0
0,ppo/attempted_minibatches,25,1791528531.0438147,16.0
0,ppo/attempted_minibatches,26,1791529625.6210608,16.0
0,ppo/attempted_minibatches,27,1791529654.368448,16.0
0,ppo/attempted_minibatches,28,1791529682.662475,16.0
0,ppo/attempted_minibatches,29,1791529710.70758,16.0
0,ppo/attempted_minibatches,30,1791529737.073365,16.0
0,ppo/attempted_minibatches,31,1791529763.4794252,16.0
0,ppo/attempted_minibatches,32,1791529789.9076247,16.0
0,ppo/attempted_minibatches,33,1791529818.836015,16.0
0,ppo/attempted_minibatches,34,1791529846.023084,16.0
0,ppo/attempted_minibatches,35,1791529874.0231383,16.0
0,ppo/attempted_minibatches,36,1791529900.968305,16.0
0,ppo/attempted_minibatches,37,1791529927.8205464,16.0
0,ppo/attempted_minibatches,38,1791529954.5421534,16.0
0,ppo/attempted_minibatches,39,1791529982.8037317,16.0
0,ppo/attempted_minibatches,40,1791530009.7368512,16.0
0,ppo/attempted_minibatches,41,1791530037.1263938,16.0
0,ppo/attempted_minibatches,42,1791530063.871449,16.0
0,ppo/attempted_minibatches,43,1791530090.2904925,16.0
0,ppo/attempted_minibatches,44,1791530116.8518858,16.0
0,ppo/attempted_minibatches,45,1791530145.562213,16.0
0,ppo/attempted_minibatches,46,1791530172.821537,16.0
0,ppo/attempted_minibatches,47,1791530201.1799982,16.0
0,ppo/attempted_minibatches,48,1791530228.5200164,16.0
0,ppo/attempted_minibatches,49,1791530255.882418,16.0
0,ppo/attempted_minibatches,50,1791530282.2429688,16.0
0,ppo/attempted_minibatches,51,1791530309.2279084,16.0
0,ppo/attempted_minibatches,52,1791530337.1953323,16.0
0,ppo/attempted_minibatches,53,1791530363.6110322,16.0
0,ppo/attempted_minibatches,54,1791530391.3222501,16.0
0,ppo/attempted_minibatches,55,1791530416.953395,16.0
0,ppo/attempted_minibatches,56,1791530442.6878583,16.0
0,ppo/attempted_minibatches,57,1791530469.1452107,16.0
0,ppo/attempted_minibatches,58,1791530495.9848316,16.0
0,ppo/attempted_minibatches,59,1791530522.8597403,16.0
0,ppo/attempted_minibatches,60,1791530549.150221,16.0
0,ppo/attempted_minibatches,61,1791530575.0265565,16.0
0,ppo/attempted_minibatches,62,1791530600.7307076,16.0
0,ppo/attempted_minibatches,63,1791530627.2074912,16.0
0,ppo/attempted_minibatches,64,1791530654.8113885,16.0
0,ppo/attempted_minibatches,65,1791530681.9691942,16.0
0,ppo/attempted_minibatches,66,1791530708.4817338,16.0
0,ppo/attempted_minibatches,67,1791530735.2774234,16.0
0,ppo/attempted_minibatches,68,1791530761.572962,16.0
0,ppo/attempted_minibatches,69,1791530788.2897415,4.0
0,ppo/attempted_minibatches,70,1791530815.307584,16.0
0,ppo/attempted_minibatches,71,1791530842.3517003,16.0
0,ppo/attempted_minibatches,72,1791530870.4533095,16.0
0,ppo/attempted_minibatches,73,1791530897.4405975,16.0
0,ppo/attempted_minibatches,74,1791530924.0381582,16.0
0,ppo/attempted_minibatches,75,1791530950.9573774,16.0
0,ppo/attempted_minibatches,76,1791530977.8365896,16.0
0,ppo/attempted_minibatches,77,1791531005.3095176,16.0
0,ppo/attempted_minibatches,78,1791531032.3432858,16.0
0,ppo/attempted_minibatches,79,1791531059.8650312,16.0
0,ppo/attempted_minibatches,80,1791531086.36495,16.0
0,ppo/attempted_minibatches,81,1791531112.9223342,16.0
0,ppo/attempted_minibatches,82,1791531139.4432783,16.0
0,ppo/attempted_minibatches,83,1791531166.9743068,16.0
0,ppo/attempted_minibatches,84,1791531193.8205996,16.0
0,ppo/attempted_minibatches,85,1791531221.7072773,16.0
0,ppo/attempted_minibatches,86,1791531248.3536634,16.0
0,ppo/attempted_minibatches,87,1791531275.1024978,16.0
0,ppo/attempted_minibatches,88,1791531301.621963,16.0
0,ppo/attempted_minibatches,89,1791531328.9585783,16.0
0,ppo/attempted_minibatches,90,1791531355.7658727,16.0
0,ppo/attempted_minibatches,91,1791531382.9406118,16.0
0,ppo/attempted_minibatches,92,1791531409.0813098,16.0
0,ppo/attempted_minibatches,93,1791531435.30091,16.0
0,ppo/attempted_minibatches,94,1791531461.231532,16.0
0,ppo/attempted_minibatches,95,1791531488.274785,16.0
0,ppo/attempted_minibatches,96,1791531514.7178414,16.0
0,ppo/attempted_minibatches,97,1791531542.1673703,16.0
0,ppo/attempted_minibatches,98,1791531569.305311,16.0
0,ppo/attempted_minibatches,99,1791531595.4465215,16.0
0,ppo/attempted_minibatches,100,1791531621.4210143,16.0
0,ppo/completed_epochs,1,1791527863.270316,4.0
0,ppo/completed_epochs,2,1791527893.8536913,4.0
0,ppo/completed_epochs,3,1791527923.5869803,4.0
0,ppo/completed_epochs,4,1791527950.365806,4.0
0,ppo/completed_epochs,5,1791527978.6115384,4.0
0,ppo/completed_epochs,6,1791528004.4031286,4.0
0,ppo/completed_epochs,7,1791528030.9671664,4.0
0,ppo/completed_epochs,8,1791528061.9330103,4.0
0,ppo/completed_epochs,9,1791528090.2399678,4.0
0,ppo/completed_epochs,10,1791528116.5391593,4.0
0,ppo/completed_epochs,11,1791528142.798082,4.0
0,ppo/completed_epochs,12,1791528169.3052592,4.0
0,ppo/completed_epochs,13,1791528195.7106194,4.0
0,ppo/completed_epochs,14,1791528225.2640173,4.0
0,ppo/completed_epochs,15,1791528253.5787268,4.0
0,ppo/completed_epochs,16,1791528283.3573518,4.0
0,ppo/completed_epochs,17,1791528309.5955453,4.0
0,ppo/completed_epochs,18,1791528336.4393167,4.0
0,ppo/completed_epochs,19,1791528362.8671913,4.0
0,ppo/completed_epochs,20,1791528393.3601189,4.0
0,ppo/completed_epochs,21,1791528422.0028243,4.0
0,ppo/completed_epochs,22,1791528450.6471567,4.0
0,ppo/completed_epochs,23,1791528477.762363,4.0
0,ppo/completed_epochs,24,1791528504.891501,4.0
0,ppo/completed_epochs,25,1791528531.0438216,4.0
0,ppo/completed_epochs,26,1791529625.621103,4.0
0,ppo/completed_epochs,27,1791529654.368455,4.0
0,ppo/completed_epochs,28,1791529682.6624892,4.0
0,ppo/completed_epochs,29,1791529710.7077296,4.0
0,ppo/completed_epochs,30,1791529737.0733788,4.0
0,ppo/completed_epochs,31,1791529763.4794626,4.0
0,ppo/completed_epochs,32,1791529789.907658,4.0
0,ppo/completed_epochs,33,1791529818.836024,4.0
0,ppo/completed_epochs,34,1791529846.0230932,4.0
0,ppo/completed_epochs,35,1791529874.0232944,4.0
0,ppo/completed_epochs,36,1791529900.9683192,4.0
0,ppo/completed_epochs,37,1791529927.8205824,4.0
0,ppo/completed_epochs,38,1791529954.54216,4.0
0,ppo/completed_epochs,39,1791529982.8037455,4.0
0,ppo/completed_epochs,40,1791530009.7368577,4.0
0,ppo/completed_epochs,41,1791530037.1265848,4.0
0,ppo/completed_epochs,42,1791530063.8714848,4.0
0,ppo/completed_epochs,43,1791530090.290528,4.0
0,ppo/completed_epochs,44,1791530116.8518927,4.0
0,ppo/completed_epochs,45,1791530145.5622866,4.0
0,ppo/completed_epochs,46,1791530172.8216696,4.0
0,ppo/completed_epochs,47,1791530201.180005,4.0
0,ppo/completed_epochs,48,1791530228.52008,4.0
0,ppo/completed_epochs,49,1791530255.8824568,4.0
0,ppo/completed_epochs,50,1791530282.2429755,4.0
0,ppo/completed_epochs,51,1791530309.2279158,4.0
0,ppo/completed_epochs,52,1791530337.1953394,4.0
0,ppo/completed_epochs,53,1791530363.6110394,4.0
0,ppo/completed_epochs,54,1791530391.3222866,4.0
0,ppo/completed_epochs,55,1791530416.9534328,4.0
0,ppo/completed_epochs,56,1791530442.687865,4.0
0,ppo/completed_epochs,57,1791530469.145218,4.0
0,ppo/completed_epochs,58,1791530495.9848382,4.0
0,ppo/completed_epochs,59,1791530522.8597472,4.0
0,ppo/completed_epochs,60,1791530549.1502588,4.0
0,ppo/completed_epochs,61,1791530575.0265636,4.0
0,ppo/completed_epochs,62,1791530600.730715,4.0
0,ppo/completed_epochs,63,1791530627.2075353,4.0
0,ppo/completed_epochs,64,1791530654.8114195,4.0
0,ppo/completed_epochs,65,1791530681.969232,4.0
0,ppo/completed_epochs,66,1791530708.4817407,4.0
0,ppo/completed_epochs,67,1791530735.2774744,4.0
0,ppo/completed_epochs,68,1791530761.5729969,4.0
0,ppo/completed_epochs,69,1791530788.2897766,1.0
0,ppo/completed_epochs,70,1791530815.3075912,4.0
0,ppo/completed_epochs,71,1791530842.351844,4.0
0,ppo/completed_epochs,72,1791530870.4533167,4.0
0,ppo/completed_epochs,73,1791530897.440605,4.0
0,ppo/completed_epochs,74,1791530924.038195,4.0
0,ppo/completed_epochs,75,1791530950.9575083,4.0
0,ppo/completed_epochs,76,1791530977.8366275,4.0
0,ppo/completed_epochs,77,1791531005.3096523,4.0
0,ppo/completed_epochs,78,1791531032.343293,4.0
0,ppo/completed_epochs,79,1791531059.865177,4.0
0,ppo/completed_epochs,80,1791531086.3649569,4.0
0,ppo/completed_epochs,81,1791531112.922473,4.0
0,ppo/completed_epochs,82,1791531139.4433157,4.0
0,ppo/completed_epochs,83,1791531166.9743137,4.0
0,ppo/completed_epochs,84,1791531193.8206415,4.0
0,ppo/completed_epochs,85,1791531221.7072847,4.0
0,ppo/completed_epochs,86,1791531248.3536706,4.0
0,ppo/completed_epochs,87,1791531275.102536,4.0
0,ppo/completed_epochs,88,1791531301.6219964,4.0
0,ppo/completed_epochs,89,1791531328.9587383,4.0
0,ppo/completed_epochs,90,1791531355.7659118,4.0
0,ppo/completed_epochs,91,1791531382.940619,4.0
0,ppo/completed_epochs,92,1791531409.081348,4.0
0,ppo/completed_epochs,93,1791531435.3009179,4.0
0,ppo/completed_epochs,94,1791531461.2315733,4.0
0,ppo/completed_epochs,95,1791531488.2747989,4.0
0,ppo/completed_epochs,96,1791531514.7179832,4.0
0,ppo/completed_epochs,97,1791531542.1673777,4.0
0,ppo/completed_epochs,98,1791531569.3053179,4.0
0,ppo/completed_epochs,99,1791531595.446529,4.0
0,ppo/completed_epochs,100,1791531621.4210212,4.0
0,ppo/completed_minibatches,1,1791527863.2703207,16.0
0,ppo/completed_minibatches,2,1791527893.853695,16.0
0,ppo/completed_minibatches,3,1791527923.5869837,16.0
0,ppo/completed_minibatches,4,1791527950.3658094,16.0
0,ppo/completed_minibatches,5,1791527978.6115415,16.0
0,ppo/completed_minibatches,6,1791528004.4031584,16.0
0,ppo/completed_minibatches,7,1791528030.967176,16.0
0,ppo/completed_minibatches,8,1791528061.9331772,16.0
0,ppo/completed_minibatches,9,1791528090.23999,16.0
0,ppo/completed_minibatches,10,1791528116.5391629,16.0
0,ppo/completed_minibatches,11,1791528142.7980857,16.0
0,ppo/completed_minibatches,12,1791528169.3052626,16.0
0,ppo/completed_minibatches,13,1791528195.7106245,16.0
0,ppo/completed_minibatches,14,1791528225.264037,16.0
0,ppo/completed_minibatches,15,1791528253.5787299,16.0
0,ppo/completed_minibatches,16,1791528283.357464,16.0
0,ppo/completed_minibatches,17,1791528309.5955486,16.0
0,ppo/completed_minibatches,18,1791528336.4393349,16.0
0,ppo/completed_minibatches,19,1791528362.8672094,16.0
0,ppo/completed_minibatches,20,1791528393.3601236,16.0
0,ppo/completed_minibatches,21,1791528422.0028274,16.0
0,ppo/completed_minibatches,22,1791528450.647161,16.0
0,ppo/completed_minibatches,23,1791528477.7623677,16.0
0,ppo/completed_minibatches,24,1791528504.8915184,16.0
0,ppo/completed_minibatches,25,1791528531.0440714,16.0
0,ppo/completed_minibatches,26,1791529625.621123,16.0
0,ppo/completed_minibatches,27,1791529654.368458,16.0
0,ppo/completed_minibatches,28,1791529682.662493,16.0
0,ppo/completed_minibatches,29,1791529710.7079325,16.0
0,ppo/completed_minibatches,30,1791529737.0735207,16.0
0,ppo/completed_minibatches,31,1791529763.4794798,16.0
0,ppo/completed_minibatches,32,1791529789.9077718,16.0
0,ppo/completed_minibatches,33,1791529818.8361585,16.0
0,ppo/completed_minibatches,34,1791529846.0230966,16.0
0,ppo/completed_minibatches,35,1791529874.0233192,16.0
0,ppo/completed_minibatches,36,1791529900.9684453,16.0
0,ppo/completed_minibatches,37,1791529927.82063,16.0
0,ppo/completed_minibatches,38,1791529954.5421634,16.0
0,ppo/completed_minibatches,39,1791529982.803751,16.0
0,ppo/completed_minibatches,40,1791530009.7368612,16.0
0,ppo/completed_minibatches,41,1791530037.12659,16.0
0,ppo/completed_minibatches,42,1791530063.8715022,16.0
0,ppo/completed_minibatches,43,1791530090.2905457,16.0
0,ppo/completed_minibatches,44,1791530116.8518963,16.0
0,ppo/completed_minibatches,45,1791530145.5623176,16.0
0,ppo/completed_minibatches,46,1791530172.821679,16.0
0,ppo/completed_minibatches,47,1791530201.1800084,16.0
0,ppo/completed_minibatches,48,1791530228.5201106,16.0
0,ppo/completed_minibatches,49,1791530255.8824747,16.0
0,ppo/completed_minibatches,50,1791530282.2429788,16.0
0,ppo/completed_minibatches,51,1791530309.2279193,16.0
0,ppo/completed_minibatches,52,1791530337.1953666,16.0
0,ppo/completed_minibatches,53,1791530363.6110427,16.0
0,ppo/completed_minibatches,54,1791530391.3223042,16.0
0,ppo/completed_minibatches,55,1791530416.953451,16.0
0,ppo/completed_minibatches,56,1791530442.6878684,16.0
0,ppo/completed_minibatches,57,1791530469.1452212,16.0
0,ppo/completed_minibatches,58,1791530495.9848418,16.0
0,ppo/completed_minibatches,59,1791530522.8597744,16.0
0,ppo/completed_minibatches,60,1791530549.1502762,16.0
0,ppo/completed_minibatches,61,1791530575.0265706,16.0
0,ppo/completed_minibatches,62,1791530600.7307444,16.0
0,ppo/completed_minibatches,63,1791530627.2075703,16.0
0,ppo/completed_minibatches,64,1791530654.8115277,16.0
0,ppo/completed_minibatches,65,1791530681.9692507,16.0
0,ppo/completed_minibatches,66,1791530708.481744,16.0
0,ppo/completed_minibatches,67,1791530735.2774959,16.0
0,ppo/completed_minibatches,68,1791530761.5730145,16.0
0,ppo/completed_minibatches,69,1791530788.289901,4.0
0,ppo/completed_minibatches,70,1791530815.3075948,16.0
0,ppo/completed_minibatches,71,1791530842.3518531,16.0
0,ppo/completed_minibatches,72,1791530870.45332,16.0
0,ppo/completed_minibatches,73,1791530897.4406083,16.0
0,ppo/completed_minibatches,74,1791530924.038212,16.0
0,ppo/completed_minibatches,75,1791530950.9575174,16.0
0,ppo/completed_minibatches,76,1791530977.836644,16.0
0,ppo/completed_minibatches,77,1791531005.3096573,16.0
0,ppo/completed_minibatches,78,1791531032.3432963,16.0
0,ppo/completed_minibatches,79,1791531059.8651857,16.0
0,ppo/completed_minibatches,80,1791531086.3649602,16.0
0,ppo/completed_minibatches,81,1791531112.922482,16.0
0,ppo/completed_minibatches,82,1791531139.4433348,16.0
0,ppo/completed_minibatches,83,1791531166.9743176,16.0
0,ppo/completed_minibatches,84,1791531193.8206637,16.0
0,ppo/completed_minibatches,85,1791531221.7072878,16.0
0,ppo/completed_minibatches,86,1791531248.353674,16.0
0,ppo/completed_minibatches,87,1791531275.1025534,16.0
0,ppo/completed_minibatches,88,1791531301.622015,16.0
0,ppo/completed_minibatches,89,1791531328.9587474,16.0
0,ppo/completed_minibatches,90,1791531355.7659292,16.0
0,ppo/completed_minibatches,91,1791531382.9406226,16.0
0,ppo/completed_minibatches,92,1791531409.0813665,16.0
0,ppo/completed_minibatches,93,1791531435.3009458,16.0
0,ppo/completed_minibatches,94,1791531461.2315953,16.0
0,ppo/completed_minibatches,95,1791531488.2748027,16.0
0,ppo/completed_minibatches,96,1791531514.7180023,16.0
0,ppo/completed_minibatches,97,1791531542.1675787,16.0
0,ppo/completed_minibatches,98,1791531569.3053215,16.0
0,ppo/completed_minibatches,99,1791531595.4465556,16.0
0,ppo/completed_minibatches,100,1791531621.4210246,16.0
0,ppo/critic_grad_norm,1,1791527863.2695327,6.177016258239746
0,ppo/critic_grad_norm,2,1791527893.8532221,17.261125564575195
0,ppo/critic_grad_norm,3,1791527923.58639,12.907389640808105
0,ppo/critic_grad_norm,4,1791527950.3654652,16.656906127929688
0,ppo/critic_grad_norm,5,1791527978.6109593,13.134632110595703
0,ppo/critic_grad_norm,6,1791528004.4027274,11.020966529846191
0,ppo/critic_grad_norm,7,1791528030.9663584,19.15723419189453
0,ppo/critic_grad_norm,8,1791528061.932553,19.4075870513916
0,ppo/critic_grad_norm,9,1791528090.2396958,6.741698741912842
0,ppo/critic_grad_norm,10,1791528116.5388954,8.07009506225586
0,ppo/critic_grad_norm,11,1791528142.7977912,11.0817289352417
0,ppo/critic_grad_norm,12,1791528169.304951,9.609484672546387
0,ppo/critic_grad_norm,13,1791528195.7102776,56.57811737060547
0,ppo/critic_grad_norm,14,1791528225.2637362,35.92832946777344
0,ppo/critic_grad_norm,15,1791528253.5784948,5.40574836730957
0,ppo/critic_grad_norm,16,1791528283.356934,8.387343406677246
0,ppo/critic_grad_norm,17,1791528309.5952337,17.727983474731445
0,ppo/critic_grad_norm,18,1791528336.4390647,19.26930046081543
0,ppo/critic_grad_norm,19,1791528362.8669965,106.34025573730469
0,ppo/critic_grad_norm,20,1791528393.359529,100.11244201660156
0,ppo/critic_grad_norm,21,1791528422.002529,19.466711044311523
0,ppo/critic_grad_norm,22,1791528450.6466036,10.561747550964355
0,ppo/critic_grad_norm,23,1791528477.7620118,38.88590621948242
0,ppo/critic_grad_norm,24,1791528504.8912358,35.03904724121094
0,ppo/critic_grad_norm,25,1791528531.043608,165.9725341796875
0,ppo/critic_grad_norm,26,1791529625.620324,92.48521423339844
0,ppo/critic_grad_norm,27,1791529654.368254,22.346914291381836
0,ppo/critic_grad_norm,28,1791529682.66197,8.340556144714355
0,ppo/critic_grad_norm,29,1791529710.7070749,24.541025161743164
0,ppo/critic_grad_norm,30,1791529737.0729103,26.673357009887695
0,ppo/critic_grad_norm,31,1791529763.4792616,25.937599182128906
0,ppo/critic_grad_norm,32,1791529789.9074466,59.06158447265625
0,ppo/critic_grad_norm,33,1791529818.8356168,60.51348114013672
0,ppo/critic_grad_norm,34,1791529846.0225794,19.223661422729492
0,ppo/critic_grad_norm,35,1791529874.0228338,40.427616119384766
0,ppo/critic_grad_norm,36,1791529900.9679363,24.787324905395508
0,ppo/critic_grad_norm,37,1791529927.8202448,31.692609786987305
0,ppo/critic_grad_norm,38,1791529954.5418546,179.89952087402344
0,ppo/critic_grad_norm,39,1791529982.8032176,49.66710662841797
0,ppo/critic_grad_norm,40,1791530009.7365916,59.5327262878418
0,ppo/critic_grad_norm,41,1791530037.1261292,34.248504638671875
0,ppo/critic_grad_norm,42,1791530063.871237,78.86852264404297
0,ppo/critic_grad_norm,43,1791530090.2902777,54.657623291015625
0,ppo/critic_grad_norm,44,1791530116.8515153,170.29345703125
0,ppo/critic_grad_norm,45,1791530145.5617688,107.00138854980469
0,ppo/critic_grad_norm,46,1791530172.8210018,80.44786071777344
0,ppo/critic_grad_norm,47,1791530201.1796532,40.265750885009766
0,ppo/critic_grad_norm,48,1791530228.5196354,87.77147674560547
0,ppo/critic_grad_norm,49,1791530255.882243,80.72120666503906
0,ppo/critic_grad_norm,50,1791530282.2426767,218.7457733154297
0,ppo/critic_grad_norm,51,1791530309.2275755,125.83799743652344
0,ppo/critic_grad_norm,52,1791530337.1951225,61.874656677246094
0,ppo/critic_grad_norm,53,1791530363.6089895,37.697120666503906
0,ppo/critic_grad_norm,54,1791530391.3220599,86.12022399902344
0,ppo/critic_grad_norm,55,1791530416.9531596,45.176841735839844
0,ppo/critic_grad_norm,56,1791530442.6875436,59.56308364868164
0,ppo/critic_grad_norm,57,1791530469.1450112,63.197750091552734
0,ppo/critic_grad_norm,58,1791530495.984553,70.98853302001953
0,ppo/critic_grad_norm,59,1791530522.8595486,51.05378723144531
0,ppo/critic_grad_norm,60,1791530549.1499844,99.25969696044922
0,ppo/critic_grad_norm,61,1791530575.0262969,64.12332153320312
0,ppo/critic_grad_norm,62,1791530600.73051,68.15897369384766
0,ppo/critic_grad_norm,63,1791530627.2072334,129.80577087402344
0,ppo/critic_grad_norm,64,1791530654.8111947,70.7362289428711
0,ppo/critic_grad_norm,65,1791530681.9689682,56.12382888793945
0,ppo/critic_grad_norm,66,1791530708.4814978,29.36678123474121
0,ppo/critic_grad_norm,67,1791530735.2772052,128.0813751220703
0,ppo/critic_grad_norm,68,1791530761.5727189,144.6610107421875
0,ppo/critic_grad_norm,69,1791530788.2895563,153.3514862060547
0,ppo/critic_grad_norm,70,1791530815.3073134,99.55796813964844
0,ppo/critic_grad_norm,71,1791530842.3515253,104.23088836669922
0,ppo/critic_grad_norm,72,1791530870.4529865,106.91681671142578
0,ppo/critic_grad_norm,73,1791530897.440342,101.53357696533203
0,ppo/critic_grad_norm,74,1791530924.0379415,117.23297882080078
0,ppo/critic_grad_norm,75,1791530950.9571733,107.83995819091797
0,ppo/critic_grad_norm,76,1791530977.8363671,50.79685592651367
0,ppo/critic_grad_norm,77,1791531005.309273,122.2804946899414
0,ppo/critic_grad_norm,78,1791531032.3428633,79.8601303100586
0,ppo/critic_grad_norm,79,1791531059.8648238,44.55396270751953
0,ppo/critic_grad_norm,80,1791531086.3646457,82.20993041992188
0,ppo/critic_grad_norm,81,1791531112.9221292,63.3217658996582
0,ppo/critic_grad_norm,82,1791531139.4430552,63.41489028930664
0,ppo/critic_grad_norm,83,1791531166.9741018,40.506004333496094
0,ppo/critic_grad_norm,84,1791531193.8203745,54.29792404174805
0,ppo/critic_grad_norm,85,1791531221.7070124,70.9822769165039
0,ppo/critic_grad_norm,86,1791531248.353371,45.74907684326172
0,ppo/critic_grad_norm,87,1791531275.1023088,43.71680450439453
0,ppo/critic_grad_norm,88,1791531301.6217144,51.85319137573242
0,ppo/critic_grad_norm,89,1791531328.958384,41.43016052246094
0,ppo/critic_grad_norm,90,1791531355.7656446,25.01600456237793
0,ppo/critic_grad_norm,91,1791531382.9404006,41.709041595458984
0,ppo/critic_grad_norm,92,1791531409.0811017,102.70170593261719
0,ppo/critic_grad_norm,93,1791531435.3007104,48.352874755859375
0,ppo/critic_grad_norm,94,1791531461.2312927,59.30514144897461
0,ppo/critic_grad_norm,95,1791531488.2741828,37.52802276611328
0,ppo/critic_grad_norm,96,1791531514.7174199,51.00047302246094
0,ppo/critic_grad_norm,97,1791531542.1671531,35.92786407470703
0,ppo/critic_grad_norm,98,1791531569.3047974,24.18857765197754
0,ppo/critic_grad_norm,99,1791531595.4463084,83.37476348876953
0,ppo/critic_grad_norm,100,1791531621.4207377,97.62110137939453
0,ppo/critic_grad_norm_preclip,1,1791527863.2695472,6.177016258239746
0,ppo/critic_grad_norm_preclip,2,1791527893.8532577,17.261125564575195
0,ppo/critic_grad_norm_preclip,3,1791527923.5864227,12.907389640808105
0,ppo/critic_grad_norm_preclip,4,1791527950.365479,16.656906127929688
0,ppo/critic_grad_norm_preclip,5,1791527978.6109736,13.134632110595703
0,ppo/critic_grad_norm_preclip,6,1791528004.4027414,11.020966529846191
0,ppo/critic_grad_norm_preclip,7,1791528030.9663725,19.15723419189453
0,ppo/critic_grad_norm_preclip,8,1791528061.9325712,19.4075870513916
0,ppo/critic_grad_norm_preclip,9,1791528090.2397106,6.741698741912842
0,ppo/critic_grad_norm_preclip,10,1791528116.5389159,8.07009506225586
0,ppo/critic_grad_norm_preclip,11,1791528142.7978055,11.0817289352417
0,ppo/critic_grad_norm_preclip,12,1791528169.304965,9.609484672546387
0,ppo/critic_grad_norm_preclip,13,1791528195.710298,56.57811737060547
0,ppo/critic_grad_norm_preclip,14,1791528225.263754,35.92832946777344
0,ppo/critic_grad_norm_preclip,15,1791528253.578509,5.40574836730957
0,ppo/critic_grad_norm_preclip,16,1791528283.3569477,8.387343406677246
0,ppo/critic_grad_norm_preclip,17,1791528309.5952492,17.727983474731445
0,ppo/critic_grad_norm_preclip,18,1791528336.4390793,19.26930046081543
0,ppo/critic_grad_norm_preclip,19,1791528362.8670108,106.34025573730469
0,ppo/critic_grad_norm_preclip,20,1791528393.359544,100.11244201660156
0,ppo/critic_grad_norm_preclip,21,1791528422.0025504,19.466711044311523
0,ppo/critic_grad_norm_preclip,22,1791528450.6466215,10.561747550964355
0,ppo/critic_grad_norm_preclip,23,1791528477.762026,38.88590621948242
0,ppo/critic_grad_norm_preclip,24,1791528504.8912501,35.03904724121094
0,ppo/critic_grad_norm_preclip,25,1791528531.0436223,165.9725341796875
0,ppo/critic_grad_norm_preclip,26,1791529625.6203384,92.48521423339844
0,ppo/critic_grad_norm_preclip,27,1791529654.3682683,22.346914291381836
0,ppo/critic_grad_norm_preclip,28,1791529682.6619847,8.340556144714355
0,ppo/critic_grad_norm_preclip,29,1791529710.7070887,24.541025161743164
0,ppo/critic_grad_norm_preclip,30,1791529737.0729246,26.673357009887695
0,ppo/critic_grad_norm_preclip,31,1791529763.479276,25.937599182128906
0,ppo/critic_grad_norm_preclip,32,1791529789.9074614,59.06158447265625
0,ppo/critic_grad_norm_preclip,33,1791529818.8356314,60.51348114013672
0,ppo/critic_grad_norm_preclip,34,1791529846.022594,19.223661422729492
0,ppo/critic_grad_norm_preclip,35,1791529874.022848,40.427616119384766
0,ppo/critic_grad_norm_preclip,36,1791529900.9679506,24.787324905395508
0,ppo/critic_grad_norm_preclip,37,1791529927.820259,31.692609786987305
0,ppo/critic_grad_norm_preclip,38,1791529954.5418808,179.89952087402344
0,ppo/critic_grad_norm_preclip,39,1791529982.803243,49.66710662841797
0,ppo/critic_grad_norm_preclip,40,1791530009.736608,59.5327262878418
0,ppo/critic_grad_norm_preclip,41,1791530037.126144,34.248504638671875
0,ppo/critic_grad_norm_preclip,42,1791530063.871251,78.86852264404297
0,ppo/critic_grad_norm_preclip,43,1791530090.290292,54.657623291015625
0,ppo/critic_grad_norm_preclip,44,1791530116.8515298,170.29345703125
0,ppo/critic_grad_norm_preclip,45,1791530145.5617878,107.00138854980469
0,ppo/critic_grad_norm_preclip,46,1791530172.821016,80.44786071777344
0,ppo/critic_grad_norm_preclip,47,1791530201.1796675,40.265750885009766
0,ppo/critic_grad_norm_preclip,48,1791530228.5196497,87.77147674560547
0,ppo/critic_grad_norm_preclip,49,1791530255.882256,80.72120666503906
0,ppo/critic_grad_norm_preclip,50,1791530282.242691,218.7457733154297
0,ppo/critic_grad_norm_preclip,51,1791530309.2275898,125.83799743652344
0,ppo/critic_grad_norm_preclip,52,1791530337.1951365,61.874656677246094
0,ppo/critic_grad_norm_preclip,53,1791530363.6090035,37.697120666503906
0,ppo/critic_grad_norm_preclip,54,1791530391.3220744,86.12022399902344
0,ppo/critic_grad_norm_preclip,55,1791530416.9531734,45.176841735839844
0,ppo/critic_grad_norm_preclip,56,1791530442.6875582,59.56308364868164
0,ppo/critic_grad_norm_preclip,57,1791530469.1450262,63.197750091552734
0,ppo/critic_grad_norm_preclip,58,1791530495.9845712,70.98853302001953
0,ppo/critic_grad_norm_preclip,59,1791530522.859563,51.05378723144531
0,ppo/critic_grad_norm_preclip,60,1791530549.1499987,99.25969696044922
0,ppo/critic_grad_norm_preclip,61,1791530575.0263107,64.12332153320312
0,ppo/critic_grad_norm_preclip,62,1791530600.7305255,68.15897369384766
0,ppo/critic_grad_norm_preclip,63,1791530627.2072566,129.80577087402344
0,ppo/critic_grad_norm_preclip,64,1791530654.811209,70.7362289428711
0,ppo/critic_grad_norm_preclip,65,1791530681.9689827,56.12382888793945
0,ppo/critic_grad_norm_preclip,66,1791530708.4815125,29.36678123474121
0,ppo/critic_grad_norm_preclip,67,1791530735.2772193,128.0813751220703
0,ppo/critic_grad_norm_preclip,68,1791530761.572733,144.6610107421875
0,ppo/critic_grad_norm_preclip,69,1791530788.2895737,153.3514862060547
0,ppo/critic_grad_norm_preclip,70,1791530815.3073275,99.55796813964844
0,ppo/critic_grad_norm_preclip,71,1791530842.3515394,104.23088836669922
0,ppo/critic_grad_norm_preclip,72,1791530870.4530013,106.91681671142578
0,ppo/critic_grad_norm_preclip,73,1791530897.4403577,101.53357696533203
0,ppo/critic_grad_norm_preclip,74,1791530924.037958,117.23297882080078
0,ppo/critic_grad_norm_preclip,75,1791530950.9571886,107.83995819091797
0,ppo/critic_grad_norm_preclip,76,1791530977.8363817,50.79685592651367
0,ppo/critic_grad_norm_preclip,77,1791531005.309287,122.2804946899414
0,ppo/critic_grad_norm_preclip,78,1791531032.3428779,79.8601303100586
0,ppo/critic_grad_norm_preclip,79,1791531059.8648388,44.55396270751953
0,ppo/critic_grad_norm_preclip,80,1791531086.3646603,82.20993041992188
0,ppo/critic_grad_norm_preclip,81,1791531112.922144,63.3217658996582
0,ppo/critic_grad_norm_preclip,82,1791531139.4430692,63.41489028930664
0,ppo/critic_grad_norm_preclip,83,1791531166.9741163,40.506004333496094
0,ppo/critic_grad_norm_preclip,84,1791531193.820389,54.29792404174805
0,ppo/critic_grad_norm_preclip,85,1791531221.707027,70.9822769165039
0,ppo/critic_grad_norm_preclip,86,1791531248.3533854,45.74907684326172
0,ppo/critic_grad_norm_preclip,87,1791531275.1023242,43.71680450439453
0,ppo/critic_grad_norm_preclip,88,1791531301.6217291,51.85319137573242
0,ppo/critic_grad_norm_preclip,89,1791531328.958399,41.43016052246094
0,ppo/critic_grad_norm_preclip,90,1791531355.765659,25.01600456237793
0,ppo/critic_grad_norm_preclip,91,1791531382.940415,41.709041595458984
0,ppo/critic_grad_norm_preclip,92,1791531409.081116,102.70170593261719
0,ppo/critic_grad_norm_preclip,93,1791531435.3007247,48.352874755859375
0,ppo/critic_grad_norm_preclip,94,1791531461.2313068,59.30514144897461
0,ppo/critic_grad_norm_preclip,95,1791531488.2741983,37.52802276611328
0,ppo/critic_grad_norm_preclip,96,1791531514.7174346,51.00047302246094
0,ppo/critic_grad_norm_preclip,97,1791531542.1671677,35.92786407470703
0,ppo/critic_grad_norm_preclip,98,1791531569.3048112,24.18857765197754
0,ppo/critic_grad_norm_preclip,99,1791531595.4463232,83.37476348876953
0,ppo/critic_grad_norm_preclip,100,1791531621.420752,97.62110137939453
0,ppo/critic_lr,1,1791527863.2703452,0.0003000000142492354
0,ppo/critic_lr,2,1791527893.85398,0.0003000000142492354
0,ppo/critic_lr,3,1791527923.587193,0.0003000000142492354
0,ppo/critic_lr,4,1791527950.3661582,0.0003000000142492354
0,ppo/critic_lr,5,1791527978.6116936,0.0003000000142492354
0,ppo/critic_lr,6,1791528004.4032836,0.0003000000142492354
0,ppo/critic_lr,7,1791528030.9673157,0.0003000000142492354
0,ppo/critic_lr,8,1791528061.933371,0.0003000000142492354
0,ppo/critic_lr,9,1791528090.2400856,0.0003000000142492354
0,ppo/critic_lr,10,1791528116.5393324,0.0003000000142492354
0,ppo/critic_lr,11,1791528142.7982538,0.0003000000142492354
0,ppo/critic_lr,12,1791528169.3053386,0.0003000000142492354
0,ppo/critic_lr,13,1791528195.7106416,0.0003000000142492354
0,ppo/critic_lr,14,1791528225.264123,0.0003000000142492354
0,ppo/critic_lr,15,1791528253.5789685,0.0003000000142492354
0,ppo/critic_lr,16,1791528283.3576617,0.0003000000142492354
0,ppo/critic_lr,17,1791528309.5956953,0.0003000000142492354
0,ppo/critic_lr,18,1791528336.4394097,0.0003000000142492354
0,ppo/critic_lr,19,1791528362.8672812,0.0003000000142492354
0,ppo/critic_lr,20,1791528393.3602908,0.0003000000142492354
0,ppo/critic_lr,21,1791528422.0029843,0.0003000000142492354
0,ppo/critic_lr,22,1791528450.6472259,0.0003000000142492354
0,ppo/critic_lr,23,1791528477.7623868,0.0003000000142492354
0,ppo/critic_lr,24,1791528504.8916938,0.0003000000142492354
0,ppo/critic_lr,25,1791528531.0440953,0.0003000000142492354
0,ppo/critic_lr,26,1791529625.621217,0.0003000000142492354
0,ppo/critic_lr,27,1791529654.3686066,0.0003000000142492354
0,ppo/critic_lr,28,1791529682.66251,0.0003000000142492354
0,ppo/critic_lr,29,1791529710.7079575,0.0003000000142492354
0,ppo/critic_lr,30,1791529737.0737019,0.0003000000142492354
0,ppo/critic_lr,31,1791529763.4795537,0.0003000000142492354
0,ppo/critic_lr,32,1791529789.9077961,0.0003000000142492354
0,ppo/critic_lr,33,1791529818.8364267,0.0003000000142492354
0,ppo/critic_lr,34,1791529846.023232,0.0003000000142492354
0,ppo/critic_lr,35,1791529874.0234222,0.0003000000142492354
0,ppo/critic_lr,36,1791529900.9686,0.0003000000142492354
0,ppo/critic_lr,37,1791529927.8207283,0.0003000000142492354
0,ppo/critic_lr,38,1791529954.5423956,0.0003000000142492354
0,ppo/critic_lr,39,1791529982.8037667,0.0003000000142492354
0,ppo/critic_lr,40,1791530009.7370064,0.0003000000142492354
0,ppo/critic_lr,41,1791530037.126719,0.0003000000142492354
0,ppo/critic_lr,42,1791530063.8715782,0.0003000000142492354
0,ppo/critic_lr,43,1791530090.2906225,0.0003000000142492354
0,ppo/critic_lr,44,1791530116.85203,0.0003000000142492354
0,ppo/critic_lr,45,1791530145.5624444,0.0003000000142492354
0,ppo/critic_lr,46,1791530172.8218749,0.0003000000142492354
0,ppo/critic_lr,47,1791530201.1803389,0.0003000000142492354
0,ppo/critic_lr,48,1791530228.520238,0.0003000000142492354
0,ppo/critic_lr,49,1791530255.8825498,0.0003000000142492354
0,ppo/critic_lr,50,1791530282.243142,0.0003000000142492354
0,ppo/critic_lr,51,1791530309.2279356,0.0003000000142492354
0,ppo/critic_lr,52,1791530337.1954854,0.0003000000142492354
0,ppo/critic_lr,53,1791530363.61118,0.0003000000142492354
0,ppo/critic_lr,54,1791530391.3223777,0.0003000000142492354
0,ppo/critic_lr,55,1791530416.953527,0.0003000000142492354
0,ppo/critic_lr,56,1791530442.7781088,0.0003000000142492354
0,ppo/critic_lr,57,1791530469.145415,0.0003000000142492354
0,ppo/critic_lr,58,1791530495.9848928,0.0003000000142492354
0,ppo/critic_lr,59,1791530522.8599184,0.0003000000142492354
0,ppo/critic_lr,60,1791530549.150353,0.0003000000142492354
0,ppo/critic_lr,61,1791530575.026708,0.0003000000142492354
0,ppo/critic_lr,62,1791530600.730832,0.0003000000142492354
0,ppo/critic_lr,63,1791530627.2076454,0.0003000000142492354
0,ppo/critic_lr,64,1791530654.8115516,0.0003000000142492354
0,ppo/critic_lr,65,1791530681.9693296,0.0003000000142492354
0,ppo/critic_lr,66,1791530708.4818807,0.0003000000142492354
0,ppo/critic_lr,67,1791530735.2775905,0.0003000000142492354
0,ppo/critic_lr,68,1791530761.5730948,0.0003000000142492354
0,ppo/critic_lr,69,1791530788.289925,0.0003000000142492354
0,ppo/critic_lr,70,1791530815.3076544,0.0003000000142492354
0,ppo/critic_lr,71,1791530842.3518715,0.0003000000142492354
0,ppo/critic_lr,72,1791530870.4534838,0.0003000000142492354
0,ppo/critic_lr,73,1791530897.4406924,0.0003000000142492354
0,ppo/critic_lr,74,1791530924.0382888,0.0003000000142492354
0,ppo/critic_lr,75,1791530950.957536,0.0003000000142492354
0,ppo/critic_lr,76,1791530977.836719,0.0003000000142492354
0,ppo/critic_lr,77,1791531005.3096745,0.0003000000142492354
0,ppo/critic_lr,78,1791531032.343327,0.0003000000142492354
0,ppo/critic_lr,79,1791531059.8652053,0.0003000000142492354
0,ppo/critic_lr,80,1791531086.365038,0.0003000000142492354
0,ppo/critic_lr,81,1791531112.9225001,0.0003000000142492354
0,ppo/critic_lr,82,1791531139.443413,0.0003000000142492354
0,ppo/critic_lr,83,1791531166.9745975,0.0003000000142492354
0,ppo/critic_lr,84,1791531193.8207514,0.0003000000142492354
0,ppo/critic_lr,85,1791531221.7074327,0.0003000000142492354
0,ppo/critic_lr,86,1791531248.353833,0.0003000000142492354
0,ppo/critic_lr,87,1791531275.102635,0.0003000000142492354
0,ppo/critic_lr,88,1791531301.622091,0.0003000000142492354
0,ppo/critic_lr,89,1791531328.9587667,0.0003000000142492354
0,ppo/critic_lr,90,1791531355.7660046,0.0003000000142492354
0,ppo/critic_lr,91,1791531382.940717,0.0003000000142492354
0,ppo/critic_lr,92,1791531409.0814438,0.0003000000142492354
0,ppo/critic_lr,93,1791531435.3010883,0.0003000000142492354
0,ppo/critic_lr,94,1791531461.23167,0.0003000000142492354
0,ppo/critic_lr,95,1791531488.2748196,0.0003000000142492354
0,ppo/critic_lr,96,1791531514.718076,0.0003000000142492354
0,ppo/critic_lr,97,1791531542.167604,0.0003000000142492354
0,ppo/critic_lr,98,1791531569.3054595,0.0003000000142492354
0,ppo/critic_lr,99,1791531595.4467008,0.0003000000142492354
0,ppo/critic_lr,100,1791531621.4211066,0.0003000000142492354
0,ppo/entropy,1,1791527863.2695253,-0.6689575910568237
0,ppo/entropy,2,1791527893.8532152,-0.6692833304405212
0,ppo/entropy,3,1791527923.5863817,-0.6696226596832275
0,ppo/entropy,4,1791527950.3654585,-0.6704515814781189
0,ppo/entropy,5,1791527978.6109529,-0.6714575290679932
0,ppo/entropy,6,1791528004.4027207,-0.6721639037132263
0,ppo/entropy,7,1791528030.9663515,-0.6719985604286194
0,ppo/entropy,8,1791528061.9325461,-0.6721836924552917
0,ppo/entropy,9,1791528090.239689,-0.671964168548584
0,ppo/entropy,10,1791528116.5388875,-0.6725032925605774
0,ppo/entropy,11,1791528142.7977843,-0.673687219619751
0,ppo/entropy,12,1791528169.3049443,-0.674592912197113
0,ppo/entropy,13,1791528195.7102702,-0.6758511662483215
0,ppo/entropy,14,1791528225.2637293,-0.6770983338356018
0,ppo/entropy,15,1791528253.578488,-0.6788943409919739
0,ppo/entropy,16,1791528283.3569274,-0.680661141872406
0,ppo/entropy,17,1791528309.5952253,-0.6812626719474792
0,ppo/entropy,18,1791528336.4390576,-0.6811647415161133
0,ppo/entropy,19,1791528362.8669899,-0.6815695762634277
0,ppo/entropy,20,1791528393.359512,-0.6820744872093201
0,ppo/entropy,21,1791528422.0025206,-0.6833656430244446
0,ppo/entropy,22,1791528450.6465952,-0.6849702000617981
0,ppo/entropy,23,1791528477.762005,-0.6857604384422302
0,ppo/entropy,24,1791528504.891229,-0.6858948469161987
0,ppo/entropy,25,1791528531.0436008,-0.6860480308532715
0,ppo/entropy,26,1791529625.6203077,-0.6860613226890564
0,ppo/entropy,27,1791529654.3682473,-0.6866046190261841
0,ppo/entropy,28,1791529682.661955,-0.6875064969062805
0,ppo/entropy,29,1791529710.7070587,-0.6887348890304565
0,ppo/entropy,30,1791529737.0729034,-0.689339280128479
0,ppo/entropy,31,1791529763.4792547,-0.6904790997505188
0,ppo/entropy,32,1791529789.9074397,-0.6902689337730408
0,ppo/entropy,33,1791529818.8356001,-0.69057697057724
0,ppo/entropy,34,1791529846.0225723,-0.6921092867851257
0,ppo/entropy,35,1791529874.022827,-0.6933171153068542
0,ppo/entropy,36,1791529900.967929,-0.6943104267120361
0,ppo/entropy,37,1791529927.8202372,-0.6954957246780396
0,ppo/entropy,38,1791529954.5418482,-0.6956592202186584
0,ppo/entropy,39,1791529982.80321,-0.6958023905754089
0,ppo/entropy,40,1791530009.7365844,-0.6959166526794434
0,ppo/entropy,41,1791530037.126122,-0.6963784098625183
0,ppo/entropy,42,1791530063.871223,-0.696906566619873
0,ppo/entropy,43,1791530090.2902708,-0.697812557220459
0,ppo/entropy,44,1791530116.8515084,-0.6991375088691711
0,ppo/entropy,45,1791530145.561762,-0.7011451721191406
0,ppo/entropy,46,1791530172.8209949,-0.7027103900909424
0,ppo/entropy,47,1791530201.1796463,-0.7033495306968689
0,ppo/entropy,48,1791530228.5196285,-0.704481303691864
0,ppo/entropy,49,1791530255.882236,-0.7054058313369751
0,ppo/entropy,50,1791530282.2426703,-0.7065605521202087
0,ppo/entropy,51,1791530309.227566,-0.7082287073135376
0,ppo/entropy,52,1791530337.1951158,-0.7104833126068115
0,ppo/entropy,53,1791530363.6089828,-0.7123557925224304
0,ppo/entropy,54,1791530391.3220532,-0.7125818133354187
0,ppo/entropy,55,1791530416.9531531,-0.7121642231941223
0,ppo/entropy,56,1791530442.6875365,-0.7128123044967651
0,ppo/entropy,57,1791530469.1450043,-0.7128614187240601
0,ppo/entropy,58,1791530495.9845467,-0.712680995464325
0,ppo/entropy,59,1791530522.8595417,-0.7122311592102051
0,ppo/entropy,60,1791530549.1499774,-0.7126929759979248
0,ppo/entropy,61,1791530575.02629,-0.7137235403060913
0,ppo/entropy,62,1791530600.7305033,-0.7149889469146729
0,ppo/entropy,63,1791530627.2072217,-0.7162395715713501
0,ppo/entropy,64,1791530654.8111873,-0.719209611415863
0,ppo/entropy,65,1791530681.9689615,-0.7204070687294006
0,ppo/entropy,66,1791530708.48149,-0.7200385332107544
0,ppo/entropy,67,1791530735.2771986,-0.7201024889945984
0,ppo/entropy,68,1791530761.5727122,-0.7205491065979004
0,ppo/entropy,69,1791530788.2895494,-0.7211303114891052
0,ppo/entropy,70,1791530815.3073063,-0.7214091420173645
0,ppo/entropy,71,1791530842.3515177,-0.7212344408035278
0,ppo/entropy,72,1791530870.4529796,-0.7220532894134521
0,ppo/entropy,73,1791530897.4403348,-0.7226943373680115
0,ppo/entropy,74,1791530924.0379348,-0.7237246036529541
0,ppo/entropy,75,1791530950.9571664,-0.7247081995010376
0,ppo/entropy,76,1791530977.8363605,-0.7263317108154297
0,ppo/entropy,77,1791531005.309266,-0.7277377843856812
0,ppo/entropy,78,1791531032.3428566,-0.7282576560974121
0,ppo/entropy,79,1791531059.8648167,-0.7289505004882812
0,ppo/entropy,80,1791531086.3646388,-0.729377269744873
0,ppo/entropy,81,1791531112.9221218,-0.7296557426452637
0,ppo/entropy,82,1791531139.4430482,-0.7292635440826416
0,ppo/entropy,83,1791531166.9740949,-0.7288207411766052
0,ppo/entropy,84,1791531193.8203673,-0.7285377979278564
0,ppo/entropy,85,1791531221.7070057,-0.7287130951881409
0,ppo/entropy,86,1791531248.3533638,-0.7292001247406006
0,ppo/entropy,87,1791531275.1023014,-0.7298544049263
0,ppo/entropy,88,1791531301.6217072,-0.7300470471382141
0,ppo/entropy,89,1791531328.958377,-0.7305154800415039
0,ppo/entropy,90,1791531355.7656376,-0.7304561138153076
0,ppo/entropy,91,1791531382.940393,-0.7308670282363892
0,ppo/entropy,92,1791531409.0810947,-0.7321524620056152
0,ppo/entropy,93,1791531435.3007033,-0.7332559823989868
0,ppo/entropy,94,1791531461.231286,-0.7343669533729553
0,ppo/entropy,95,1791531488.274165,-0.7350323796272278
0,ppo/entropy,96,1791531514.7174132,-0.7355461716651917
0,ppo/entropy,97,1791531542.1671464,-0.7360588908195496
0,ppo/entropy,98,1791531569.3047905,-0.7369458675384521
0,ppo/entropy,99,1791531595.4463015,-0.7381384968757629
0,ppo/entropy,100,1791531621.420731,-0.7382850050926208
0,ppo/exact_kl,1,1791527863.2695394,0.0015106172068044543
0,ppo/exact_kl,2,1791527893.85325,0.0012908147182315588
0,ppo/exact_kl,3,1791527923.5864155,0.0033377830404788256
0,ppo/exact_kl,4,1791527950.3654716,0.003518871497362852
0,ppo/exact_kl,5,1791527978.610966,0.0033548856154084206
0,ppo/exact_kl,6,1791528004.4027338,0.001405365183018148
0,ppo/exact_kl,7,1791528030.9663649,0.0021851977799087763
0,ppo/exact_kl,8,1791528061.9325593,0.0020598196424543858
0,ppo/exact_kl,9,1791528090.2397027,0.0034105582162737846
0,ppo/exact_kl,10,1791528116.538908,0.0024756756611168385
0,ppo/exact_kl,11,1791528142.7977977,0.0017418344505131245
0,ppo/exact_kl,12,1791528169.3049572,0.0021206410601735115
0,ppo/exact_kl,13,1791528195.7102907,0.0003793899668380618
0,ppo/exact_kl,14,1791528225.2637448,0.0030192690901458263
0,ppo/exact_kl,15,1791528253.5785017,0.002722813980653882
0,ppo/exact_kl,16,1791528283.3569405,0.002555935177952051
0,ppo/exact_kl,17,1791528309.5952413,0.001302457065321505
0,ppo/exact_kl,18,1791528336.4390714,0.0019134049070999026
0,ppo/exact_kl,19,1791528362.8670032,0.0018420134438201785
0,ppo/exact_kl,20,1791528393.3595355,0.0022868639789521694
0,ppo/exact_kl,21,1791528422.0025427,0.0013234935468062758
0,ppo/exact_kl,22,1791528450.646614,0.002182189142331481
0,ppo/exact_kl,23,1791528477.7620182,0.0012761533726006746
0,ppo/exact_kl,24,1791528504.8912427,0.003632595529779792
0,ppo/exact_kl,25,1791528531.0436146,0.0020102416165173054
0,ppo/exact_kl,26,1791529625.6203308,0.0031300028786063194
0,ppo/exact_kl,27,1791529654.3682609,0.0031354809179902077
0,ppo/exact_kl,28,1791529682.661977,0.0020494188647717237
0,ppo/exact_kl,29,1791529710.7070813,0.0013991179876029491
0,ppo/exact_kl,30,1791529737.072917,0.0019868388772010803
0,ppo/exact_kl,31,1791529763.4792686,0.0006088443333283067
0,ppo/exact_kl,32,1791529789.9074533,0.0019718301482498646
0,ppo/exact_kl,33,1791529818.8356233,0.0019487764220684767
0,ppo/exact_kl,34,1791529846.0225863,0.0023870598524808884
0,ppo/exact_kl,35,1791529874.0228403,0.003253685776144266
0,ppo/exact_kl,36,1791529900.9679432,0.001068000216037035
0,ppo/exact_kl,37,1791529927.8202517,0.0011016225907951593
0,ppo/exact_kl,38,1791529954.5418618,0.0027499375864863396
0,ppo/exact_kl,39,1791529982.8032353,0.002649062080308795
0,ppo/exact_kl,40,1791530009.7366006,0.003596832510083914
0,ppo/exact_kl,41,1791530037.126136,0.0042054057121276855
0,ppo/exact_kl,42,1791530063.8712437,0.0026240034494549036
0,ppo/exact_kl,43,1791530090.2902844,0.00016028882237151265
0,ppo/exact_kl,44,1791530116.851522,0.002501308685168624
0,ppo/exact_kl,45,1791530145.561776,0.0028951866552233696
0,ppo/exact_kl,46,1791530172.8210084,0.002526308409869671
0,ppo/exact_kl,47,1791530201.1796598,0.0016028943937271833
0,ppo/exact_kl,48,1791530228.519642,0.0024494845420122147
0,ppo/exact_kl,49,1791530255.882249,0.0034985472448170185
0,ppo/exact_kl,50,1791530282.2426834,0.0036887340247631073
0,ppo/exact_kl,51,1791530309.227582,0.0022518299520015717
0,ppo/exact_kl,52,1791530337.1951292,0.0034380301367491484
0,ppo/exact_kl,53,1791530363.608996,0.001090538571588695
0,ppo/exact_kl,54,1791530391.3220665,0.0009461117442697287
0,ppo/exact_kl,55,1791530416.953166,0.003799149999395013
0,ppo/exact_kl,56,1791530442.6875508,0.0010265789460390806
0,ppo/exact_kl,57,1791530469.1450179,0.00308675947599113
0,ppo/exact_kl,58,1791530495.9845598,0.0017579765990376472
0,ppo/exact_kl,59,1791530522.8595552,0.0026648587081581354
0,ppo/exact_kl,60,1791530549.1499908,0.002538458677008748
0,ppo/exact_kl,61,1791530575.0263033,0.00028206020942889154
0,ppo/exact_kl,62,1791530600.7305171,0.0010576784843578935
0,ppo/exact_kl,63,1791530627.2072444,0.0020770977716892958
0,ppo/exact_kl,64,1791530654.8112016,0.0014173283707350492
0,ppo/exact_kl,65,1791530681.9689755,0.002144449856132269
0,ppo/exact_kl,66,1791530708.4815047,0.0024716821499168873
0,ppo/exact_kl,67,1791530735.277212,0.0022579110227525234
0,ppo/exact_kl,68,1791530761.5727253,0.0009287166176363826
0,ppo/exact_kl,69,1791530788.2895637,0.0105178477242589
0,ppo/exact_kl,70,1791530815.30732,0.0032044854015111923
0,ppo/exact_kl,71,1791530842.351532,0.002205349737778306
0,ppo/exact_kl,72,1791530870.4529934,0.0016504600644111633
0,ppo/exact_kl,73,1791530897.4403493,0.0013727473560720682
0,ppo/exact_kl,74,1791530924.0379484,0.004003598354756832
0,ppo/exact_kl,75,1791530950.95718,0.0009847054025158286
0,ppo/exact_kl,76,1791530977.8363738,0.0015735221095383167
0,ppo/exact_kl,77,1791531005.3092797,0.0009845159947872162
0,ppo/exact_kl,78,1791531032.3428702,0.0024869870394468307
0,ppo/exact_kl,79,1791531059.8648305,0.001771330600604415
0,ppo/exact_kl,80,1791531086.3646524,0.0016694164369255304
0,ppo/exact_kl,81,1791531112.9221358,0.0032449972350150347
0,ppo/exact_kl,82,1791531139.4430616,0.0015825345180928707
0,ppo/exact_kl,83,1791531166.9741085,0.002682170830667019
0,ppo/exact_kl,84,1791531193.8203814,0.0010864350479096174
0,ppo/exact_kl,85,1791531221.707019,0.0026186425238847733
0,ppo/exact_kl,86,1791531248.353378,0.00175070995464921
0,ppo/exact_kl,87,1791531275.1023161,0.0019959670025855303
0,ppo/exact_kl,88,1791531301.621721,0.0013854202115908265
0,ppo/exact_kl,89,1791531328.9583912,0.00202194438315928
0,ppo/exact_kl,90,1791531355.7656512,0.0015226167161017656
0,ppo/exact_kl,91,1791531382.9404073,0.004154551774263382
0,ppo/exact_kl,92,1791531409.0811083,0.0005920350085943937
0,ppo/exact_kl,93,1791531435.3007169,0.0004153759218752384
0,ppo/exact_kl,94,1791531461.2312992,0.0016861114418134093
0,ppo/exact_kl,95,1791531488.2741897,0.0014227071078494191
0,ppo/exact_kl,96,1791531514.7174268,0.0019789421930909157
0,ppo/exact_kl,97,1791531542.16716,0.0011793614830821753
0,ppo/exact_kl,98,1791531569.304804,0.000748604943510145
0,ppo/exact_kl,99,1791531595.4463153,0.003319877665489912
0,ppo/exact_kl,100,1791531621.4207442,0.0010261249262839556
0,ppo/hard_kl_stop,1,1791527863.2703323,0.0
0,ppo/hard_kl_stop,2,1791527893.853959,0.0
0,ppo/hard_kl_stop,3,1791527923.5869884,0.0
0,ppo/hard_kl_stop,4,1791527950.3658137,0.0
0,ppo/hard_kl_stop,5,1791527978.611546,0.0
0,ppo/hard_kl_stop,6,1791528004.4031894,0.0
0,ppo/hard_kl_stop,7,1791528030.9671826,0.0
0,ppo/hard_kl_stop,8,1791528061.9331872,0.0
0,ppo/hard_kl_stop,9,1791528090.2400136,0.0
0,ppo/hard_kl_stop,10,1791528116.539167,0.0
0,ppo/hard_kl_stop,11,1791528142.79809,0.0
0,ppo/hard_kl_stop,12,1791528169.3052669,0.0
0,ppo/hard_kl_stop,13,1791528195.7106297,0.0
0,ppo/hard_kl_stop,14,1791528225.2640588,0.0
0,ppo/hard_kl_stop,15,1791528253.5787342,0.0
0,ppo/hard_kl_stop,16,1791528283.3574882,0.0
0,ppo/hard_kl_stop,17,1791528309.5955534,0.0
0,ppo/hard_kl_stop,18,1791528336.439354,0.0
0,ppo/hard_kl_stop,19,1791528362.8672273,0.0
0,ppo/hard_kl_stop,20,1791528393.3601284,0.0
0,ppo/hard_kl_stop,21,1791528422.002832,0.0
0,ppo/hard_kl_stop,22,1791528450.6471658,0.0
0,ppo/hard_kl_stop,23,1791528477.762373,0.0
0,ppo/hard_kl_stop,24,1791528504.8915367,0.0
0,ppo/hard_kl_stop,25,1791528531.0440812,0.0
0,ppo/hard_kl_stop,26,1791529625.6211512,0.0
0,ppo/hard_kl_stop,27,1791529654.3685858,0.0
0,ppo/hard_kl_stop,28,1791529682.6624978,0.0
0,ppo/hard_kl_stop,29,1791529710.707944,0.0
0,ppo/hard_kl_stop,30,1791529737.0735304,0.0
0,ppo/hard_kl_stop,31,1791529763.4794984,0.0
0,ppo/hard_kl_stop,32,1791529789.9077818,0.0
0,ppo/hard_kl_stop,33,1791529818.836168,0.0
0,ppo/hard_kl_stop,34,1791529846.0231047,0.0
0,ppo/hard_kl_stop,35,1791529874.0233383,0.0
0,ppo/hard_kl_stop,36,1791529900.9684546,0.0
0,ppo/hard_kl_stop,37,1791529927.8206577,0.0
0,ppo/hard_kl_stop,38,1791529954.542168,0.0
0,ppo/hard_kl_stop,39,1791529982.8037555,0.0
0,ppo/hard_kl_stop,40,1791530009.7368655,0.0
0,ppo/hard_kl_stop,41,1791530037.1266963,0.0
0,ppo/hard_kl_stop,42,1791530063.8715198,0.0
0,ppo/hard_kl_stop,43,1791530090.2905636,0.0
0,ppo/hard_kl_stop,44,1791530116.8519006,0.0
0,ppo/hard_kl_stop,45,1791530145.5623496,0.0
0,ppo/hard_kl_stop,46,1791530172.8216858,0.0
0,ppo/hard_kl_stop,47,1791530201.180013,0.0
0,ppo/hard_kl_stop,48,1791530228.5201418,0.0
0,ppo/hard_kl_stop,49,1791530255.8824933,0.0
0,ppo/hard_kl_stop,50,1791530282.2429836,0.0
0,ppo/hard_kl_stop,51,1791530309.227924,0.0
0,ppo/hard_kl_stop,52,1791530337.195395,0.0
0,ppo/hard_kl_stop,53,1791530363.611047,0.0
0,ppo/hard_kl_stop,54,1791530391.3223224,0.0
0,ppo/hard_kl_stop,55,1791530416.9534698,0.0
0,ppo/hard_kl_stop,56,1791530442.7780774,0.0
0,ppo/hard_kl_stop,57,1791530469.1452472,0.0
0,ppo/hard_kl_stop,58,1791530495.9848464,0.0
0,ppo/hard_kl_stop,59,1791530522.8598979,0.0
0,ppo/hard_kl_stop,60,1791530549.1502945,0.0
0,ppo/hard_kl_stop,61,1791530575.026575,0.0
0,ppo/hard_kl_stop,62,1791530600.73077,0.0
0,ppo/hard_kl_stop,63,1791530627.2075777,0.0
0,ppo/hard_kl_stop,64,1791530654.8115375,0.0
0,ppo/hard_kl_stop,65,1791530681.9692698,0.0
0,ppo/hard_kl_stop,66,1791530708.4817486,0.0
0,ppo/hard_kl_stop,67,1791530735.2775311,0.0
0,ppo/hard_kl_stop,68,1791530761.573034,0.0
0,ppo/hard_kl_stop,69,1791530788.2899106,0.0
0,ppo/hard_kl_stop,70,1791530815.3075993,0.0
0,ppo/hard_kl_stop,71,1791530842.351859,0.0
0,ppo/hard_kl_stop,72,1791530870.4533248,0.0
0,ppo/hard_kl_stop,73,1791530897.4406128,0.0
0,ppo/hard_kl_stop,74,1791530924.0382314,0.0
0,ppo/hard_kl_stop,75,1791530950.9575233,0.0
0,ppo/hard_kl_stop,76,1791530977.8366647,0.0
0,ppo/hard_kl_stop,77,1791531005.3096628,0.0
0,ppo/hard_kl_stop,78,1791531032.3433006,0.0
0,ppo/hard_kl_stop,79,1791531059.8651924,0.0
0,ppo/hard_kl_stop,80,1791531086.364965,0.0
0,ppo/hard_kl_stop,81,1791531112.922488,0.0
0,ppo/hard_kl_stop,82,1791531139.443354,0.0
0,ppo/hard_kl_stop,83,1791531166.974322,0.0
0,ppo/hard_kl_stop,84,1791531193.8206854,0.0
0,ppo/hard_kl_stop,85,1791531221.707292,0.0
0,ppo/hard_kl_stop,86,1791531248.353679,0.0
0,ppo/hard_kl_stop,87,1791531275.1025782,0.0
0,ppo/hard_kl_stop,88,1791531301.622034,0.0
0,ppo/hard_kl_stop,89,1791531328.9587536,0.0
0,ppo/hard_kl_stop,90,1791531355.7659478,0.0
0,ppo/hard_kl_stop,91,1791531382.9406526,0.0
0,ppo/hard_kl_stop,92,1791531409.0813868,0.0
0,ppo/hard_kl_stop,93,1791531435.3010678,0.0
0,ppo/hard_kl_stop,94,1791531461.2316139,0.0
0,ppo/hard_kl_stop,95,1791531488.2748075,0.0
0,ppo/hard_kl_stop,96,1791531514.718021,0.0
0,ppo/hard_kl_stop,97,1791531542.1675897,0.0
0,ppo/hard_kl_stop,98,1791531569.3053253,0.0
0,ppo/hard_kl_stop,99,1791531595.4466798,0.0
0,ppo/hard_kl_stop,100,1791531621.4210463,0.0
0,ppo/mean_kl,1,1791527863.269536,0.0015106172068044543
0,ppo/mean_kl,2,1791527893.8532274,0.0012908147182315588
0,ppo/mean_kl,3,1791527923.586412,0.0033377830404788256
0,ppo/mean_kl,4,1791527950.3654685,0.003518871497362852
0,ppo/mean_kl,5,1791527978.6109626,0.0033548856154084206
0,ppo/mean_kl,6,1791528004.4027307,0.001405365183018148
0,ppo/mean_kl,7,1791528030.9663615,0.0021851977799087763
0,ppo/mean_kl,8,1791528061.932556,0.0020598196424543858
0,ppo/mean_kl,9,1791528090.2396991,0.0034105582162737846
0,ppo/mean_kl,10,1791528116.5389047,0.0024756756611168385
0,ppo/mean_kl,11,1791528142.7977946,0.0017418344505131245
0,ppo/mean_kl,12,1791528169.304954,0.0021206410601735115
0,ppo/mean_kl,13,1791528195.7102876,0.0003793899668380618
0,ppo/mean_kl,14,1791528225.2637393,0.0030192690901458263
0,ppo/mean_kl,15,1791528253.5784984,0.002722813980653882
0,ppo/mean_kl,16,1791528283.3569374,0.002555935177952051
0,ppo/mean_kl,17,1791528309.595238,0.001302457065321505
0,ppo/mean_kl,18,1791528336.439068,0.0019134049070999026
0,ppo/mean_kl,19,1791528362.8669999,0.0018420134438201785
0,ppo/mean_kl,20,1791528393.359532,0.0022868639789521694
0,ppo/mean_kl,21,1791528422.0025392,0.0013234935468062758
0,ppo/mean_kl,22,1791528450.6466107,0.002182189142331481
0,ppo/mean_kl,23,1791528477.7620149,0.0012761533726006746
0,ppo/mean_kl,24,1791528504.8912394,0.003632595529779792
0,ppo/mean_kl,25,1791528531.0436113,0.0020102416165173054
0,ppo/mean_kl,26,1791529625.6203275,0.0031300028786063194
0,ppo/mean_kl,27,1791529654.3682573,0.0031354809179902077
0,ppo/mean_kl,28,1791529682.6619737,0.0020494188647717237
0,ppo/mean_kl,29,1791529710.7070782,0.0013991179876029491
0,ppo/mean_kl,30,1791529737.0729136,0.0019868388772010803
0,ppo/mean_kl,31,1791529763.4792652,0.0006088443333283067
0,ppo/mean_kl,32,1791529789.90745,0.0019718301482498646
0,ppo/mean_kl,33,1791529818.8356202,0.0019487764220684767
0,ppo/mean_kl,34,1791529846.022583,0.0023870598524808884
0,ppo/mean_kl,35,1791529874.022837,0.003253685776144266
0,ppo/mean_kl,36,1791529900.9679396,0.001068000216037035
0,ppo/mean_kl,37,1791529927.8202481,0.0011016225907951593
0,ppo/mean_kl,38,1791529954.5418582,0.0027499375864863396
0,ppo/mean_kl,39,1791529982.803232,0.002649062080308795
0,ppo/mean_kl,40,1791530009.7365973,0.003596832510083914
0,ppo/mean_kl,41,1791530037.1261325,0.0042054057121276855
0,ppo/mean_kl,42,1791530063.8712404,0.0026240034494549036
0,ppo/mean_kl,43,1791530090.290281,0.00016028882237151265
0,ppo/mean_kl,44,1791530116.8515186,0.002501308685168624
0,ppo/mean_kl,45,1791530145.5617726,0.0028951866552233696
0,ppo/mean_kl,46,1791530172.8210049,0.002526308409869671
0,ppo/mean_kl,47,1791530201.1796565,0.0016028943937271833
0,ppo/mean_kl,48,1791530228.519639,0.0024494845420122147
0,ppo/mean_kl,49,1791530255.8822458,0.0034985472448170185
0,ppo/mean_kl,50,1791530282.24268,0.0036887340247631073
0,ppo/mean_kl,51,1791530309.2275786,0.0022518299520015717
0,ppo/mean_kl,52,1791530337.1951258,0.0034380301367491484
0,ppo/mean_kl,53,1791530363.6089928,0.001090538571588695
0,ppo/mean_kl,54,1791530391.3220632,0.0009461117442697287
0,ppo/mean_kl,55,1791530416.953163,0.003799149999395013
0,ppo/mean_kl,56,1791530442.6875472,0.0010265789460390806
0,ppo/mean_kl,57,1791530469.1450145,0.00308675947599113
0,ppo/mean_kl,58,1791530495.9845564,0.0017579765990376472
0,ppo/mean_kl,59,1791530522.8595521,0.0026648587081581354
0,ppo/mean_kl,60,1791530549.1499872,0.002538458677008748
0,ppo/mean_kl,61,1791530575.0263002,0.00028206020942889154
0,ppo/mean_kl,62,1791530600.7305136,0.0010576784843578935
0,ppo/mean_kl,63,1791530627.207239,0.0020770977716892958
0,ppo/mean_kl,64,1791530654.8111982,0.0014173283707350492
0,ppo/mean_kl,65,1791530681.968972,0.002144449856132269
0,ppo/mean_kl,66,1791530708.4815013,0.0024716821499168873
0,ppo/mean_kl,67,1791530735.2772086,0.0022579110227525234
0,ppo/mean_kl,68,1791530761.572722,0.0009287166176363826
0,ppo/mean_kl,69,1791530788.2895598,0.0105178477242589
0,ppo/mean_kl,70,1791530815.3073165,0.0032044854015111923
0,ppo/mean_kl,71,1791530842.3515286,0.002205349737778306
0,ppo/mean_kl,72,1791530870.4529896,0.0016504600644111633
0,ppo/mean_kl,73,1791530897.4403455,0.0013727473560720682
0,ppo/mean_kl,74,1791530924.037945,0.004003598354756832
0,ppo/mean_kl,75,1791530950.9571767,0.0009847054025158286
0,ppo/mean_kl,76,1791530977.8363705,0.0015735221095383167
0,ppo/mean_kl,77,1791531005.3092763,0.0009845159947872162
0,ppo/mean_kl,78,1791531032.342867,0.0024869870394468307
0,ppo/mean_kl,79,1791531059.8648272,0.001771330600604415
0,ppo/mean_kl,80,1791531086.364649,0.0016694164369255304
0,ppo/mean_kl,81,1791531112.9221325,0.0032449972350150347
0,ppo/mean_kl,82,1791531139.4430583,0.0015825345180928707
0,ppo/mean_kl,83,1791531166.9741051,0.002682170830667019
0,ppo/mean_kl,84,1791531193.8203778,0.0010864350479096174
0,ppo/mean_kl,85,1791531221.7070158,0.0026186425238847733
0,ppo/mean_kl,86,1791531248.3533745,0.00175070995464921
0,ppo/mean_kl,87,1791531275.1023126,0.0019959670025855303
0,ppo/mean_kl,88,1791531301.6217177,0.0013854202115908265
0,ppo/mean_kl,89,1791531328.9583874,0.00202194438315928
0,ppo/mean_kl,90,1791531355.7656481,0.0015226167161017656
0,ppo/mean_kl,91,1791531382.940404,0.004154551774263382
0,ppo/mean_kl,92,1791531409.081105,0.0005920350085943937
0,ppo/mean_kl,93,1791531435.3007135,0.0004153759218752384
0,ppo/mean_kl,94,1791531461.231296,0.0016861114418134093
0,ppo/mean_kl,95,1791531488.2741861,0.0014227071078494191
0,ppo/mean_kl,96,1791531514.7174234,0.0019789421930909157
0,ppo/mean_kl,97,1791531542.1671565,0.0011793614830821753
0,ppo/mean_kl,98,1791531569.3048007,0.000748604943510145
0,ppo/mean_kl,99,1791531595.4463117,0.003319877665489912
0,ppo/mean_kl,100,1791531621.420741,0.0010261249262839556
0,ppo/nonfinite_stop,1,1791527863.2703366,0.0
0,ppo/nonfinite_stop,2,1791527893.8539681,0.0
0,ppo/nonfinite_stop,3,1791527923.587122,0.0
0,ppo/nonfinite_stop,4,1791527950.3659546,0.0
0,ppo/nonfinite_stop,5,1791527978.6115491,0.0
0,ppo/nonfinite_stop,6,1791528004.4032207,0.0
0,ppo/nonfinite_stop,7,1791528030.9672985,0.0
0,ppo/nonfinite_stop,8,1791528061.933192,0.0
0,ppo/nonfinite_stop,9,1791528090.2400372,0.0
0,ppo/nonfinite_stop,10,1791528116.53917,0.0
0,ppo/nonfinite_stop,11,1791528142.798093,0.0
0,ppo/nonfinite_stop,12,1791528169.3052697,0.0
0,ppo/nonfinite_stop,13,1791528195.7106333,0.0
0,ppo/nonfinite_stop,14,1791528225.2640798,0.0
0,ppo/nonfinite_stop,15,1791528253.578952,0.0
0,ppo/nonfinite_stop,16,1791528283.3575168,0.0
0,ppo/nonfinite_stop,17,1791528309.595556,0.0
0,ppo/nonfinite_stop,18,1791528336.439372,0.0
0,ppo/nonfinite_stop,19,1791528362.867245,0.0
0,ppo/nonfinite_stop,20,1791528393.360274,0.0
0,ppo/nonfinite_stop,21,1791528422.0028355,0.0
0,ppo/nonfinite_stop,22,1791528450.647169,0.0
0,ppo/nonfinite_stop,23,1791528477.7623763,0.0
0,ppo/nonfinite_stop,24,1791528504.8915548,0.0
0,ppo/nonfinite_stop,25,1791528531.0440857,0.0
0,ppo/nonfinite_stop,26,1791529625.6211727,0.0
0,ppo/nonfinite_stop,27,1791529654.3685942,0.0
0,ppo/nonfinite_stop,28,1791529682.6625013,0.0
0,ppo/nonfinite_stop,29,1791529710.7079484,0.0
0,ppo/nonfinite_stop,30,1791529737.0735352,0.0
0,ppo/nonfinite_stop,31,1791529763.4795165,0.0
0,ppo/nonfinite_stop,32,1791529789.9077868,0.0
0,ppo/nonfinite_stop,33,1791529818.8361728,0.0
0,ppo/nonfinite_stop,34,1791529846.0231078,0.0
0,ppo/nonfinite_stop,35,1791529874.023381,0.0
0,ppo/nonfinite_stop,36,1791529900.9684596,0.0
0,ppo/nonfinite_stop,37,1791529927.8206844,0.0
0,ppo/nonfinite_stop,38,1791529954.5421708,0.0
0,ppo/nonfinite_stop,39,1791529982.8037586,0.0
0,ppo/nonfinite_stop,40,1791530009.7368686,0.0
0,ppo/nonfinite_stop,41,1791530037.1267056,0.0
0,ppo/nonfinite_stop,42,1791530063.8715377,0.0
0,ppo/nonfinite_stop,43,1791530090.2905858,0.0
0,ppo/nonfinite_stop,44,1791530116.8520136,0.0
0,ppo/nonfinite_stop,45,1791530145.5623808,0.0
0,ppo/nonfinite_stop,46,1791530172.8218288,0.0
0,ppo/nonfinite_stop,47,1791530201.180016,0.0
0,ppo/nonfinite_stop,48,1791530228.520174,0.0
0,ppo/nonfinite_stop,49,1791530255.8825114,0.0
0,ppo/nonfinite_stop,50,1791530282.2429867,0.0
0,ppo/nonfinite_stop,51,1791530309.227927,0.0
0,ppo/nonfinite_stop,52,1791530337.1954253,0.0
0,ppo/nonfinite_stop,53,1791530363.6110506,0.0
0,ppo/nonfinite_stop,54,1791530391.3223403,0.0
0,ppo/nonfinite_stop,55,1791530416.9534883,0.0
0,ppo/nonfinite_stop,56,1791530442.7780929,0.0
0,ppo/nonfinite_stop,57,1791530469.1453984,0.0
0,ppo/nonfinite_stop,58,1791530495.9848495,0.0
0,ppo/nonfinite_stop,59,1791530522.8599062,0.0
0,ppo/nonfinite_stop,60,1791530549.1503158,0.0
0,ppo/nonfinite_stop,61,1791530575.0265782,0.0
0,ppo/nonfinite_stop,62,1791530600.7307901,0.0
0,ppo/nonfinite_stop,63,1791530627.2075996,0.0
0,ppo/nonfinite_stop,64,1791530654.811542,0.0
0,ppo/nonfinite_stop,65,1791530681.969289,0.0
0,ppo/nonfinite_stop,66,1791530708.4817514,0.0
0,ppo/nonfinite_stop,67,1791530735.2775345,0.0
0,ppo/nonfinite_stop,68,1791530761.5730548,0.0
0,ppo/nonfinite_stop,69,1791530788.289915,0.0
0,ppo/nonfinite_stop,70,1791530815.3076024,0.0
0,ppo/nonfinite_stop,71,1791530842.3518627,0.0
0,ppo/nonfinite_stop,72,1791530870.4533277,0.0
0,ppo/nonfinite_stop,73,1791530897.4406173,0.0
0,ppo/nonfinite_stop,74,1791530924.0382502,0.0
0,ppo/nonfinite_stop,75,1791530950.957527,0.0
0,ppo/nonfinite_stop,76,1791530977.8366818,0.0
0,ppo/nonfinite_stop,77,1791531005.3096662,0.0
0,ppo/nonfinite_stop,78,1791531032.3433037,0.0
0,ppo/nonfinite_stop,79,1791531059.8651965,0.0
0,ppo/nonfinite_stop,80,1791531086.364994,0.0
0,ppo/nonfinite_stop,81,1791531112.9224916,0.0
0,ppo/nonfinite_stop,82,1791531139.4433727,0.0
0,ppo/nonfinite_stop,83,1791531166.9743476,0.0
0,ppo/nonfinite_stop,84,1791531193.8207102,0.0
0,ppo/nonfinite_stop,85,1791531221.7072954,0.0
0,ppo/nonfinite_stop,86,1791531248.3536818,0.0
0,ppo/nonfinite_stop,87,1791531275.1025958,0.0
0,ppo/nonfinite_stop,88,1791531301.622053,0.0
0,ppo/nonfinite_stop,89,1791531328.9587574,0.0
0,ppo/nonfinite_stop,90,1791531355.7659674,0.0
0,ppo/nonfinite_stop,91,1791531382.9406893,0.0
0,ppo/nonfinite_stop,92,1791531409.0814044,0.0
0,ppo/nonfinite_stop,93,1791531435.3010764,0.0
0,ppo/nonfinite_stop,94,1791531461.2316318,0.0
0,ppo/nonfinite_stop,95,1791531488.2748108,0.0
0,ppo/nonfinite_stop,96,1791531514.7180393,0.0
0,ppo/nonfinite_stop,97,1791531542.1675942,0.0
0,ppo/nonfinite_stop,98,1791531569.3053284,0.0
0,ppo/nonfinite_stop,99,1791531595.4466884,0.0
0,ppo/nonfinite_stop,100,1791531621.4210656,0.0
0,ppo/surrogate,1,1791527863.269521,-0.0003032489330507815
0,ppo/surrogate,2,1791527893.8532116,-0.0004026157839689404
0,ppo/surrogate,3,1791527923.5863776,-0.0010323949391022325
0,ppo/surrogate,4,1791527950.365455,-0.00012430388596840203
0,ppo/surrogate,5,1791527978.6109247,-0.0002323662192793563
0,ppo/surrogate,6,1791528004.4027169,-3.441534499870613e-05
0,ppo/surrogate,7,1791528030.966348,-2.857322760974057e-05
0,ppo/surrogate,8,1791528061.9325426,-0.0007169757154770195
0,ppo/surrogate,9,1791528090.2396855,-0.00020042383403051645
0,ppo/surrogate,10,1791528116.5388837,-0.00016220072575379163
0,ppo/surrogate,11,1791528142.7977808,-0.0001923419622471556
0,ppo/surrogate,12,1791528169.3049407,-0.00031362121808342636
0,ppo/surrogate,13,1791528195.7102668,-0.00017884850967675447
0,ppo/surrogate,14,1791528225.2637258,-0.0004927645204588771
0,ppo/surrogate,15,1791528253.5784845,-0.0005897008813917637
0,ppo/surrogate,16,1791528283.356924,-0.0004413976857904345
0,ppo/surrogate,17,1791528309.5952213,-0.00034363294253125787
0,ppo/surrogate,18,1791528336.4390538,-0.0002020391693804413
0,ppo/surrogate,19,1791528362.8669863,-0.0001250175992026925
0,ppo/surrogate,20,1791528393.3595088,-0.0002760641509667039
0,ppo/surrogate,21,1791528422.0025165,-0.00026824857923202217
0,ppo/surrogate,22,1791528450.6465917,-0.0002264137438032776
0,ppo/surrogate,23,1791528477.7620015,-0.0003276616334915161
0,ppo/surrogate,24,1791528504.8912253,-0.00043944630306214094
0,ppo/surrogate,25,1791528531.0435967,-0.0003650355793070048
0,ppo/surrogate,26,1791529625.6203043,-0.00032548760646022856
0,ppo/surrogate,27,1791529654.3682437,-0.0006396639510057867
0,ppo/surrogate,28,1791529682.6619513,-0.00023092905757948756
0,ppo/surrogate,29,1791529710.707055,-0.0002986654872074723
0,ppo/surrogate,30,1791529737.0728998,-0.0001977136271307245
0,ppo/surrogate,31,1791529763.4792514,-0.0007312131929211318
0,ppo/surrogate,32,1791529789.907436,-0.00015581995830871165
0,ppo/surrogate,33,1791529818.8355966,-0.00046754750655964017
0,ppo/surrogate,34,1791529846.0225646,-0.00036725576501339674
0,ppo/surrogate,35,1791529874.022823,-0.0007549599977210164
0,ppo/surrogate,36,1791529900.9679253,-0.00014962586283218116
0,ppo/surrogate,37,1791529927.8202329,-6.392663635779172e-05
0,ppo/surrogate,38,1791529954.5418441,-0.00022032164270058274
0,ppo/surrogate,39,1791529982.8032064,-0.0005198456346988678
0,ppo/surrogate,40,1791530009.736581,-0.0007267404580488801
0,ppo/surrogate,41,1791530037.1261184,-0.0005532960058189929
0,ppo/surrogate,42,1791530063.8712196,-0.00038309936644509435
0,ppo/surrogate,43,1791530090.2902672,-0.00012965788482688367
0,ppo/surrogate,44,1791530116.8515048,-0.0008224856574088335
0,ppo/surrogate,45,1791530145.5617585,-0.0007235435186885297
0,ppo/surrogate,46,1791530172.8209913,-0.0001906871621031314
0,ppo/surrogate,47,1791530201.1796424,-0.00037420375156216323
0,ppo/surrogate,48,1791530228.5196247,-0.00037687685107812285
0,ppo/surrogate,49,1791530255.8822324,-0.00037146772956475616
0,ppo/surrogate,50,1791530282.242667,-0.0004602804547175765
0,ppo/surrogate,51,1791530309.2275622,-0.0004185059806331992
0,ppo/surrogate,52,1791530337.195112,-0.0005002432153560221
0,ppo/surrogate,53,1791530363.6089792,-0.00028501133783720434
0,ppo/surrogate,54,1791530391.3220496,-0.0006532471161335707
0,ppo/surrogate,55,1791530416.9531496,-0.0007837041048333049
0,ppo/surrogate,56,1791530442.687533,-0.0004911464056931436
0,ppo/surrogate,57,1791530469.1450007,-0.00018602301133796573
0,ppo/surrogate,58,1791530495.9845426,-0.00044606521259993315
0,ppo/surrogate,59,1791530522.8595378,-0.0004460127674974501
0,ppo/surrogate,60,1791530549.149974,-0.0004967717104591429
0,ppo/surrogate,61,1791530575.0262864,-0.0007009012624621391
0,ppo/surrogate,62,1791530600.7305,-0.0003887334023602307
0,ppo/surrogate,63,1791530627.207216,-0.00022273141075856984
0,ppo/surrogate,64,1791530654.8111837,-0.000459334347397089
0,ppo/surrogate,65,1791530681.968958,-0.0005508539034053683
0,ppo/surrogate,66,1791530708.4814858,-0.00024074340763036162
0,ppo/surrogate,67,1791530735.277195,-0.0004026585374958813
0,ppo/surrogate,68,1791530761.5727084,4.2435116483829916e-05
0,ppo/surrogate,69,1791530788.289545,0.0006791498744860291
0,ppo/surrogate,70,1791530815.3073027,-0.00023458845680579543
0,ppo/surrogate,71,1791530842.351514,-0.0004807269433513284
0,ppo/surrogate,72,1791530870.452976,-0.00034804592723958194
0,ppo/surrogate,73,1791530897.4403312,-0.0007436671294271946
0,ppo/surrogate,74,1791530924.037931,-0.0005775948520749807
0,ppo/surrogate,75,1791530950.9571621,-5.725748633267358e-05
0,ppo/surrogate,76,1791530977.836357,-0.00045460229739546776
0,ppo/surrogate,77,1791531005.3092625,0.0003162482753396034
0,ppo/surrogate,78,1791531032.342853,-0.00033209146931767464
0,ppo/surrogate,79,1791531059.8648129,-7.540638762293383e-05
0,ppo/surrogate,80,1791531086.364635,-5.067874735686928e-05
0,ppo/surrogate,81,1791531112.9221182,-0.00025750300846993923
0,ppo/surrogate,82,1791531139.4430444,-0.0002431202301522717
0,ppo/surrogate,83,1791531166.974091,-0.0004436805611476302
0,ppo/surrogate,84,1791531193.8203635,-0.0004086650151293725
0,ppo/surrogate,85,1791531221.7070022,-0.00048537494149059057
0,ppo/surrogate,86,1791531248.3533602,-1.0911517165368423e-05
0,ppo/surrogate,87,1791531275.1022975,-0.00017686616047285497
0,ppo/surrogate,88,1791531301.6217036,-0.0003682378155644983
0,ppo/surrogate,89,1791531328.9583733,-0.0002996317925862968
0,ppo/surrogate,90,1791531355.7656338,-0.0004348406509961933
0,ppo/surrogate,91,1791531382.9403894,-0.0005317645845934749
0,ppo/surrogate,92,1791531409.0810905,-0.00047066976549103856
0,ppo/surrogate,93,1791531435.3006995,-6.80740486131981e-05
0,ppo/surrogate,94,1791531461.2312822,-0.0003469378862064332
0,ppo/surrogate,95,1791531488.2741616,-0.0003142681089229882
0,ppo/surrogate,96,1791531514.7174098,-0.0002790895523503423
0,ppo/surrogate,97,1791531542.1671429,0.00014032695617061108
0,ppo/surrogate,98,1791531569.304787,-0.00029776818701066077
0,ppo/surrogate,99,1791531595.4462972,-0.0007501963409595191
0,ppo/surrogate,100,1791531621.4207275,-0.0003076910797972232
0,ppo/temporal,1,1791527863.2695084,0.0
0,ppo/temporal,2,1791527893.8532014,0.0
0,ppo/temporal,3,1791527923.586368,0.0
0,ppo/temporal,4,1791527950.365445,0.0
0,ppo/temporal,5,1791527978.6109147,0.0
0,ppo/temporal,6,1791528004.4027069,0.0
0,ppo/temporal,7,1791528030.9663374,0.0
0,ppo/temporal,8,1791528061.9325325,0.0
0,ppo/temporal,9,1791528090.239676,0.0
0,ppo/temporal,10,1791528116.5388737,0.0
0,ppo/temporal,11,1791528142.797771,0.0
0,ppo/temporal,12,1791528169.304931,0.0
0,ppo/temporal,13,1791528195.7102566,0.0
0,ppo/temporal,14,1791528225.2637143,0.0
0,ppo/temporal,15,1791528253.5784745,0.0
0,ppo/temporal,16,1791528283.3569148,0.0
0,ppo/temporal,17,1791528309.5952108,0.0
0,ppo/temporal,18,1791528336.4390433,0.0
0,ppo/temporal,19,1791528362.8669765,0.0
0,ppo/temporal,20,1791528393.3594987,0.0
0,ppo/temporal,21,1791528422.002506,0.0
0,ppo/temporal,22,1791528450.6465814,6.407136626807031e-11
0,ppo/temporal,23,1791528477.7619905,1.6820013437612857e-10
0,ppo/temporal,24,1791528504.8912156,2.39836539517313e-10
0,ppo/temporal,25,1791528531.043586,2.0495771746453784e-10
0,ppo/temporal,26,1791529625.620294,3.549748583964174e-08
0,ppo/temporal,27,1791529654.3682337,2.614097827091655e-09
0,ppo/temporal,28,1791529682.661941,3.3027274248809135e-09
0,ppo/temporal,29,1791529710.7070446,2.8941757879152874e-09
0,ppo/temporal,30,1791529737.07289,2.7188975515457514e-09
0,ppo/temporal,31,1791529763.4792411,3.956438288099662e-09
0,ppo/temporal,32,1791529789.9074247,8.999663947406589e-08
0,ppo/temporal,33,1791529818.8355868,1.0502315461735634e-08
0,ppo/temporal,34,1791529846.0225546,8.827759856444573e-09
0,ppo/temporal,35,1791529874.0228128,1.142591710134866e-08
0,ppo/temporal,36,1791529900.967915,8.439426935069605e-09
0,ppo/temporal,37,1791529927.8202221,1.1091223051096222e-08
0,ppo/temporal,38,1791529954.5418344,2.0989251936498476e-07
0,ppo/temporal,39,1791529982.8031957,2.9665116585420037e-08
0,ppo/temporal,40,1791530009.736571,1.0932510896566328e-08
0,ppo/temporal,41,1791530037.1261086,6.075849601216987e-09
0,ppo/temporal,42,1791530063.87121,6.5823422268351806e-09
0,ppo/temporal,43,1791530090.290244,7.561395953814554e-09
0,ppo/temporal,44,1791530116.8514953,2.250758797117669e-07
0,ppo/temporal,45,1791530145.5617266,3.678116655692065e-08
0,ppo/temporal,46,1791530172.8209808,2.405392152127206e-08
0,ppo/temporal,47,1791530201.1796322,2.5322302477093217e-08
0,ppo/temporal,48,1791530228.5196145,1.935230997673898e-08
0,ppo/temporal,49,1791530255.8822224,1.705605612301042e-08
0,ppo/temporal,50,1791530282.2426574,1.5687152910004443e-08
0,ppo/temporal,51,1791530309.2275522,3.3497855156383594e-07
0,ppo/temporal,52,1791530337.1951022,2.616981831238263e-08
0,ppo/temporal,53,1791530363.608969,3.208952392697029e-08
0,ppo/temporal,54,1791530391.3220396,4.0160308856229676e-08
0,ppo/temporal,55,1791530416.9531393,1.9718289223646934e-08
0,ppo/temporal,56,1791530442.6875224,3.5609545534498466e-08
0,ppo/temporal,57,1791530469.1449907,6.322632088995306e-07
0,ppo/temporal,58,1791530495.9845328,8.146728447400164e-08
0,ppo/temporal,59,1791530522.8595278,8.244604288165647e-08
0,ppo/temporal,60,1791530549.1499636,6.648323136460021e-08
0,ppo/temporal,61,1791530575.026276,4.005607223689367e-08
0,ppo/temporal,62,1791530600.7304902,4.422872024179014e-08
0,ppo/temporal,63,1791530627.2072012,9.305372259404976e-07
0,ppo/temporal,64,1791530654.8111734,1.4703826423101418e-07
0,ppo/temporal,65,1791530681.968948,1.469959443056723e-07
0,ppo/temporal,66,1791530708.481476,1.8752352559658902e-07
0,ppo/temporal,67,1791530735.277184,1.31883098219987e-07
0,ppo/temporal,68,1791530761.5726984,1.5511838569182146e-07
0,ppo/temporal,69,1791530788.289534,1.424371475877706e-06
0,ppo/temporal,70,1791530815.3072927,4.3306476982252207e-07
0,ppo/temporal,71,1791530842.3515046,2.0984673199109238e-07
0,ppo/temporal,72,1791530870.4529665,2.71857658162844e-07
0,ppo/temporal,73,1791530897.4403214,2.435250223697949e-07
0,ppo/temporal,74,1791530924.0379202,2.1662809501776792e-07
0,ppo/temporal,75,1791530950.9571526,3.1507403264185996e-07
0,ppo/temporal,76,1791530977.836347,2.2093570350989467e-06
0,ppo/temporal,77,1791531005.3092523,3.6286201066104695e-07
0,ppo/temporal,78,1791531032.3428428,2.832325662893709e-07
0,ppo/temporal,79,1791531059.8648028,3.2196240340454096e-07
0,ppo/temporal,80,1791531086.364625,3.6757435850631737e-07
0,ppo/temporal,81,1791531112.922108,2.8897773063363275e-07
0,ppo/temporal,82,1791531139.4430342,2.34931280829187e-06
0,ppo/temporal,83,1791531166.9740808,4.350617359705211e-07
0,ppo/temporal,84,1791531193.820353,3.741395175893558e-07
0,ppo/temporal,85,1791531221.706992,3.776508776809351e-07
0,ppo/temporal,86,1791531248.3533502,5.019925310989493e-07
0,ppo/temporal,87,1791531275.102287,6.15083251886972e-07
0,ppo/temporal,88,1791531301.6216927,3.656449962363695e-06
0,ppo/temporal,89,1791531328.9583633,8.084573437372455e-07
0,ppo/temporal,90,1791531355.765623,9.002352499010158e-07
0,ppo/temporal,91,1791531382.9403791,6.75391390814184e-07
0,ppo/temporal,92,1791531409.08108,8.489810170431156e-07
0,ppo/temporal,93,1791531435.3006887,1.1469658147689188e-06
0,ppo/temporal,94,1791531461.2312722,4.437428287928924e-06
0,ppo/temporal,95,1791531488.2741516,1.534094963062671e-06
0,ppo/temporal,96,1791531514.7173998,1.2381048009046935e-06
0,ppo/temporal,97,1791531542.1671326,9.374867886435823e-07
0,ppo/temporal,98,1791531569.3047767,1.1591180282266578e-06
0,ppo/temporal,99,1791531595.446287,1.94458652913454e-06
0,ppo/temporal,100,1791531621.4207177,2.2562724097952014e-06
0,ppo/temporal_coefficient,1,1791527863.2704573,0.0
0,ppo/temporal_coefficient,2,1791527893.8539844,0.0
0,ppo/temporal_coefficient,3,1791527923.587226,0.0
0,ppo/temporal_coefficient,4,1791527950.3661985,0.0
0,ppo/temporal_coefficient,5,1791527978.6117027,0.0
0,ppo/temporal_coefficient,6,1791528004.403316,0.0
0,ppo/temporal_coefficient,7,1791528030.9673197,0.0
0,ppo/temporal_coefficient,8,1791528061.9335294,0.0
0,ppo/temporal_coefficient,9,1791528090.2401092,0.0
0,ppo/temporal_coefficient,10,1791528116.5393395,0.0
0,ppo/temporal_coefficient,11,1791528142.798428,0.0
0,ppo/temporal_coefficient,12,1791528169.3053575,0.0
0,ppo/temporal_coefficient,13,1791528195.7106452,0.0
0,ppo/temporal_coefficient,14,1791528225.2641437,0.0
0,ppo/temporal_coefficient,15,1791528253.5789726,0.0
0,ppo/temporal_coefficient,16,1791528283.357685,0.0
0,ppo/temporal_coefficient,17,1791528309.5957003,0.0
0,ppo/temporal_coefficient,18,1791528336.4394279,0.0
0,ppo/temporal_coefficient,19,1791528362.867299,0.0
0,ppo/temporal_coefficient,20,1791528393.3602948,0.0
0,ppo/temporal_coefficient,21,1791528422.002989,0.0
0,ppo/temporal_coefficient,22,1791528450.6472542,9.999999747378752e-05
0,ppo/temporal_coefficient,23,1791528477.7623904,0.00019999999494757503
0,ppo/temporal_coefficient,24,1791528504.8917062,0.0003000000142492354
0,ppo/temporal_coefficient,25,1791528531.0440986,0.00039999998989515007
0,ppo/temporal_coefficient,26,1791529625.6212385,0.0005000000237487257
0,ppo/temporal_coefficient,27,1791529654.3686101,0.0006000000284984708
0,ppo/temporal_coefficient,28,1791529682.6625133,0.000699999975040555
0,ppo/temporal_coefficient,29,1791529710.707961,0.0007999999797903001
0,ppo/temporal_coefficient,30,1791529737.0737069,0.0008999999845400453
0,ppo/temporal_coefficient,31,1791529763.479576,0.0010000000474974513
0,ppo/temporal_coefficient,32,1791529789.9077997,0.0010999999940395355
0,ppo/temporal_coefficient,33,1791529818.8364313,0.0012000000569969416
0,ppo/temporal_coefficient,34,1791529846.023243,0.0013000000035390258
0,ppo/temporal_coefficient,35,1791529874.02344,0.00139999995008111
0,ppo/temporal_coefficient,36,1791529900.9686046,0.001500000013038516
0,ppo/temporal_coefficient,37,1791529927.8207517,0.0015999999595806003
0,ppo/temporal_coefficient,38,1791529954.5426342,0.0017000000225380063
0,ppo/temporal_coefficient,39,1791529982.80377,0.0017999999690800905
0,ppo/temporal_coefficient,40,1791530009.7371535,0.0019000000320374966
0,ppo/temporal_coefficient,41,1791530037.1267228,0.0020000000949949026
0,ppo/temporal_coefficient,42,1791530063.871596,0.0020000000949949026
0,ppo/temporal_coefficient,43,1791530090.29064,0.0020000000949949026
0,ppo/temporal_coefficient,44,1791530116.852034,0.0020000000949949026
0,ppo/temporal_coefficient,45,1791530145.5624764,0.0020000000949949026
0,ppo/temporal_coefficient,46,1791530172.8219094,0.0020000000949949026
0,ppo/temporal_coefficient,47,1791530201.180348,0.0020000000949949026
0,ppo/temporal_coefficient,48,1791530228.5202696,0.0020000000949949026
0,ppo/temporal_coefficient,49,1791530255.8825722,0.0020000000949949026
0,ppo/temporal_coefficient,50,1791530282.2431464,0.0020000000949949026
0,ppo/temporal_coefficient,51,1791530309.2279563,0.0020000000949949026
0,ppo/temporal_coefficient,52,1791530337.1955054,0.0020000000949949026
0,ppo/temporal_coefficient,53,1791530363.611189,0.0020000000949949026
0,ppo/temporal_coefficient,54,1791530391.322397,0.0020000000949949026
0,ppo/temporal_coefficient,55,1791530416.953546,0.0020000000949949026
0,ppo/temporal_coefficient,56,1791530442.7781131,0.0020000000949949026
0,ppo/temporal_coefficient,57,1791530469.1454191,0.0020000000949949026
0,ppo/temporal_coefficient,58,1791530495.9849126,0.0020000000949949026
0,ppo/temporal_coefficient,59,1791530522.8599222,0.0020000000949949026
0,ppo/temporal_coefficient,60,1791530549.1503716,0.0020000000949949026
0,ppo/temporal_coefficient,61,1791530575.026713,0.0020000000949949026
0,ppo/temporal_coefficient,62,1791530600.7308495,0.0020000000949949026
0,ppo/temporal_coefficient,63,1791530627.2076719,0.0020000000949949026
0,ppo/temporal_coefficient,64,1791530654.811555,0.0020000000949949026
0,ppo/temporal_coefficient,65,1791530681.9693482,0.0020000000949949026
0,ppo/temporal_coefficient,66,1791530708.4818854,0.0020000000949949026
0,ppo/temporal_coefficient,67,1791530735.2776115,0.0020000000949949026
0,ppo/temporal_coefficient,68,1791530761.5731366,0.0020000000949949026
0,ppo/temporal_coefficient,69,1791530788.2899537,0.0020000000949949026
0,ppo/temporal_coefficient,70,1791530815.307674,0.0020000000949949026
0,ppo/temporal_coefficient,71,1791530842.3518748,0.0020000000949949026
0,ppo/temporal_coefficient,72,1791530870.4534886,0.0020000000949949026
0,ppo/temporal_coefficient,73,1791530897.440713,0.0020000000949949026
0,ppo/temporal_coefficient,74,1791530924.0383077,0.0020000000949949026
0,ppo/temporal_coefficient,75,1791530950.9575396,0.0020000000949949026
0,ppo/temporal_coefficient,76,1791530977.836738,0.0020000000949949026
0,ppo/temporal_coefficient,77,1791531005.309678,0.0020000000949949026
0,ppo/temporal_coefficient,78,1791531032.3433466,0.0020000000949949026
0,ppo/temporal_coefficient,79,1791531059.865209,0.0020000000949949026
0,ppo/temporal_coefficient,80,1791531086.3650556,0.0020000000949949026
0,ppo/temporal_coefficient,81,1791531112.9225035,0.0020000000949949026
0,ppo/temporal_coefficient,82,1791531139.44343,0.0020000000949949026
0,ppo/temporal_coefficient,83,1791531166.9746022,0.0020000000949949026
0,ppo/temporal_coefficient,84,1791531193.820769,0.0020000000949949026
0,ppo/temporal_coefficient,85,1791531221.7074378,0.0020000000949949026
0,ppo/temporal_coefficient,86,1791531248.353838,0.0020000000949949026
0,ppo/temporal_coefficient,87,1791531275.1026545,0.0020000000949949026
0,ppo/temporal_coefficient,88,1791531301.6221097,0.0020000000949949026
0,ppo/temporal_coefficient,89,1791531328.95877,0.0020000000949949026
0,ppo/temporal_coefficient,90,1791531355.7660286,0.0020000000949949026
0,ppo/temporal_coefficient,91,1791531382.9407344,0.0020000000949949026
0,ppo/temporal_coefficient,92,1791531409.0814633,0.0020000000949949026
0,ppo/temporal_coefficient,93,1791531435.3010924,0.0020000000949949026
0,ppo/temporal_coefficient,94,1791531461.231688,0.0020000000949949026
0,ppo/temporal_coefficient,95,1791531488.2748232,0.0020000000949949026
0,ppo/temporal_coefficient,96,1791531514.7180936,0.0020000000949949026
0,ppo/temporal_coefficient,97,1791531542.1677554,0.0020000000949949026
0,ppo/temporal_coefficient,98,1791531569.3054643,0.0020000000949949026
0,ppo/temporal_coefficient,99,1791531595.4467046,0.0020000000949949026
0,ppo/temporal_coefficient,100,1791531621.4211266,0.0020000000949949026
0,ppo/temporal_eligible_pairs,1,1791527863.2704723,5969.0
0,ppo/temporal_eligible_pairs,2,1791527893.8539927,421.0
0,ppo/temporal_eligible_pairs,3,1791527923.587286,580.0
0,ppo/temporal_eligible_pairs,4,1791527950.366342,1408.0
0,ppo/temporal_eligible_pairs,5,1791527978.6117122,2881.0
0,ppo/temporal_eligible_pairs,6,1791528004.4033766,5251.0
0,ppo/temporal_eligible_pairs,7,1791528030.9674413,11809.0
0,ppo/temporal_eligible_pairs,8,1791528061.933725,3182.0
0,ppo/temporal_eligible_pairs,9,1791528090.2401555,1793.0
0,ppo/temporal_eligible_pairs,10,1791528116.5394816,2236.0
0,ppo/temporal_eligible_pairs,11,1791528142.7984426,4364.0
0,ppo/temporal_eligible_pairs,12,1791528169.3053918,6856.0
0,ppo/temporal_eligible_pairs,13,1791528195.7106528,14561.0
0,ppo/temporal_eligible_pairs,14,1791528225.2641838,7395.0
0,ppo/temporal_eligible_pairs,15,1791528253.5789804,4877.0
0,ppo/temporal_eligible_pairs,16,1791528283.3577316,3649.0
0,ppo/temporal_eligible_pairs,17,1791528309.5957088,5415.0
0,ppo/temporal_eligible_pairs,18,1791528336.4394636,4563.0
0,ppo/temporal_eligible_pairs,19,1791528362.867334,8228.0
0,ppo/temporal_eligible_pairs,20,1791528393.360441,10307.0
0,ppo/temporal_eligible_pairs,21,1791528422.002998,3355.0
0,ppo/temporal_eligible_pairs,22,1791528450.647371,1409.0
0,ppo/temporal_eligible_pairs,23,1791528477.7623978,2385.0
0,ppo/temporal_eligible_pairs,24,1791528504.89173,2609.0
0,ppo/temporal_eligible_pairs,25,1791528531.0441177,2213.0
0,ppo/temporal_eligible_pairs,26,1791529625.6212807,16662.0
0,ppo/temporal_eligible_pairs,27,1791529654.368618,6609.0
0,ppo/temporal_eligible_pairs,28,1791529682.6625538,6337.0
0,ppo/temporal_eligible_pairs,29,1791529710.7079685,6537.0
0,ppo/temporal_eligible_pairs,30,1791529737.0737917,8296.0
0,ppo/temporal_eligible_pairs,31,1791529763.4796116,10962.0
0,ppo/temporal_eligible_pairs,32,1791529789.9078076,17079.0
0,ppo/temporal_eligible_pairs,33,1791529818.8364398,7183.0
0,ppo/temporal_eligible_pairs,34,1791529846.0232527,5730.0
0,ppo/temporal_eligible_pairs,35,1791529874.0234768,6043.0
0,ppo/temporal_eligible_pairs,36,1791529900.968743,7232.0
0,ppo/temporal_eligible_pairs,37,1791529927.820792,8814.0
0,ppo/temporal_eligible_pairs,38,1791529954.542666,16253.0
0,ppo/temporal_eligible_pairs,39,1791529982.803847,7991.0
0,ppo/temporal_eligible_pairs,40,1791530009.7371678,3668.0
0,ppo/temporal_eligible_pairs,41,1791530037.1267304,2343.0
0,ppo/temporal_eligible_pairs,42,1791530063.871631,4116.0
0,ppo/temporal_eligible_pairs,43,1791530090.2906747,4879.0
0,ppo/temporal_eligible_pairs,44,1791530116.852096,10143.0
0,ppo/temporal_eligible_pairs,45,1791530145.5625367,10621.0
0,ppo/temporal_eligible_pairs,46,1791530172.821977,6205.0
0,ppo/temporal_eligible_pairs,47,1791530201.1804702,5677.0
0,ppo/temporal_eligible_pairs,48,1791530228.5203307,8844.0
0,ppo/temporal_eligible_pairs,49,1791530255.8826113,10516.0
0,ppo/temporal_eligible_pairs,50,1791530282.243155,10832.0
0,ppo/temporal_eligible_pairs,51,1791530309.2279932,15968.0
0,ppo/temporal_eligible_pairs,52,1791530337.1955442,5534.0
0,ppo/temporal_eligible_pairs,53,1791530363.6111987,6440.0
0,ppo/temporal_eligible_pairs,54,1791530391.3224335,8196.0
0,ppo/temporal_eligible_pairs,55,1791530416.9535897,7294.0
0,ppo/temporal_eligible_pairs,56,1791530442.7781625,9570.0
0,ppo/temporal_eligible_pairs,57,1791530469.145427,16415.0
0,ppo/temporal_eligible_pairs,58,1791530495.9849527,6925.0
0,ppo/temporal_eligible_pairs,59,1791530522.8599298,7296.0
0,ppo/temporal_eligible_pairs,60,1791530549.1504092,7250.0
0,ppo/temporal_eligible_pairs,61,1791530575.0267208,8744.0
0,ppo/temporal_eligible_pairs,62,1791530600.730886,8807.0
0,ppo/temporal_eligible_pairs,63,1791530627.207716,16291.0
0,ppo/temporal_eligible_pairs,64,1791530654.8116786,6887.0
0,ppo/temporal_eligible_pairs,65,1791530681.9693854,6177.0
0,ppo/temporal_eligible_pairs,66,1791530708.4818938,6208.0
0,ppo/temporal_eligible_pairs,67,1791530735.2776525,9287.0
0,ppo/temporal_eligible_pairs,68,1791530761.5731735,10519.0
0,ppo/temporal_eligible_pairs,69,1791530788.2899928,16494.0
0,ppo/temporal_eligible_pairs,70,1791530815.3077104,10427.0
0,ppo/temporal_eligible_pairs,71,1791530842.351882,5480.0
0,ppo/temporal_eligible_pairs,72,1791530870.4534974,6627.0
0,ppo/temporal_eligible_pairs,73,1791530897.4407537,8550.0
0,ppo/temporal_eligible_pairs,74,1791530924.0383441,9125.0
0,ppo/temporal_eligible_pairs,75,1791530950.957547,15500.0
0,ppo/temporal_eligible_pairs,76,1791530977.8367746,14925.0
0,ppo/temporal_eligible_pairs,77,1791531005.3097115,6902.0
0,ppo/temporal_eligible_pairs,78,1791531032.3433836,6231.0
0,ppo/temporal_eligible_pairs,79,1791531059.865217,8073.0
0,ppo/temporal_eligible_pairs,80,1791531086.3650928,12196.0
0,ppo/temporal_eligible_pairs,81,1791531112.9225469,11539.0
0,ppo/temporal_eligible_pairs,82,1791531139.443467,16550.0
0,ppo/temporal_eligible_pairs,83,1791531166.974611,7787.0
0,ppo/temporal_eligible_pairs,84,1791531193.8208091,7180.0
0,ppo/temporal_eligible_pairs,85,1791531221.7074463,7938.0
0,ppo/temporal_eligible_pairs,86,1791531248.3538465,13207.0
0,ppo/temporal_eligible_pairs,87,1791531275.1026952,15653.0
0,ppo/temporal_eligible_pairs,88,1791531301.6221468,19395.0
0,ppo/temporal_eligible_pairs,89,1791531328.9587781,8785.0
0,ppo/temporal_eligible_pairs,90,1791531355.7660656,9582.0
0,ppo/temporal_eligible_pairs,91,1791531382.9407718,8146.0
0,ppo/temporal_eligible_pairs,92,1791531409.0815,13190.0
0,ppo/temporal_eligible_pairs,93,1791531435.3011005,15453.0
0,ppo/temporal_eligible_pairs,94,1791531461.2317228,15520.0
0,ppo/temporal_eligible_pairs,95,1791531488.274931,9212.0
0,ppo/temporal_eligible_pairs,96,1791531514.7181287,7806.0
0,ppo/temporal_eligible_pairs,97,1791531542.16777,6436.0
0,ppo/temporal_eligible_pairs,98,1791531569.3054729,9915.0
0,ppo/temporal_eligible_pairs,99,1791531595.4467127,16005.0
0,ppo/temporal_eligible_pairs,100,1791531621.4211626,19355.0
0,ppo/temporal_real_pairs,1,1791527863.270467,65024.0
0,ppo/temporal_real_pairs,2,1791527893.853989,65024.0
0,ppo/temporal_real_pairs,3,1791527923.5872567,65024.0
0,ppo/temporal_real_pairs,4,1791527950.3662338,65024.0
0,ppo/temporal_real_pairs,5,1791527978.6117084,65024.0
0,ppo/temporal_real_pairs,6,1791528004.4033468,65024.0
0,ppo/temporal_real_pairs,7,1791528030.9674323,64512.0
0,ppo/temporal_real_pairs,8,1791528061.933539,65024.0
0,ppo/temporal_real_pairs,9,1791528090.2401326,65024.0
0,ppo/temporal_real_pairs,10,1791528116.5394537,65024.0
0,ppo/temporal_real_pairs,11,1791528142.7984376,65024.0
0,ppo/temporal_real_pairs,12,1791528169.3053756,65024.0
0,ppo/temporal_real_pairs,13,1791528195.710649,64512.0
0,ppo/temporal_real_pairs,14,1791528225.2641644,65024.0
0,ppo/temporal_real_pairs,15,1791528253.578977,65024.0
0,ppo/temporal_real_pairs,16,1791528283.3577137,65024.0
0,ppo/temporal_real_pairs,17,1791528309.595705,65024.0
0,ppo/temporal_real_pairs,18,1791528336.439446,65024.0
0,ppo/temporal_real_pairs,19,1791528362.8673165,64512.0
0,ppo/temporal_real_pairs,20,1791528393.3603234,65024.0
0,ppo/temporal_real_pairs,21,1791528422.0029938,65024.0
0,ppo/temporal_real_pairs,22,1791528450.647362,65024.0
0,ppo/temporal_real_pairs,23,1791528477.7623944,65024.0
0,ppo/temporal_real_pairs,24,1791528504.8917189,65024.0
0,ppo/temporal_real_pairs,25,1791528531.0441144,65024.0
0,ppo/temporal_real_pairs,26,1791529625.6212604,65024.0
0,ppo/temporal_real_pairs,27,1791529654.3686144,65024.0
0,ppo/temporal_real_pairs,28,1791529682.6625357,65024.0
0,ppo/temporal_real_pairs,29,1791529710.7079651,65024.0
0,ppo/temporal_real_pairs,30,1791529737.0737116,65024.0
0,ppo/temporal_real_pairs,31,1791529763.4795938,65024.0
0,ppo/temporal_real_pairs,32,1791529789.9078043,64512.0
0,ppo/temporal_real_pairs,33,1791529818.8364363,65024.0
0,ppo/temporal_real_pairs,34,1791529846.023249,65024.0
0,ppo/temporal_real_pairs,35,1791529874.0234597,65024.0
0,ppo/temporal_real_pairs,36,1791529900.9687147,65024.0
0,ppo/temporal_real_pairs,37,1791529927.82077,65024.0
0,ppo/temporal_real_pairs,38,1791529954.542661,64512.0
0,ppo/temporal_real_pairs,39,1791529982.8037739,65024.0
0,ppo/temporal_real_pairs,40,1791530009.7371633,65024.0
0,ppo/temporal_real_pairs,41,1791530037.126727,65024.0
0,ppo/temporal_real_pairs,42,1791530063.8716137,65024.0
0,ppo/temporal_real_pairs,43,1791530090.2906573,65024.0
0,ppo/temporal_real_pairs,44,1791530116.8520665,64512.0
0,ppo/temporal_real_pairs,45,1791530145.5625067,65024.0
0,ppo/temporal_real_pairs,46,1791530172.8219419,65024.0
0,ppo/temporal_real_pairs,47,1791530201.1804616,65024.0
0,ppo/temporal_real_pairs,48,1791530228.5203001,65024.0
0,ppo/temporal_real_pairs,49,1791530255.8825939,65024.0
0,ppo/temporal_real_pairs,50,1791530282.2431514,65024.0
0,ppo/temporal_real_pairs,51,1791530309.2279751,65024.0
0,ppo/temporal_real_pairs,52,1791530337.1955252,65024.0
0,ppo/temporal_real_pairs,53,1791530363.6111946,65024.0
0,ppo/temporal_real_pairs,54,1791530391.322416,65024.0
0,ppo/temporal_real_pairs,55,1791530416.9535642,65024.0
0,ppo/temporal_real_pairs,56,1791530442.778142,65024.0
0,ppo/temporal_real_pairs,57,1791530469.1454237,64512.0
0,ppo/temporal_real_pairs,58,1791530495.9849315,65024.0
0,ppo/temporal_real_pairs,59,1791530522.8599265,65024.0
0,ppo/temporal_real_pairs,60,1791530549.1503923,65024.0
0,ppo/temporal_real_pairs,61,1791530575.0267174,65024.0
0,ppo/temporal_real_pairs,62,1791530600.7308679,65024.0
0,ppo/temporal_real_pairs,63,1791530627.207693,64512.0
0,ppo/temporal_real_pairs,64,1791530654.8115592,65024.0
0,ppo/temporal_real_pairs,65,1791530681.9693666,65024.0
0,ppo/temporal_real_pairs,66,1791530708.4818902,65024.0
0,ppo/temporal_real_pairs,67,1791530735.277634,65024.0
0,ppo/temporal_real_pairs,68,1791530761.5731554,65024.0
0,ppo/temporal_real_pairs,69,1791530788.2899742,64512.0
0,ppo/temporal_real_pairs,70,1791530815.3076928,65024.0
0,ppo/temporal_real_pairs,71,1791530842.3518786,65024.0
0,ppo/temporal_real_pairs,72,1791530870.4534938,65024.0
0,ppo/temporal_real_pairs,73,1791530897.4407346,65024.0
0,ppo/temporal_real_pairs,74,1791530924.0383258,65024.0
0,ppo/temporal_real_pairs,75,1791530950.9575436,65024.0
0,ppo/temporal_real_pairs,76,1791530977.836756,65024.0
0,ppo/temporal_real_pairs,77,1791531005.309682,65024.0
0,ppo/temporal_real_pairs,78,1791531032.3433661,65024.0
0,ppo/temporal_real_pairs,79,1791531059.8652132,65024.0
0,ppo/temporal_real_pairs,80,1791531086.3650746,65024.0
0,ppo/temporal_real_pairs,81,1791531112.9225426,65024.0
0,ppo/temporal_real_pairs,82,1791531139.443449,64512.0
0,ppo/temporal_real_pairs,83,1791531166.974607,65024.0
0,ppo/temporal_real_pairs,84,1791531193.820788,65024.0
0,ppo/temporal_real_pairs,85,1791531221.7074428,65024.0
0,ppo/temporal_real_pairs,86,1791531248.353843,65024.0
0,ppo/temporal_real_pairs,87,1791531275.1026773,65024.0
0,ppo/temporal_real_pairs,88,1791531301.6221287,64512.0
0,ppo/temporal_real_pairs,89,1791531328.9587746,65024.0
0,ppo/temporal_real_pairs,90,1791531355.7660475,65024.0
0,ppo/temporal_real_pairs,91,1791531382.9407535,65024.0
0,ppo/temporal_real_pairs,92,1791531409.081482,65024.0
0,ppo/temporal_real_pairs,93,1791531435.301097,65024.0
0,ppo/temporal_real_pairs,94,1791531461.2317057,64512.0
0,ppo/temporal_real_pairs,95,1791531488.2748272,65024.0
0,ppo/temporal_real_pairs,96,1791531514.7181115,65024.0
0,ppo/temporal_real_pairs,97,1791531542.167765,65024.0
0,ppo/temporal_real_pairs,98,1791531569.305469,65024.0
0,ppo/temporal_real_pairs,99,1791531595.446709,65024.0
0,ppo/temporal_real_pairs,100,1791531621.4211442,65024.0
0,ppo/value,1,1791527863.2695158,5.46563196182251
0,ppo/value,2,1791527893.8532073,18.745370864868164
0,ppo/value,3,1791527923.5863738,8.029361724853516
0,ppo/value,4,1791527950.3654504,14.94725513458252
0,ppo/value,5,1791527978.6109207,23.71055030822754
0,ppo/value,6,1791528004.4027126,24.507713317871094
0,ppo/value,7,1791528030.9663436,22.6419734954834
0,ppo/value,8,1791528061.932538,23.024314880371094
0,ppo/value,9,1791528090.2396815,7.621631622314453
0,ppo/value,10,1791528116.5388794,8.238862991333008
0,ppo/value,11,1791528142.7977767,15.41647720336914
0,ppo/value,12,1791528169.3049366,17.284992218017578
0,ppo/value,13,1791528195.7102625,26.797786712646484
0,ppo/value,14,1791528225.2637217,51.41553497314453
0,ppo/value,15,1791528253.5784805,11.7501220703125
0,ppo/value,16,1791528283.3569202,11.428380012512207
0,ppo/value,17,1791528309.5952168,16.41012191772461
0,ppo/value,18,1791528336.4390495,17.979887008666992
0,ppo/value,19,1791528362.8669825,26.673824310302734
0,ppo/value,20,1791528393.3595045,62.22176742553711
0,ppo/value,21,1791528422.002512,15.9047212600708
0,ppo/value,22,1791528450.6465876,11.21216869354248
0,ppo/value,23,1791528477.7619967,14.56479263305664
0,ppo/value,24,1791528504.8912213,15.769670486450195
0,ppo/value,25,1791528531.0435925,39.95967483520508
0,ppo/value,26,1791529625.6203,33.76783752441406
0,ppo/value,27,1791529654.3682396,13.786981582641602
0,ppo/value,28,1791529682.6619468,11.851424217224121
0,ppo/value,29,1791529710.7070508,8.24798583984375
0,ppo/value,30,1791529737.0728958,11.016267776489258
0,ppo/value,31,1791529763.4792473,12.15457820892334
0,ppo/value,32,1791529789.9074311,49.442386627197266
0,ppo/value,33,1791529818.8355925,19.037010192871094
0,ppo/value,34,1791529846.0225606,10.04049301147461
0,ppo/value,35,1791529874.022819,8.569249153137207
0,ppo/value,36,1791529900.9679213,8.124740600585938
0,ppo/value,37,1791529927.8202286,6.8479413986206055
0,ppo/value,38,1791529954.54184,23.226484298706055
0,ppo/value,39,1791529982.8032017,13.40109634399414
0,ppo/value,40,1791530009.736577,11.239081382751465
0,ppo/value,41,1791530037.1261144,16.523433685302734
0,ppo/value,42,1791530063.8712156,10.671600341796875
0,ppo/value,43,1791530090.290263,7.007705211639404
0,ppo/value,44,1791530116.851501,41.36138916015625
0,ppo/value,45,1791530145.5617342,16.62885856628418
0,ppo/value,46,1791530172.820987,11.386452674865723
0,ppo/value,47,1791530201.1796384,17.116016387939453
0,ppo/value,48,1791530228.5196207,12.725241661071777
0,ppo/value,49,1791530255.8822284,8.842020988464355
0,ppo/value,50,1791530282.2426631,42.528743743896484
0,ppo/value,51,1791530309.2275581,13.8611421585083
0,ppo/value,52,1791530337.195108,9.369834899902344
0,ppo/value,53,1791530363.6089752,20.50868034362793
0,ppo/value,54,1791530391.322045,18.64190101623535
0,ppo/value,55,1791530416.9531453,9.877484321594238
0,ppo/value,56,1791530442.6875284,9.169845581054688
0,ppo/value,57,1791530469.1449966,42.974971771240234
0,ppo/value,58,1791530495.9845386,11.205878257751465
0,ppo/value,59,1791530522.8595338,12.255754470825195
0,ppo/value,60,1791530549.1499696,12.6847562789917
0,ppo/value,61,1791530575.026282,6.563965320587158
0,ppo/value,62,1791530600.730496,5.724332809448242
0,ppo/value,63,1791530627.2072096,28.832502365112305
0,ppo/value,64,1791530654.8111796,12.67188549041748
0,ppo/value,65,1791530681.9689538,10.62426471710205
0,ppo/value,66,1791530708.4814818,10.674575805664062
0,ppo/value,67,1791530735.2771907,8.284391403198242
0,ppo/value,68,1791530761.5727043,6.647955894470215
0,ppo/value,69,1791530788.2895403,25.920490264892578
0,ppo/value,70,1791530815.3072987,10.240568161010742
0,ppo/value,71,1791530842.3515103,7.2802534103393555
0,ppo/value,72,1791530870.452972,13.32249641418457
0,ppo/value,73,1791530897.4403272,12.018224716186523
0,ppo/value,74,1791530924.0379267,5.906641006469727
0,ppo/value,75,1791530950.957158,45.37411880493164
0,ppo/value,76,1791530977.836353,8.829852104187012
0,ppo/value,77,1791531005.3092582,7.9167656898498535
0,ppo/value,78,1791531032.342849,10.628606796264648
0,ppo/value,79,1791531059.8648086,10.102032661437988
0,ppo/value,80,1791531086.3646307,6.373807907104492
0,ppo/value,81,1791531112.922114,7.476226806640625
0,ppo/value,82,1791531139.44304,47.64016342163086
0,ppo/value,83,1791531166.9740863,6.560969352722168
0,ppo/value,84,1791531193.8203595,7.237273693084717
0,ppo/value,85,1791531221.706998,6.169680595397949
0,ppo/value,86,1791531248.3533561,5.611703872680664
0,ppo/value,87,1791531275.102293,6.539606094360352
0,ppo/value,88,1791531301.621699,26.814563751220703
0,ppo/value,89,1791531328.958369,10.456621170043945
0,ppo/value,90,1791531355.7656295,5.082387447357178
0,ppo/value,91,1791531382.9403853,7.255762100219727
0,ppo/value,92,1791531409.0810862,6.223998546600342
0,ppo/value,93,1791531435.3006947,2.637702703475952
0,ppo/value,94,1791531461.2312782,8.928905487060547
0,ppo/value,95,1791531488.2741573,9.751909255981445
0,ppo/value,96,1791531514.7174058,5.2334394454956055
0,ppo/value,97,1791531542.1671383,8.432053565979004
0,ppo/value,98,1791531569.3047826,5.674570560455322
0,ppo/value,99,1791531595.4462929,6.826919078826904
0,ppo/value,100,1791531621.4207237,35.73160934448242
0,train/mean_step_reward,1,1791527863.2694836,-0.03878733143210411
0,train/mean_step_reward,2,1791527893.8531826,-0.09038272500038147
0,train/mean_step_reward,3,1791527923.586346,-0.05681508779525757
0,train/mean_step_reward,4,1791527950.3654137,-0.06282322853803635
0,train/mean_step_reward,5,1791527978.6108887,-0.06154860928654671
0,train/mean_step_reward,6,1791528004.4026885,-0.051699645817279816
0,train/mean_step_reward,7,1791528030.9663064,-0.026724014431238174
0,train/mean_step_reward,8,1791528061.9325135,-0.09766155481338501
0,train/mean_step_reward,9,1791528090.239644,-0.04703795164823532
0,train/mean_step_reward,10,1791528116.5388525,-0.05036650598049164
0,train/mean_step_reward,11,1791528142.7977529,-0.05391498655080795
0,train/mean_step_reward,12,1791528169.3049116,-0.049292054027318954
0,train/mean_step_reward,13,1791528195.7102349,-0.028364848345518112
0,train/mean_step_reward,14,1791528225.2636893,-0.0860852524638176
0,train/mean_step_reward,15,1791528253.578455,-0.046481356024742126
0,train/mean_step_reward,16,1791528283.3568933,-0.05082803964614868
0,train/mean_step_reward,17,1791528309.5951924,-0.05662146955728531
0,train/mean_step_reward,18,1791528336.439016,-0.05854526907205582
0,train/mean_step_reward,19,1791528362.8669567,-0.04815666005015373
0,train/mean_step_reward,20,1791528393.3594778,-0.06732811033725739
0,train/mean_step_reward,21,1791528422.0024853,-0.06439551711082458
0,train/mean_step_reward,22,1791528450.646555,-0.056035365909338
0,train/mean_step_reward,23,1791528477.761971,-0.07260940968990326
0,train/mean_step_reward,24,1791528504.8911939,-0.08116167783737183
0,train/mean_step_reward,25,1791528531.0435638,-0.079178586602211
0,train/mean_step_reward,26,1791529625.6202712,-0.02951221354305744
0,train/mean_step_reward,27,1791529654.3682144,-0.07092391699552536
0,train/mean_step_reward,28,1791529682.6619225,-0.043457724153995514
0,train/mean_step_reward,29,1791529710.7070246,-0.05415279418230057
0,train/mean_step_reward,30,1791529737.0728693,-0.05971270427107811
0,train/mean_step_reward,31,1791529763.479221,-0.05374523252248764
0,train/mean_step_reward,32,1791529789.9074032,-0.025468938052654266
0,train/mean_step_reward,33,1791529818.8355644,-0.06020516902208328
0,train/mean_step_reward,34,1791529846.0225356,-0.04063289612531662
0,train/mean_step_reward,35,1791529874.0227947,-0.05610781908035278
0,train/mean_step_reward,36,1791529900.9678957,-0.06163956969976425
0,train/mean_step_reward,37,1791529927.8202014,-0.05281051620841026
0,train/mean_step_reward,38,1791529954.541815,-0.029212312772870064
0,train/mean_step_reward,39,1791529982.8031769,-0.05540112406015396
0,train/mean_step_reward,40,1791530009.7365503,-0.042844634503126144
0,train/mean_step_reward,41,1791530037.1260824,-0.05857435613870621
0,train/mean_step_reward,42,1791530063.8711874,-0.06985980272293091
0,train/mean_step_reward,43,1791530090.2902207,-0.06496559083461761
0,train/mean_step_reward,44,1791530116.8514752,-0.04775109514594078
0,train/mean_step_reward,45,1791530145.5617034,-0.051763709634542465
0,train/mean_step_reward,46,1791530172.8209534,-0.0512392483651638
0,train/mean_step_reward,47,1791530201.1796114,-0.055241819471120834
0,train/mean_step_reward,48,1791530228.5195947,-0.06793643534183502
0,train/mean_step_reward,49,1791530255.8822033,-0.06759381294250488
0,train/mean_step_reward,50,1791530282.2426353,-0.05867547541856766
0,train/mean_step_reward,51,1791530309.2275288,-0.02618742734193802
0,train/mean_step_reward,52,1791530337.1950836,-0.0538511723279953
0,train/mean_step_reward,53,1791530363.608944,-0.043402694165706635
0,train/mean_step_reward,54,1791530391.3220193,-0.05715333670377731
0,train/mean_step_reward,55,1791530416.9531176,-0.06329268217086792
0,train/mean_step_reward,56,1791530442.6874983,-0.05467744171619415
0,train/mean_step_reward,57,1791530469.1449695,-0.025408662855625153
0,train/mean_step_reward,58,1791530495.984513,-0.059125907719135284
0,train/mean_step_reward,59,1791530522.8595088,-0.0436236709356308
0,train/mean_step_reward,60,1791530549.1499414,-0.060634810477495193
0,train/mean_step_reward,61,1791530575.0262556,-0.06375689059495926
0,train/mean_step_reward,62,1791530600.7304707,-0.05633164942264557
0,train/mean_step_reward,63,1791530627.2071657,-0.0324823334813118
0,train/mean_step_reward,64,1791530654.8111541,-0.04974231868982315
0,train/mean_step_reward,65,1791530681.9689233,-0.040826693177223206
0,train/mean_step_reward,66,1791530708.4814575,-0.05269870162010193
0,train/mean_step_reward,67,1791530735.2771606,-0.05729396641254425
0,train/mean_step_reward,68,1791530761.572675,-0.05008234083652496
0,train/mean_step_reward,69,1791530788.2895148,-0.032357338815927505
0,train/mean_step_reward,70,1791530815.307269,-0.037017036229372025
0,train/mean_step_reward,71,1791530842.3514855,-0.03909408301115036
0,train/mean_step_reward,72,1791530870.4529386,-0.05080127716064453
0,train/mean_step_reward,73,1791530897.4403028,-0.05582097917795181
0,train/mean_step_reward,74,1791530924.0378969,-0.05230811610817909
0,train/mean_step_reward,75,1791530950.9571254,-0.041948143392801285
0,train/mean_step_reward,76,1791530977.836327,-0.02683524414896965
0,train/mean_step_reward,77,1791531005.3092318,-0.042150676250457764
0,train/mean_step_reward,78,1791531032.3428206,-0.04713648557662964
0,train/mean_step_reward,79,1791531059.8647835,-0.052089326083660126
0,train/mean_step_reward,80,1791531086.3645983,-0.05192532762885094
0,train/mean_step_reward,81,1791531112.9220872,-0.046770405024290085
0,train/mean_step_reward,82,1791531139.4430094,-0.023693285882472992
0,train/mean_step_reward,83,1791531166.9740617,-0.0417562872171402
0,train/mean_step_reward,84,1791531193.8203318,-0.04159587249159813
0,train/mean_step_reward,85,1791531221.7069728,-0.05114422366023064
0,train/mean_step_reward,86,1791531248.3533251,-0.04590592533349991
0,train/mean_step_reward,87,1791531275.1022656,-0.03413199633359909
0,train/mean_step_reward,88,1791531301.621664,-0.019601695239543915
0,train/mean_step_reward,89,1791531328.9583435,-0.035917118191719055
0,train/mean_step_reward,90,1791531355.7655988,-0.034019917249679565
0,train/mean_step_reward,91,1791531382.9403608,-0.044186390936374664
0,train/mean_step_reward,92,1791531409.0810578,-0.03772538900375366
0,train/mean_step_reward,93,1791531435.3006673,-0.027277011424303055
0,train/mean_step_reward,94,1791531461.2312493,-0.017105482518672943
0,train/mean_step_reward,95,1791531488.2741346,-0.03248986601829529
0,train/mean_step_reward,96,1791531514.717379,-0.033645324409008026
0,train/mean_step_reward,97,1791531542.1671119,-0.042791664600372314
0,train/mean_step_reward,98,1791531569.304755,-0.03986917436122894
0,train/mean_step_reward,99,1791531595.4462671,-0.034228794276714325
0,train/mean_step_reward,100,1791531621.4206948,-0.029734745621681213
1,physical/failure_fraction,1,1791528558.9954212,0.0
1,physical/failure_fraction,2,1791528588.6314883,0.0
1,physical/failure_fraction,3,1791528617.6865404,0.0
1,physical/failure_fraction,4,1791528644.3132343,0.0
1,physical/failure_fraction,5,1791528670.501987,0.0
1,physical/failure_fraction,6,1791528700.103189,0.0
1,physical/failure_fraction,7,1791528739.3693342,0.0
1,physical/failure_fraction,8,1791528771.4587104,0.0
1,physical/failure_fraction,9,1791528799.5720725,0.0
1,physical/failure_fraction,10,1791528827.1556585,0.0
1,physical/failure_fraction,11,1791528853.7404466,0.0
1,physical/failure_fraction,12,1791528880.7678418,0.0
1,physical/failure_fraction,13,1791528906.885365,0.0
1,physical/failure_fraction,14,1791528937.7248604,0.0
1,physical/failure_fraction,15,1791528965.3836725,0.0
1,physical/failure_fraction,16,1791528995.7183006,0.0
1,physical/failure_fraction,17,1791529021.784501,0.0
1,physical/failure_fraction,18,1791529052.0673816,0.0
1,physical/failure_fraction,19,1791529082.3881135,0.0
1,physical/failure_fraction,20,1791529111.958276,0.0
1,physical/failure_fraction,21,1791529145.3053153,0.0
1,physical/failure_fraction,22,1791529177.3469698,0.0
1,physical/failure_fraction,23,1791529203.711157,0.0
1,physical/failure_fraction,24,1791529234.0284045,0.0
1,physical/failure_fraction,25,1791529260.0887864,0.0
1,physical/failure_fraction,26,1791531648.8502998,0.0
1,physical/failure_fraction,27,1791531678.3823764,0.0
1,physical/failure_fraction,28,1791531706.4600608,0.0
1,physical/failure_fraction,29,1791531734.7738457,0.0
1,physical/failure_fraction,30,1791531760.9404914,0.0
1,physical/failure_fraction,31,1791531788.6093016,0.0
1,physical/failure_fraction,32,1791531815.1912415,0.0
1,physical/failure_fraction,33,1791531845.3760114,0.0
1,physical/failure_fraction,34,1791531872.9019794,0.0
1,physical/failure_fraction,35,1791531901.974048,0.0
1,physical/failure_fraction,36,1791531928.7024374,0.0
1,physical/failure_fraction,37,1791531956.1382756,0.0
1,physical/failure_fraction,38,1791531983.0064995,0.0
1,physical/failure_fraction,39,1791532013.439913,0.0
1,physical/failure_fraction,40,1791532040.16248,0.0
1,physical/failure_fraction,41,1791532067.9959118,0.0
1,physical/failure_fraction,42,1791532093.6631262,0.0
1,physical/failure_fraction,43,1791532119.9395337,0.0
1,physical/failure_fraction,44,1791532145.6197913,0.0
1,physical/failure_fraction,45,1791532174.3594606,0.0
1,physical/failure_fraction,46,1791532201.688879,0.0
1,physical/failure_fraction,47,1791532229.454824,0.0
1,physical/failure_fraction,48,1791532255.538128,0.0
1,physical/failure_fraction,49,1791532281.8617735,0.0
1,physical/failure_fraction,50,1791532307.6137476,0.0
1,physical/failure_fraction,51,1791532335.122281,0.0
1,physical/failure_fraction,52,1791532364.1197305,0.0
1,physical/failure_fraction,53,1791532392.7263641,0.0
1,physical/failure_fraction,54,1791532421.042279,0.0
1,physical/failure_fraction,55,1791532448.3018482,0.0
1,physical/failure_fraction,56,1791532475.3007784,0.0
1,physical/failure_fraction,57,1791532502.0040784,0.0
1,physical/failure_fraction,58,1791532530.0415463,0.0
1,physical/failure_fraction,59,1791532557.3270855,0.0
1,physical/failure_fraction,60,1791532584.0601506,0.0
1,physical/failure_fraction,61,1791532611.2055273,0.0
1,physical/failure_fraction,62,1791532638.1765437,0.0
1,physical/failure_fraction,63,1791532664.978644,0.0
1,physical/failure_fraction,64,1791532693.000155,0.0
1,physical/failure_fraction,65,1791532720.3620052,0.0
1,physical/failure_fraction,66,1791532747.1398249,0.0
1,physical/failure_fraction,67,1791532773.785454,0.0
1,physical/failure_fraction,68,1791532808.2604814,0.0
1,physical/failure_fraction,69,1791532845.1055481,0.0
1,physical/failure_fraction,70,1791532872.6788797,0.0
1,physical/failure_fraction,71,1791532900.2020774,0.0
1,physical/failure_fraction,72,1791532927.8366902,0.0
1,physical/failure_fraction,73,1791532955.0498173,0.0
1,physical/failure_fraction,74,1791532982.2794535,0.0
1,physical/failure_fraction,75,1791533009.13407,0.0
1,physical/failure_fraction,76,1791533036.8967605,0.0
1,physical/failure_fraction,77,1791533064.489857,0.0
1,physical/failure_fraction,78,1791533092.4582658,0.0
1,physical/failure_fraction,79,1791533124.1831348,0.0
1,physical/failure_fraction,80,1791533150.7832098,0.0
1,physical/failure_fraction,81,1791533181.7386804,0.0
1,physical/failure_fraction,82,1791533208.3979642,0.0
1,physical/failure_fraction,83,1791533240.2129242,0.0
1,physical/failure_fraction,84,1791533267.381486,0.0
1,physical/failure_fraction,85,1791533299.4470415,0.0
1,physical/failure_fraction,86,1791533330.4105263,0.0
1,physical/failure_fraction,87,1791533357.1260917,0.0
1,physical/failure_fraction,88,1791533387.8733113,0.0
1,physical/failure_fraction,89,1791533414.963191,0.0
1,physical/failure_fraction,90,1791533446.1459017,0.0
1,physical/failure_fraction,91,1791533477.2702677,0.0
1,physical/failure_fraction,92,1791533504.045197,0.0
1,physical/failure_fraction,93,1791533535.4343975,0.0
1,physical/failure_fraction,94,1791533562.4435725,0.0
1,physical/failure_fraction,95,1791533589.9620662,0.0
1,physical/failure_fraction,96,1791533617.775942,0.0
1,physical/failure_fraction,97,1791533646.356211,0.0
1,physical/failure_fraction,98,1791533673.6998308,0.0
1,physical/failure_fraction,99,1791533700.8935404,0.0
1,physical/failure_fraction,100,1791533728.013601,0.0
1,physical/heading_rmse,1,1791528558.9953578,0.2025369256734848
1,physical/heading_rmse,2,1791528588.6314282,0.22818249464035034
1,physical/heading_rmse,3,1791528617.6865053,0.2489418387413025
1,physical/heading_rmse,4,1791528644.313226,0.3936268389225006
1,physical/heading_rmse,5,1791528670.5018482,0.590442419052124
1,physical/heading_rmse,6,1791528700.103131,0.7299280762672424
1,physical/heading_rmse,7,1791528739.3692687,0.435916930437088
1,physical/heading_rmse,8,1791528771.4586983,0.2387925237417221
1,physical/heading_rmse,9,1791528799.572034,0.2349449247121811
1,physical/heading_rmse,10,1791528827.1556213,0.3085728883743286
1,physical/heading_rmse,11,1791528853.7404404,0.4597560167312622
1,physical/heading_rmse,12,1791528880.767808,0.6186233162879944
1,physical/heading_rmse,13,1791528906.8853316,0.5089226961135864
1,physical/heading_rmse,14,1791528937.7248538,0.2297118753194809
1,physical/heading_rmse,15,1791528965.3836339,0.21680910885334015
1,physical/heading_rmse,16,1791528995.718264,0.29321056604385376
1,physical/heading_rmse,17,1791529021.7844677,0.44794508814811707
1,physical/heading_rmse,18,1791529052.0673752,0.6169536113739014
1,physical/heading_rmse,19,1791529082.3880982,0.62139493227005
1,physical/heading_rmse,20,1791529111.95824,0.255593478679657
1,physical/heading_rmse,21,1791529145.3052578,0.26340845227241516
1,physical/heading_rmse,22,1791529177.3469555,0.33417046070098877
1,physical/heading_rmse,23,1791529203.7111201,0.5075494647026062
1,physical/heading_rmse,24,1791529234.0283709,0.7082798480987549
1,physical/heading_rmse,25,1791529260.0887794,0.8159437775611877
1,physical/heading_rmse,26,1791531648.8502665,0.20159479975700378
1,physical/heading_rmse,27,1791531678.3823423,0.22544324398040771
1,physical/heading_rmse,28,1791531706.4600222,0.24310268461704254
1,physical/heading_rmse,29,1791531734.7737527,0.34492579102516174
1,physical/heading_rmse,30,1791531760.9404323,0.5288821458816528
1,physical/heading_rmse,31,1791531788.6092942,0.6573003530502319
1,physical/heading_rmse,32,1791531815.1911821,0.3941076695919037
1,physical/heading_rmse,33,1791531845.3759508,0.25402891635894775
1,physical/heading_rmse,34,1791531872.9019172,0.2498558610677719
1,physical/heading_rmse,35,1791531901.9739902,0.31574827432632446
1,physical/heading_rmse,36,1791531928.7023702,0.41927775740623474
1,physical/heading_rmse,37,1791531956.1382406,0.5232648849487305
1,physical/heading_rmse,38,1791531983.0064645,0.4141649007797241
1,physical/heading_rmse,39,1791532013.4398777,0.22271879017353058
1,physical/heading_rmse,40,1791532040.162444,0.20796160399913788
1,physical/heading_rmse,41,1791532067.9957094,0.27838239073753357
1,physical/heading_rmse,42,1791532093.6630914,0.41769853234291077
1,physical/heading_rmse,43,1791532119.9395273,0.5739884376525879
1,physical/heading_rmse,44,1791532145.6197584,0.5783630013465881
1,physical/heading_rmse,45,1791532174.3594346,0.26208722591400146
1,physical/heading_rmse,46,1791532201.6888316,0.2737836241722107
1,physical/heading_rmse,47,1791532229.454817,0.31058213114738464
1,physical/heading_rmse,48,1791532255.5380936,0.4329076409339905
1,physical/heading_rmse,49,1791532281.8617373,0.6104265451431274
1,physical/heading_rmse,50,1791532307.6137142,0.6961899995803833
1,physical/heading_rmse,51,1791532335.1222453,0.1987333446741104
1,physical/heading_rmse,52,1791532364.1196957,0.23469281196594238
1,physical/heading_rmse,53,1791532392.7263105,0.24603153765201569
1,physical/heading_rmse,54,1791532421.0422723,0.30169951915740967
1,physical/heading_rmse,55,1791532448.3018403,0.37606900930404663
1,physical/heading_rmse,56,1791532475.3007445,0.4164830446243286
1,physical/heading_rmse,57,1791532502.0040436,0.2940482199192047
1,physical/heading_rmse,58,1791532530.0415092,0.27605322003364563
1,physical/heading_rmse,59,1791532557.3270783,0.2581838369369507
1,physical/heading_rmse,60,1791532584.060115,0.3266543745994568
1,physical/heading_rmse,61,1791532611.2053587,0.38983282446861267
1,physical/heading_rmse,62,1791532638.1765091,0.4527352452278137
1,physical/heading_rmse,63,1791532664.9786355,0.36834514141082764
1,physical/heading_rmse,64,1791532693.0001483,0.2638237774372101
1,physical/heading_rmse,65,1791532720.3619359,0.24431724846363068
1,physical/heading_rmse,66,1791532747.1397882,0.2828473150730133
1,physical/heading_rmse,67,1791532773.7854192,0.32365989685058594
1,physical/heading_rmse,68,1791532808.2604747,0.35526981949806213
1,physical/heading_rmse,69,1791532845.1055412,0.33717063069343567
1,physical/heading_rmse,70,1791532872.678845,0.24215693771839142
1,physical/heading_rmse,71,1791532900.2020442,0.2691328227519989
1,physical/heading_rmse,72,1791532927.8366838,0.29819488525390625
1,physical/heading_rmse,73,1791532955.0497818,0.35796108841896057
1,physical/heading_rmse,74,1791532982.2794192,0.4483676254749298
1,physical/heading_rmse,75,1791533009.1340337,0.48178601264953613
1,physical/heading_rmse,76,1791533036.896724,0.24857071042060852
1,physical/heading_rmse,77,1791533064.4898212,0.29584357142448425
1,physical/heading_rmse,78,1791533092.458243,0.2863048017024994
1,physical/heading_rmse,79,1791533124.1831002,0.2984205186367035
1,physical/heading_rmse,80,1791533150.78317,0.316190630197525
1,physical/heading_rmse,81,1791533181.7386727,0.3350912630558014
1,physical/heading_rmse,82,1791533208.397957,0.25309786200523376
1,physical/heading_rmse,83,1791533240.2128913,0.28881019353866577
1,physical/heading_rmse,84,1791533267.3814793,0.2571507692337036
1,physical/heading_rmse,85,1791533299.446882,0.28388267755508423
1,physical/heading_rmse,86,1791533330.4104877,0.2873031795024872
1,physical/heading_rmse,87,1791533357.1260421,0.2790626883506775
1,physical/heading_rmse,88,1791533387.8732975,0.24880124628543854
1,physical/heading_rmse,89,1791533414.9631562,0.2634626626968384
1,physical/heading_rmse,90,1791533446.1458468,0.23782609403133392
1,physical/heading_rmse,91,1791533477.270219,0.24355149269104004
1,physical/heading_rmse,92,1791533504.0451512,0.25801724195480347
1,physical/heading_rmse,93,1791533535.4343624,0.28330790996551514
1,physical/heading_rmse,94,1791533562.4435308,0.27897903323173523
1,physical/heading_rmse,95,1791533589.9620275,0.24614062905311584
1,physical/heading_rmse,96,1791533617.7759047,0.2663270831108093
1,physical/heading_rmse,97,1791533646.3561754,0.25120148062705994
1,physical/heading_rmse,98,1791533673.699596,0.27009880542755127
1,physical/heading_rmse,99,1791533700.8934796,0.3273526728153229
1,physical/heading_rmse,100,1791533728.0135367,0.3644052743911743
1,physical/speed_rmse,1,1791528558.9952934,0.13064239919185638
1,physical/speed_rmse,2,1791528588.6313672,0.17067040503025055
1,physical/speed_rmse,3,1791528617.6864974,0.14175155758857727
1,physical/speed_rmse,4,1791528644.312932,0.113840751349926
1,physical/speed_rmse,5,1791528670.5017767,0.08995234221220016
1,physical/speed_rmse,6,1791528700.1030724,0.0781814381480217
1,physical/speed_rmse,7,1791528739.3692014,0.07056386768817902
1,physical/speed_rmse,8,1791528771.4585805,0.11975236982107162
1,physical/speed_rmse,9,1791528799.5719938,0.09708189964294434
1,physical/speed_rmse,10,1791528827.155582,0.0763000026345253
1,physical/speed_rmse,11,1791528853.7404327,0.07784835994243622
1,physical/speed_rmse,12,1791528880.7677755,0.0748608335852623
1,physical/speed_rmse,13,1791528906.88531,0.05882662162184715
1,physical/speed_rmse,14,1791528937.724847,0.09939268231391907
1,physical/speed_rmse,15,1791528965.383594,0.08581911772489548
1,physical/speed_rmse,16,1791528995.7181337,0.07924887537956238
1,physical/speed_rmse,17,1791529021.7844338,0.06697799265384674
1,physical/speed_rmse,18,1791529052.067369,0.0641368106007576
1,physical/speed_rmse,19,1791529082.387938,0.04958994686603546
1,physical/speed_rmse,20,1791529111.9582064,0.08407162129878998
1,physical/speed_rmse,21,1791529145.3050969,0.09284095466136932
1,physical/speed_rmse,22,1791529177.3468053,0.07502847164869308
1,physical/speed_rmse,23,1791529203.7111142,0.06176656484603882
1,physical/speed_rmse,24,1791529234.0283363,0.0551660917699337
1,physical/speed_rmse,25,1791529260.0887728,0.052934397011995316
1,physical/speed_rmse,26,1791531648.850233,0.054035354405641556
1,physical/speed_rmse,27,1791531678.3823073,0.07951157540082932
1,physical/speed_rmse,28,1791531706.4598675,0.05350572615861893
1,physical/speed_rmse,29,1791531734.7737174,0.04543215408921242
1,physical/speed_rmse,30,1791531760.9403665,0.03652670234441757
1,physical/speed_rmse,31,1791531788.609287,0.03907066956162453
1,physical/speed_rmse,32,1791531815.191123,0.038343269377946854
1,physical/speed_rmse,33,1791531845.3758903,0.07240821421146393
1,physical/speed_rmse,34,1791531872.901853,0.04610205069184303
1,physical/speed_rmse,35,1791531901.9739335,0.039309948682785034
1,physical/speed_rmse,36,1791531928.7022579,0.038951240479946136
1,physical/speed_rmse,37,1791531956.1382065,0.03487703204154968
1,physical/speed_rmse,38,1791531983.0064301,0.03399079665541649
1,physical/speed_rmse,39,1791532013.4398427,0.07248124480247498
1,physical/speed_rmse,40,1791532040.1623933,0.05272943526506424
1,physical/speed_rmse,41,1791532067.9956965,0.0399797223508358
1,physical/speed_rmse,42,1791532093.6630535,0.03180226683616638
1,physical/speed_rmse,43,1791532119.9395206,0.029882822185754776
1,physical/speed_rmse,44,1791532145.6197248,0.03093744069337845
1,physical/speed_rmse,45,1791532174.3592505,0.060635291039943695
1,physical/speed_rmse,46,1791532201.6887195,0.05361037328839302
1,physical/speed_rmse,47,1791532229.4548104,0.03689868003129959
1,physical/speed_rmse,48,1791532255.538059,0.03198026865720749
1,physical/speed_rmse,49,1791532281.8616848,0.029127763584256172
1,physical/speed_rmse,50,1791532307.6136806,0.028922712430357933
1,physical/speed_rmse,51,1791532335.122205,0.0466093085706234
1,physical/speed_rmse,52,1791532364.1196606,0.06281967461109161
1,physical/speed_rmse,53,1791532392.7262754,0.039545707404613495
1,physical/speed_rmse,54,1791532421.0422654,0.032804686576128006
1,physical/speed_rmse,55,1791532448.301828,0.02850857749581337
1,physical/speed_rmse,56,1791532475.3007107,0.029527073726058006
1,physical/speed_rmse,57,1791532502.0040088,0.03752404823899269
1,physical/speed_rmse,58,1791532530.041471,0.060936275869607925
1,physical/speed_rmse,59,1791532557.327066,0.035925496369600296
1,physical/speed_rmse,60,1791532584.0600805,0.03156166151165962
1,physical/speed_rmse,61,1791532611.2053463,0.03000170737504959
1,physical/speed_rmse,62,1791532638.1764753,0.030966445803642273
1,physical/speed_rmse,63,1791532664.9785025,0.035333625972270966
1,physical/speed_rmse,64,1791532693.0001414,0.05774641036987305
1,physical/speed_rmse,65,1791532720.3619294,0.038729917258024216
1,physical/speed_rmse,66,1791532747.139753,0.032348375767469406
1,physical/speed_rmse,67,1791532773.7853851,0.03198223561048508
1,physical/speed_rmse,68,1791532808.2604685,0.03222056105732918
1,physical/speed_rmse,69,1791532845.1055353,0.032014261931180954
1,physical/speed_rmse,70,1791532872.6788087,0.05463065579533577
1,physical/speed_rmse,71,1791532900.2020094,0.046450208872556686
1,physical/speed_rmse,72,1791532927.8366776,0.034832801669836044
1,physical/speed_rmse,73,1791532955.0497472,0.03018343448638916
1,physical/speed_rmse,74,1791532982.2793846,0.02909768372774124
1,physical/speed_rmse,75,1791533009.1340117,0.028918197378516197
1,physical/speed_rmse,76,1791533036.8966873,0.043966155499219894
1,physical/speed_rmse,77,1791533064.4897993,0.05340629070997238
1,physical/speed_rmse,78,1791533092.4582367,0.035252198576927185
1,physical/speed_rmse,79,1791533124.183065,0.03019772097468376
1,physical/speed_rmse,80,1791533150.7831366,0.029887251555919647
1,physical/speed_rmse,81,1791533181.7386596,0.029529118910431862
1,physical/speed_rmse,82,1791533208.3979487,0.0379648432135582
1,physical/speed_rmse,83,1791533240.2128558,0.055517688393592834
1,physical/speed_rmse,84,1791533267.3814714,0.035682838410139084
1,physical/speed_rmse,85,1791533299.4468741,0.03167468681931496
1,physical/speed_rmse,86,1791533330.4104512,0.02956530824303627
1,physical/speed_rmse,87,1791533357.1259913,0.030264204367995262
1,physical/speed_rmse,88,1791533387.8731596,0.034445978701114655
1,physical/speed_rmse,89,1791533414.963121,0.05661475658416748
1,physical/speed_rmse,90,1791533446.1458406,0.037530068308115005
1,physical/speed_rmse,91,1791533477.2700799,0.032336995005607605
1,physical/speed_rmse,92,1791533504.0451055,0.028231918811798096
1,physical/speed_rmse,93,1791533535.4343033,0.028272220864892006
1,physical/speed_rmse,94,1791533562.443493,0.030274074524641037
1,physical/speed_rmse,95,1791533589.9619892,0.05427390709519386
1,physical/speed_rmse,96,1791533617.7758703,0.05323062092065811
1,physical/speed_rmse,97,1791533646.3561475,0.04029645025730133
1,physical/speed_rmse,98,1791533673.6995838,0.03756469860672951
1,physical/speed_rmse,99,1791533700.8934166,0.03577030077576637
1,physical/speed_rmse,100,1791533728.0134745,0.03610866516828537
1,physical/steer_rmse,1,1791528558.9953263,0.03325347229838371
1,physical/steer_rmse,2,1791528588.6313984,0.039088502526283264
1,physical/steer_rmse,3,1791528617.686502,0.03987310081720352
1,physical/steer_rmse,4,1791528644.3132179,0.036657724529504776
1,physical/steer_rmse,5,1791528670.5018146,0.027355335652828217
1,physical/steer_rmse,6,1791528700.1031027,0.021405313163995743
1,physical/steer_rmse,7,1791528739.3692365,0.027976127341389656
1,physical/steer_rmse,8,1791528771.458584,0.03982977941632271
1,physical/steer_rmse,9,1791528799.5720146,0.0376068577170372
1,physical/steer_rmse,10,1791528827.1556034,0.035430509597063065
1,physical/steer_rmse,11,1791528853.740436,0.029428822919726372
1,physical/steer_rmse,12,1791528880.7677922,0.02271375246345997
1,physical/steer_rmse,13,1791528906.8853135,0.02085532806813717
1,physical/steer_rmse,14,1791528937.7248507,0.03823109716176987
1,physical/steer_rmse,15,1791528965.3836148,0.036648478358983994
1,physical/steer_rmse,16,1791528995.7182415,0.04024085775017738
1,physical/steer_rmse,17,1791529021.7844515,0.03080517053604126
1,physical/steer_rmse,18,1791529052.067372,0.024073082953691483
1,physical/steer_rmse,19,1791529082.3879461,0.019435299560427666
1,physical/steer_rmse,20,1791529111.9582233,0.03520117700099945
1,physical/steer_rmse,21,1791529145.305227,0.03759106621146202
1,physical/steer_rmse,22,1791529177.3468084,0.040445055812597275
1,physical/steer_rmse,23,1791529203.7111173,0.03346214443445206
1,physical/steer_rmse,24,1791529234.028354,0.025400707498192787
1,physical/steer_rmse,25,1791529260.0887764,0.020777840167284012
1,physical/steer_rmse,26,1791531648.8502502,0.03266788274049759
1,physical/steer_rmse,27,1791531678.382325,0.035988859832286835
1,physical/steer_rmse,28,1791531706.4599748,0.03950728848576546
1,physical/steer_rmse,29,1791531734.7737353,0.036387745290994644
1,physical/steer_rmse,30,1791531760.940397,0.02800678461790085
1,physical/steer_rmse,31,1791531788.6092908,0.021290268748998642
1,physical/steer_rmse,32,1791531815.191153,0.026901371777057648
1,physical/steer_rmse,33,1791531845.3759215,0.03698495402932167
1,physical/steer_rmse,34,1791531872.9018862,0.0335579477250576
1,physical/steer_rmse,35,1791531901.9739623,0.03294888138771057
1,physical/steer_rmse,36,1791531928.7023375,0.02558290585875511
1,physical/steer_rmse,37,1791531956.138224,0.021582482382655144
1,physical/steer_rmse,38,1791531983.0064478,0.020887527614831924
1,physical/steer_rmse,39,1791532013.43986,0.038731370121240616
1,physical/steer_rmse,40,1791532040.1624207,0.03632832691073418
1,physical/steer_rmse,41,1791532067.995705,0.03841583430767059
1,physical/steer_rmse,42,1791532093.6630738,0.028525400906801224
1,physical/steer_rmse,43,1791532119.9395242,0.023300660774111748
1,physical/steer_rmse,44,1791532145.6197417,0.018786486238241196
1,physical/steer_rmse,45,1791532174.3594263,0.035813625901937485
1,physical/steer_rmse,46,1791532201.6887236,0.03552054613828659
1,physical/steer_rmse,47,1791532229.454814,0.038100916892290115
1,physical/steer_rmse,48,1791532255.5380769,0.030560826882719994
1,physical/steer_rmse,49,1791532281.8617067,0.02246730402112007
1,physical/steer_rmse,50,1791532307.6136975,0.018231824040412903
1,physical/steer_rmse,51,1791532335.1222417,0.03265051543712616
1,physical/steer_rmse,52,1791532364.1196804,0.035976167768239975
1,physical/steer_rmse,53,1791532392.7262783,0.03567814454436302
1,physical/steer_rmse,54,1791532421.042269,0.03004959598183632
1,physical/steer_rmse,55,1791532448.301836,0.022128012031316757
1,physical/steer_rmse,56,1791532475.3007278,0.022798296064138412
1,physical/steer_rmse,57,1791532502.0040267,0.027387965470552444
1,physical/steer_rmse,58,1791532530.0414908,0.037544749677181244
1,physical/steer_rmse,59,1791532557.327074,0.03121587075293064
1,physical/steer_rmse,60,1791532584.0600986,0.031861450523138046
1,physical/steer_rmse,61,1791532611.2053542,0.022914474830031395
1,physical/steer_rmse,62,1791532638.1764922,0.018194185569882393
1,physical/steer_rmse,63,1791532664.9786274,0.019416572526097298
1,physical/steer_rmse,64,1791532693.000145,0.03806328400969505
1,physical/steer_rmse,65,1791532720.3619325,0.03303051367402077
1,physical/steer_rmse,66,1791532747.139771,0.03137324005365372
1,physical/steer_rmse,67,1791532773.7854025,0.020677508786320686
1,physical/steer_rmse,68,1791532808.2604716,0.01908295787870884
1,physical/steer_rmse,69,1791532845.1055384,0.01702176220715046
1,physical/steer_rmse,70,1791532872.6788275,0.03784017264842987
1,physical/steer_rmse,71,1791532900.202027,0.0349678210914135
1,physical/steer_rmse,72,1791532927.8366807,0.0335407517850399
1,physical/steer_rmse,73,1791532955.0497646,0.025770114734768867
1,physical/steer_rmse,74,1791532982.2794015,0.02040763758122921
1,physical/steer_rmse,75,1791533009.1340146,0.017653552815318108
1,physical/steer_rmse,76,1791533036.896707,0.03388286009430885
1,physical/steer_rmse,77,1791533064.4898021,0.034894272685050964
1,physical/steer_rmse,78,1791533092.45824,0.0316661112010479
1,physical/steer_rmse,79,1791533124.183083,0.0267549566924572
1,physical/steer_rmse,80,1791533150.7831533,0.020120792090892792
1,physical/steer_rmse,81,1791533181.7386682,0.01925186812877655
1,physical/steer_rmse,82,1791533208.3979535,0.026555292308330536
1,physical/steer_rmse,83,1791533240.2128737,0.038909461349248886
1,physical/steer_rmse,84,1791533267.3814762,0.02937707118690014
1,physical/steer_rmse,85,1791533299.4468787,0.025089601054787636
1,physical/steer_rmse,86,1791533330.4104702,0.01812162809073925
1,physical/steer_rmse,87,1791533357.1260178,0.016372883692383766
1,physical/steer_rmse,88,1791533387.873189,0.018397295847535133
1,physical/steer_rmse,89,1791533414.963139,0.03907332569360733
1,physical/steer_rmse,90,1791533446.1458437,0.03116919845342636
1,physical/steer_rmse,91,1791533477.2701967,0.029269950464367867
1,physical/steer_rmse,92,1791533504.045129,0.019543100148439407
1,physical/steer_rmse,93,1791533535.4343333,0.017740271985530853
1,physical/steer_rmse,94,1791533562.4435122,0.015122448094189167
1,physical/steer_rmse,95,1791533589.9620087,0.037381403148174286
1,physical/steer_rmse,96,1791533617.7758882,0.03348680958151817
1,physical/steer_rmse,97,1791533646.3561509,0.03180719166994095
1,physical/steer_rmse,98,1791533673.6995919,0.025281792506575584
1,physical/steer_rmse,99,1791533700.8934493,0.01952381245791912
1,physical/steer_rmse,100,1791533728.0135067,0.01651180163025856
1,physical/working_roll_fraction,1,1791528558.99539,0.035030364990234375
1,physical/working_roll_fraction,2,1791528588.631459,0.17755126953125
1,physical/working_roll_fraction,3,1791528617.686509,0.032855987548828125
1,physical/working_roll_fraction,4,1791528644.3132305,0.007465362548828125
1,physical/working_roll_fraction,5,1791528670.5018792,0.0
1,physical/working_roll_fraction,6,1791528700.1031606,0.0
1,physical/working_roll_fraction,7,1791528739.3693008,0.004238128662109375
1,physical/working_roll_fraction,8,1791528771.458706,0.23079681396484375
1,physical/working_roll_fraction,9,1791528799.5720532,0.051052093505859375
1,physical/working_roll_fraction,10,1791528827.1556404,0.01251220703125
1,physical/working_roll_fraction,11,1791528853.7404435,0.001934051513671875
1,physical/working_roll_fraction,12,1791528880.7678254,0.0
1,physical/working_roll_fraction,13,1791528906.8853486,0.0
1,physical/working_roll_fraction,14,1791528937.724857,0.20380783081054688
1,physical/working_roll_fraction,15,1791528965.3836534,0.072235107421875
1,physical/working_roll_fraction,16,1791528995.7182832,0.027984619140625
1,physical/working_roll_fraction,17,1791529021.7844846,0.00156402587890625
1,physical/working_roll_fraction,18,1791529052.0673785,0.0
1,physical/working_roll_fraction,19,1791529082.3881063,0.0
1,physical/working_roll_fraction,20,1791529111.9582589,0.13089370727539062
1,physical/working_roll_fraction,21,1791529145.3053052,0.1309051513671875
1,physical/working_roll_fraction,22,1791529177.3469634,0.02767181396484375
1,physical/working_roll_fraction,23,1791529203.7111235,0.000934600830078125
1,physical/working_roll_fraction,24,1791529234.0283878,0.0
1,physical/working_roll_fraction,25,1791529260.0887828,0.0
1,physical/working_roll_fraction,26,1791531648.850283,0.041778564453125
1,physical/working_roll_fraction,27,1791531678.3823602,0.21281814575195312
1,physical/working_roll_fraction,28,1791531706.4600425,0.04547119140625
1,physical/working_roll_fraction,29,1791531734.773837,0.011318206787109375
1,physical/working_roll_fraction,30,1791531760.9404633,1.52587890625e-05
1,physical/working_roll_fraction,31,1791531788.609298,0.0
1,physical/working_roll_fraction,32,1791531815.1912122,0.0050048828125
1,physical/working_roll_fraction,33,1791531845.3759813,0.20399856567382812
1,physical/working_roll_fraction,34,1791531872.901949,0.03252410888671875
1,physical/working_roll_fraction,35,1791531901.9740207,0.012966156005859375
1,physical/working_roll_fraction,36,1791531928.7024057,0.0
1,physical/working_roll_fraction,37,1791531956.1382585,0.0
1,physical/working_roll_fraction,38,1791531983.0064824,1.9073486328125e-05
1,physical/working_roll_fraction,39,1791532013.4398956,0.21303176879882812
1,physical/working_roll_fraction,40,1791532040.1624625,0.0796966552734375
1,physical/working_roll_fraction,41,1791532067.9957132,0.021087646484375
1,physical/working_roll_fraction,42,1791532093.663109,0.001049041748046875
1,physical/working_roll_fraction,43,1791532119.9395306,0.0
1,physical/working_roll_fraction,44,1791532145.6197755,0.0
1,physical/working_roll_fraction,45,1791532174.3594391,0.1273956298828125
1,physical/working_roll_fraction,46,1791532201.6888604,0.133636474609375
1,physical/working_roll_fraction,47,1791532229.4548206,0.029148101806640625
1,physical/working_roll_fraction,48,1791532255.538111,0.00409698486328125
1,physical/working_roll_fraction,49,1791532281.861756,0.0
1,physical/working_roll_fraction,50,1791532307.6137314,0.0
1,physical/working_roll_fraction,51,1791532335.1222641,0.04449462890625
1,physical/working_roll_fraction,52,1791532364.119714,0.20500564575195312
1,physical/working_roll_fraction,53,1791532392.7263386,0.0406646728515625
1,physical/working_roll_fraction,54,1791532421.0422757,0.0088348388671875
1,physical/working_roll_fraction,55,1791532448.3018441,0.0
1,physical/working_roll_fraction,56,1791532475.300762,0.0
1,physical/working_roll_fraction,57,1791532502.004061,0.00368499755859375
1,physical/working_roll_fraction,58,1791532530.0415294,0.22526931762695312
1,physical/working_roll_fraction,59,1791532557.327082,0.038402557373046875
1,physical/working_roll_fraction,60,1791532584.060135,0.011547088623046875
1,physical/working_roll_fraction,61,1791532611.205363,7.62939453125e-05
1,physical/working_roll_fraction,62,1791532638.1765265,0.0
1,physical/working_roll_fraction,63,1791532664.97864,0.0
1,physical/working_roll_fraction,64,1791532693.0001516,0.17725753784179688
1,physical/working_roll_fraction,65,1791532720.361939,0.07359695434570312
1,physical/working_roll_fraction,66,1791532747.1398077,0.014759063720703125
1,physical/working_roll_fraction,67,1791532773.7854369,0.00051116943359375
1,physical/working_roll_fraction,68,1791532808.260478,0.0
1,physical/working_roll_fraction,69,1791532845.105545,0.0
1,physical/working_roll_fraction,70,1791532872.6788626,0.11964797973632812
1,physical/working_roll_fraction,71,1791532900.202061,0.12198638916015625
1,physical/working_roll_fraction,72,1791532927.836687,0.02410888671875
1,physical/working_roll_fraction,73,1791532955.049799,0.00159454345703125
1,physical/working_roll_fraction,74,1791532982.2794368,0.0
1,physical/working_roll_fraction,75,1791533009.1340528,0.0
1,physical/working_roll_fraction,76,1791533036.8967428,0.03301239013671875
1,physical/working_roll_fraction,77,1791533064.489839,0.15898895263671875
1,physical/working_roll_fraction,78,1791533092.4582467,0.028064727783203125
1,physical/working_roll_fraction,79,1791533124.1831179,0.0062103271484375
1,physical/working_roll_fraction,80,1791533150.783191,0.0
1,physical/working_roll_fraction,81,1791533181.7386765,0.0
1,physical/working_roll_fraction,82,1791533208.3979607,0.001811981201171875
1,physical/working_roll_fraction,83,1791533240.212908,0.19666290283203125
1,physical/working_roll_fraction,84,1791533267.3814826,0.038539886474609375
1,physical/working_roll_fraction,85,1791533299.4470327,0.008480072021484375
1,physical/working_roll_fraction,86,1791533330.4105067,0.000461578369140625
1,physical/working_roll_fraction,87,1791533357.1260676,0.0
1,physical/working_roll_fraction,88,1791533387.8733063,0.0
1,physical/working_roll_fraction,89,1791533414.963174,0.17048263549804688
1,physical/working_roll_fraction,90,1791533446.145876,0.052753448486328125
1,physical/working_roll_fraction,91,1791533477.2702494,0.01689910888671875
1,physical/working_roll_fraction,92,1791533504.0451748,0.000637054443359375
1,physical/working_roll_fraction,93,1791533535.4343805,0.0
1,physical/working_roll_fraction,94,1791533562.4435496,0.0
1,physical/working_roll_fraction,95,1791533589.9620473,0.10491561889648438
1,physical/working_roll_fraction,96,1791533617.7759242,0.1245269775390625
1,physical/working_roll_fraction,97,1791533646.356194,0.021770477294921875
1,physical/working_roll_fraction,98,1791533673.6998222,0.004688262939453125
1,physical/working_roll_fraction,99,1791533700.8935106,0.0
1,physical/working_roll_fraction,100,1791533728.0135708,0.0
1,ppo/accepted_epochs,1,1791528558.9946008,4.0
1,ppo/accepted_epochs,2,1791528588.630641,4.0
1,ppo/accepted_epochs,3,1791528617.685837,4.0
1,ppo/accepted_epochs,4,1791528644.3123715,4.0
1,ppo/accepted_epochs,5,1791528670.5009353,4.0
1,ppo/accepted_epochs,6,1791528700.102754,4.0
1,ppo/accepted_epochs,7,1791528739.3685532,4.0
1,ppo/accepted_epochs,8,1791528771.4582465,4.0
1,ppo/accepted_epochs,9,1791528799.571737,4.0
1,ppo/accepted_epochs,10,1791528827.1553288,4.0
1,ppo/accepted_epochs,11,1791528853.739979,4.0
1,ppo/accepted_epochs,12,1791528880.7674952,4.0
1,ppo/accepted_epochs,13,1791528906.885102,4.0
1,ppo/accepted_epochs,14,1791528937.7245378,4.0
1,ppo/accepted_epochs,15,1791528965.3833284,4.0
1,ppo/accepted_epochs,16,1791528995.717714,4.0
1,ppo/accepted_epochs,17,1791529021.7841196,4.0
1,ppo/accepted_epochs,18,1791529052.0671682,4.0
1,ppo/accepted_epochs,19,1791529082.3876283,4.0
1,ppo/accepted_epochs,20,1791529111.958047,4.0
1,ppo/accepted_epochs,21,1791529145.3043795,4.0
1,ppo/accepted_epochs,22,1791529177.3464987,4.0
1,ppo/accepted_epochs,23,1791529203.710892,4.0
1,ppo/accepted_epochs,24,1791529234.0281205,4.0
1,ppo/accepted_epochs,25,1791529260.088391,4.0
1,ppo/accepted_epochs,26,1791531648.8500118,4.0
1,ppo/accepted_epochs,27,1791531678.382092,4.0
1,ppo/accepted_epochs,28,1791531706.4531348,4.0
1,ppo/accepted_epochs,29,1791531734.7733943,4.0
1,ppo/accepted_epochs,30,1791531760.9397979,4.0
1,ppo/accepted_epochs,31,1791531788.608826,4.0
1,ppo/accepted_epochs,32,1791531815.1903982,4.0
1,ppo/accepted_epochs,33,1791531845.3752654,4.0
1,ppo/accepted_epochs,34,1791531872.9015374,4.0
1,ppo/accepted_epochs,35,1791531901.97356,4.0
1,ppo/accepted_epochs,36,1791531928.702053,4.0
1,ppo/accepted_epochs,37,1791531956.137863,4.0
1,ppo/accepted_epochs,38,1791531983.0062084,4.0
1,ppo/accepted_epochs,39,1791532013.4395628,4.0
1,ppo/accepted_epochs,40,1791532040.1622677,4.0
1,ppo/accepted_epochs,41,1791532067.9952173,4.0
1,ppo/accepted_epochs,42,1791532093.6626384,4.0
1,ppo/accepted_epochs,43,1791532119.9390843,4.0
1,ppo/accepted_epochs,44,1791532145.6194994,4.0
1,ppo/accepted_epochs,45,1791532174.3587902,4.0
1,ppo/accepted_epochs,46,1791532201.6881385,4.0
1,ppo/accepted_epochs,47,1791532229.4545407,4.0
1,ppo/accepted_epochs,48,1791532255.5376904,4.0
1,ppo/accepted_epochs,49,1791532281.8612375,4.0
1,ppo/accepted_epochs,50,1791532307.6134074,4.0
1,ppo/accepted_epochs,51,1791532335.1220272,4.0
1,ppo/accepted_epochs,52,1791532364.119437,4.0
1,ppo/accepted_epochs,53,1791532392.7260685,4.0
1,ppo/accepted_epochs,54,1791532421.0417783,4.0
1,ppo/accepted_epochs,55,1791532448.3013444,4.0
1,ppo/accepted_epochs,56,1791532475.3003106,4.0
1,ppo/accepted_epochs,57,1791532502.0034666,4.0
1,ppo/accepted_epochs,58,1791532530.0412416,4.0
1,ppo/accepted_epochs,59,1791532557.3266144,4.0
1,ppo/accepted_epochs,60,1791532584.059929,4.0
1,ppo/accepted_epochs,61,1791532611.2048197,4.0
1,ppo/accepted_epochs,62,1791532638.1762934,4.0
1,ppo/accepted_epochs,63,1791532664.9782467,4.0
1,ppo/accepted_epochs,64,1791532692.9998736,4.0
1,ppo/accepted_epochs,65,1791532720.3613617,4.0
1,ppo/accepted_epochs,66,1791532747.139635,4.0
1,ppo/accepted_epochs,67,1791532773.7852519,1.0
1,ppo/accepted_epochs,68,1791532808.2602816,1.0
1,ppo/accepted_epochs,69,1791532845.1053627,4.0
1,ppo/accepted_epochs,70,1791532872.678607,1.0
1,ppo/accepted_epochs,71,1791532900.2017841,4.0
1,ppo/accepted_epochs,72,1791532927.8364828,4.0
1,ppo/accepted_epochs,73,1791532955.0495124,4.0
1,ppo/accepted_epochs,74,1791532982.279076,4.0
1,ppo/accepted_epochs,75,1791533009.1338315,4.0
1,ppo/accepted_epochs,76,1791533036.8964689,4.0
1,ppo/accepted_epochs,77,1791533064.489598,4.0
1,ppo/accepted_epochs,78,1791533092.4579735,4.0
1,ppo/accepted_epochs,79,1791533124.182933,4.0
1,ppo/accepted_epochs,80,1791533150.7829306,4.0
1,ppo/accepted_epochs,81,1791533181.738337,4.0
1,ppo/accepted_epochs,82,1791533208.3973515,4.0
1,ppo/accepted_epochs,83,1791533240.21265,4.0
1,ppo/accepted_epochs,84,1791533267.3812773,4.0
1,ppo/accepted_epochs,85,1791533299.4464574,4.0
1,ppo/accepted_epochs,86,1791533330.4101646,4.0
1,ppo/accepted_epochs,87,1791533357.1256595,4.0
1,ppo/accepted_epochs,88,1791533387.872949,4.0
1,ppo/accepted_epochs,89,1791533414.9625857,4.0
1,ppo/accepted_epochs,90,1791533446.1455204,4.0
1,ppo/accepted_epochs,91,1791533477.269705,4.0
1,ppo/accepted_epochs,92,1791533504.0449681,4.0
1,ppo/accepted_epochs,93,1791533535.4340305,4.0
1,ppo/accepted_epochs,94,1791533562.4432294,4.0
1,ppo/accepted_epochs,95,1791533589.961742,4.0
1,ppo/accepted_epochs,96,1791533617.7756102,4.0
1,ppo/accepted_epochs,97,1791533646.3559487,4.0
1,ppo/accepted_epochs,98,1791533673.6990085,4.0
1,ppo/accepted_epochs,99,1791533700.8927572,4.0
1,ppo/accepted_epochs,100,1791533728.0128324,4.0
1,ppo/accepted_minibatches,1,1791528558.9948854,16.0
1,ppo/accepted_minibatches,2,1791528588.6307917,16.0
1,ppo/accepted_minibatches,3,1791528617.685845,16.0
1,ppo/accepted_minibatches,4,1791528644.3125713,16.0
1,ppo/accepted_minibatches,5,1791528670.501081,16.0
1,ppo/accepted_minibatches,6,1791528700.102768,16.0
1,ppo/accepted_minibatches,7,1791528739.3685603,16.0
1,ppo/accepted_minibatches,8,1791528771.4582539,16.0
1,ppo/accepted_minibatches,9,1791528799.5717864,16.0
1,ppo/accepted_minibatches,10,1791528827.1553738,16.0
1,ppo/accepted_minibatches,11,1791528853.7399864,16.0
1,ppo/accepted_minibatches,12,1791528880.7675545,16.0
1,ppo/accepted_minibatches,13,1791528906.8852346,16.0
1,ppo/accepted_minibatches,14,1791528937.7245514,16.0
1,ppo/accepted_minibatches,15,1791528965.383379,16.0
1,ppo/accepted_minibatches,16,1791528995.7177231,16.0
1,ppo/accepted_minibatches,17,1791529021.7842972,16.0
1,ppo/accepted_minibatches,18,1791529052.0671754,16.0
1,ppo/accepted_minibatches,19,1791529082.3876355,16.0
1,ppo/accepted_minibatches,20,1791529111.958054,16.0
1,ppo/accepted_minibatches,21,1791529145.3043866,16.0
1,ppo/accepted_minibatches,22,1791529177.3465064,16.0
1,ppo/accepted_minibatches,23,1791529203.7108994,16.0
1,ppo/accepted_minibatches,24,1791529234.0282643,16.0
1,ppo/accepted_minibatches,25,1791529260.088398,16.0
1,ppo/accepted_minibatches,26,1791531648.8500552,16.0
1,ppo/accepted_minibatches,27,1791531678.3822482,16.0
1,ppo/accepted_minibatches,28,1791531706.453142,16.0
1,ppo/accepted_minibatches,29,1791531734.7734094,16.0
1,ppo/accepted_minibatches,30,1791531760.9398053,16.0
1,ppo/accepted_minibatches,31,1791531788.6088336,16.0
1,ppo/accepted_minibatches,32,1791531815.190585,16.0
1,ppo/accepted_minibatches,33,1791531845.3752732,16.0
1,ppo/accepted_minibatches,34,1791531872.9015453,16.0
1,ppo/accepted_minibatches,35,1791531901.9736328,16.0
1,ppo/accepted_minibatches,36,1791531928.7020607,16.0
1,ppo/accepted_minibatches,37,1791531956.1380131,16.0
1,ppo/accepted_minibatches,38,1791531983.0062454,16.0
1,ppo/accepted_minibatches,39,1791532013.439625,16.0
1,ppo/accepted_minibatches,40,1791532040.1622756,16.0
1,ppo/accepted_minibatches,41,1791532067.9952247,16.0
1,ppo/accepted_minibatches,42,1791532093.6629581,16.0
1,ppo/accepted_minibatches,43,1791532119.939094,16.0
1,ppo/accepted_minibatches,44,1791532145.6195369,16.0
1,ppo/accepted_minibatches,45,1791532174.3589458,16.0
1,ppo/accepted_minibatches,46,1791532201.6881526,16.0
1,ppo/accepted_minibatches,47,1791532229.4545488,16.0
1,ppo/accepted_minibatches,48,1791532255.5377464,16.0
1,ppo/accepted_minibatches,49,1791532281.8612447,16.0
1,ppo/accepted_minibatches,50,1791532307.6134627,16.0
1,ppo/accepted_minibatches,51,1791532335.1220345,16.0
1,ppo/accepted_minibatches,52,1791532364.1194737,16.0
1,ppo/accepted_minibatches,53,1791532392.726076,16.0
1,ppo/accepted_minibatches,54,1791532421.0417862,16.0
1,ppo/accepted_minibatches,55,1791532448.3015802,16.0
1,ppo/accepted_minibatches,56,1791532475.3004444,16.0
1,ppo/accepted_minibatches,57,1791532502.003593,16.0
1,ppo/accepted_minibatches,58,1791532530.0412815,16.0
1,ppo/accepted_minibatches,59,1791532557.326889,16.0
1,ppo/accepted_minibatches,60,1791532584.0599368,16.0
1,ppo/accepted_minibatches,61,1791532611.2048388,16.0
1,ppo/accepted_minibatches,62,1791532638.1763012,16.0
1,ppo/accepted_minibatches,63,1791532664.9782865,16.0
1,ppo/accepted_minibatches,64,1791532692.9998827,16.0
1,ppo/accepted_minibatches,65,1791532720.3615148,16.0
1,ppo/accepted_minibatches,66,1791532747.139649,16.0
1,ppo/accepted_minibatches,67,1791532773.7852592,4.0
1,ppo/accepted_minibatches,68,1791532808.2602887,4.0
1,ppo/accepted_minibatches,69,1791532845.1053698,16.0
1,ppo/accepted_minibatches,70,1791532872.6787384,4.0
1,ppo/accepted_minibatches,71,1791532900.201822,16.0
1,ppo/accepted_minibatches,72,1791532927.8364904,16.0
1,ppo/accepted_minibatches,73,1791532955.0495594,16.0
1,ppo/accepted_minibatches,74,1791532982.2790833,16.0
1,ppo/accepted_minibatches,75,1791533009.133839,16.0
1,ppo/accepted_minibatches,76,1791533036.896615,16.0
1,ppo/accepted_minibatches,77,1791533064.4896052,16.0
1,ppo/accepted_minibatches,78,1791533092.4579804,16.0
1,ppo/accepted_minibatches,79,1791533124.1829405,16.0
1,ppo/accepted_minibatches,80,1791533150.7829547,16.0
1,ppo/accepted_minibatches,81,1791533181.738473,16.0
1,ppo/accepted_minibatches,82,1791533208.3973596,16.0
1,ppo/accepted_minibatches,83,1791533240.2126746,16.0
1,ppo/accepted_minibatches,84,1791533267.3812919,16.0
1,ppo/accepted_minibatches,85,1791533299.4467173,16.0
1,ppo/accepted_minibatches,86,1791533330.4102182,16.0
1,ppo/accepted_minibatches,87,1791533357.1258001,16.0
1,ppo/accepted_minibatches,88,1791533387.8729572,16.0
1,ppo/accepted_minibatches,89,1791533414.9627328,16.0
1,ppo/accepted_minibatches,90,1791533446.145528,16.0
1,ppo/accepted_minibatches,91,1791533477.2697139,16.0
1,ppo/accepted_minibatches,92,1791533504.0449822,16.0
1,ppo/accepted_minibatches,93,1791533535.434038,16.0
1,ppo/accepted_minibatches,94,1791533562.4432783,16.0
1,ppo/accepted_minibatches,95,1791533589.9617848,16.0
1,ppo/accepted_minibatches,96,1791533617.7756178,16.0
1,ppo/accepted_minibatches,97,1791533646.3559566,16.0
1,ppo/accepted_minibatches,98,1791533673.6990156,16.0
1,ppo/accepted_minibatches,99,1791533700.8927712,16.0
1,ppo/accepted_minibatches,100,1791533728.012841,16.0
1,ppo/actor_grad_norm,1,1791528558.9940672,0.42250680923461914
1,ppo/actor_grad_norm,2,1791528588.6300995,0.5686433911323547
1,ppo/actor_grad_norm,3,1791528617.685352,0.6527110934257507
1,ppo/actor_grad_norm,4,1791528644.3121352,0.5585620403289795
1,ppo/actor_grad_norm,5,1791528670.5005982,0.5147992968559265
1,ppo/actor_grad_norm,6,1791528700.1023023,0.4184311032295227
1,ppo/actor_grad_norm,7,1791528739.3682404,0.5051802396774292
1,ppo/actor_grad_norm,8,1791528771.4579794,0.8184945583343506
1,ppo/actor_grad_norm,9,1791528799.5715725,0.4965662658214569
1,ppo/actor_grad_norm,10,1791528827.1549933,0.5084418654441833
1,ppo/actor_grad_norm,11,1791528853.7397075,0.4147307872772217
1,ppo/actor_grad_norm,12,1791528880.7670925,0.692162275314331
1,ppo/actor_grad_norm,13,1791528906.884924,0.6958259344100952
1,ppo/actor_grad_norm,14,1791528937.7240608,0.6271829009056091
1,ppo/actor_grad_norm,15,1791528965.3831596,0.5596837401390076
1,ppo/actor_grad_norm,16,1791528995.7173133,0.3733740746974945
1,ppo/actor_grad_norm,17,1791529021.7838094,0.5388267636299133
1,ppo/actor_grad_norm,18,1791529052.0669646,0.7774550914764404
1,ppo/actor_grad_norm,19,1791529082.3873477,0.6549738049507141
1,ppo/actor_grad_norm,20,1791529111.9577832,0.36270076036453247
1,ppo/actor_grad_norm,21,1791529145.3041973,0.5689978003501892
1,ppo/actor_grad_norm,22,1791529177.3463037,0.46024513244628906
1,ppo/actor_grad_norm,23,1791529203.710701,0.4999580979347229
1,ppo/actor_grad_norm,24,1791529234.0277874,1.3340682983398438
1,ppo/actor_grad_norm,25,1791529260.0881672,1.0938739776611328
1,ppo/actor_grad_norm,26,1791531648.849481,0.4700787663459778
1,ppo/actor_grad_norm,27,1791531678.3815784,0.6292135119438171
1,ppo/actor_grad_norm,28,1791531706.4528794,0.5517261028289795
1,ppo/actor_grad_norm,29,1791531734.7727654,0.652614176273346
1,ppo/actor_grad_norm,30,1791531760.939504,0.6879755854606628
1,ppo/actor_grad_norm,31,1791531788.6082926,0.6056884527206421
1,ppo/actor_grad_norm,32,1791531815.1900578,0.7645065188407898
1,ppo/actor_grad_norm,33,1791531845.374719,0.8656713366508484
1,ppo/actor_grad_norm,34,1791531872.9008985,0.5254477858543396
1,ppo/actor_grad_norm,35,1791531901.9731748,1.5792205333709717
1,ppo/actor_grad_norm,36,1791531928.701668,1.120502233505249
1,ppo/actor_grad_norm,37,1791531956.1373825,0.8306881785392761
1,ppo/actor_grad_norm,38,1791531983.00606,0.5991530418395996
1,ppo/actor_grad_norm,39,1791532013.4392858,0.5769816637039185
1,ppo/actor_grad_norm,40,1791532040.1618862,0.8344354033470154
1,ppo/actor_grad_norm,41,1791532067.9949512,1.0450369119644165
1,ppo/actor_grad_norm,42,1791532093.6624534,0.6765221357345581
1,ppo/actor_grad_norm,43,1791532119.9386075,0.6387079358100891
1,ppo/actor_grad_norm,44,1791532145.6191537,1.1200056076049805
1,ppo/actor_grad_norm,45,1791532174.358605,0.5822765231132507
1,ppo/actor_grad_norm,46,1791532201.6876848,0.8486365079879761
1,ppo/actor_grad_norm,47,1791532229.4540272,0.5270254611968994
1,ppo/actor_grad_norm,48,1791532255.5372925,1.1180698871612549
1,ppo/actor_grad_norm,49,1791532281.860928,2.0774569511413574
1,ppo/actor_grad_norm,50,1791532307.6129553,0.7463530898094177
1,ppo/actor_grad_norm,51,1791532335.1218312,0.5822595953941345
1,ppo/actor_grad_norm,52,1791532364.1192393,1.299078106880188
1,ppo/actor_grad_norm,53,1791532392.7258072,0.4677039086818695
1,ppo/actor_grad_norm,54,1791532421.041363,0.9417286515235901
1,ppo/actor_grad_norm,55,1791532448.301018,1.4124208688735962
1,ppo/actor_grad_norm,56,1791532475.2999277,0.8808417320251465
1,ppo/actor_grad_norm,57,1791532502.0031385,1.4842485189437866
1,ppo/actor_grad_norm,58,1791532530.0410333,1.7388712167739868
1,ppo/actor_grad_norm,59,1791532557.3264272,0.6438591480255127
1,ppo/actor_grad_norm,60,1791532584.0594397,0.9244617819786072
1,ppo/actor_grad_norm,61,1791532611.2045095,0.8342995047569275
1,ppo/actor_grad_norm,62,1791532638.1493607,1.4688738584518433
1,ppo/actor_grad_norm,63,1791532664.977886,0.6610953211784363
1,ppo/actor_grad_norm,64,1791532692.9992428,1.6152034997940063
1,ppo/actor_grad_norm,65,1791532720.3611696,0.6822748780250549
1,ppo/actor_grad_norm,66,1791532747.1393416,1.0785969495773315
1,ppo/actor_grad_norm,67,1791532773.7849696,1.6561739444732666
1,ppo/actor_grad_norm,68,1791532808.2600043,1.5678975582122803
1,ppo/actor_grad_norm,69,1791532845.1050878,1.1385875940322876
1,ppo/actor_grad_norm,70,1791532872.6784205,3.769658327102661
1,ppo/actor_grad_norm,71,1791532900.2015765,0.9854509830474854
1,ppo/actor_grad_norm,72,1791532927.8360062,0.5577359795570374
1,ppo/actor_grad_norm,73,1791532955.049235,1.9173096418380737
1,ppo/actor_grad_norm,74,1791532982.278871,1.8498719930648804
1,ppo/actor_grad_norm,75,1791533009.1335492,0.9568057060241699
1,ppo/actor_grad_norm,76,1791533036.896294,0.7487942576408386
1,ppo/actor_grad_norm,77,1791533064.489339,0.8863067626953125
1,ppo/actor_grad_norm,78,1791533092.4576998,0.5790932178497314
1,ppo/actor_grad_norm,79,1791533124.1826413,1.766660213470459
1,ppo/actor_grad_norm,80,1791533150.7826784,1.530781626701355
1,ppo/actor_grad_norm,81,1791533181.737936,0.9170435070991516
1,ppo/actor_grad_norm,82,1791533208.396825,0.5559478402137756
1,ppo/actor_grad_norm,83,1791533240.212413,1.2249946594238281
1,ppo/actor_grad_norm,84,1791533267.380686,0.6856436133384705
1,ppo/actor_grad_norm,85,1791533299.446284,1.2663664817810059
1,ppo/actor_grad_norm,86,1791533330.4097586,0.595675528049469
1,ppo/actor_grad_norm,87,1791533357.125429,0.6408748030662537
1,ppo/actor_grad_norm,88,1791533387.8725817,0.7386667132377625
1,ppo/actor_grad_norm,89,1791533414.9622653,1.2879834175109863
1,ppo/actor_grad_norm,90,1791533446.1452613,1.21051025390625
1,ppo/actor_grad_norm,91,1791533477.2693455,0.5906202793121338
1,ppo/actor_grad_norm,92,1791533504.0445812,1.102378487586975
1,ppo/actor_grad_norm,93,1791533535.4336245,1.0972185134887695
1,ppo/actor_grad_norm,94,1791533562.4430428,0.6052822470664978
1,ppo/actor_grad_norm,95,1791533589.9615834,0.8548717498779297
1,ppo/actor_grad_norm,96,1791533617.7753372,1.21096932888031
1,ppo/actor_grad_norm,97,1791533646.35577,0.774865984916687
1,ppo/actor_grad_norm,98,1791533673.6987367,0.8681860566139221
1,ppo/actor_grad_norm,99,1791533700.8921566,0.6638481616973877
1,ppo/actor_grad_norm,100,1791533728.0124192,0.5039737820625305
1,ppo/actor_grad_norm_preclip,1,1791528558.9940805,0.42250680923461914
1,ppo/actor_grad_norm_preclip,2,1791528588.6301136,0.5686433911323547
1,ppo/actor_grad_norm_preclip,3,1791528617.685366,0.6527110934257507
1,ppo/actor_grad_norm_preclip,4,1791528644.3121712,0.5585620403289795
1,ppo/actor_grad_norm_preclip,5,1791528670.5006118,0.5147992968559265
1,ppo/actor_grad_norm_preclip,6,1791528700.1023161,0.4184311032295227
1,ppo/actor_grad_norm_preclip,7,1791528739.3682544,0.5051802396774292
1,ppo/actor_grad_norm_preclip,8,1791528771.4579937,0.8184945583343506
1,ppo/actor_grad_norm_preclip,9,1791528799.5715866,0.4965662658214569
1,ppo/actor_grad_norm_preclip,10,1791528827.1550064,0.5084418654441833
1,ppo/actor_grad_norm_preclip,11,1791528853.739722,0.4147307872772217
1,ppo/actor_grad_norm_preclip,12,1791528880.7671058,0.692162275314331
1,ppo/actor_grad_norm_preclip,13,1791528906.884938,0.6958259344100952
1,ppo/actor_grad_norm_preclip,14,1791528937.724074,0.6271829009056091
1,ppo/actor_grad_norm_preclip,15,1791528965.3831735,0.5596837401390076
1,ppo/actor_grad_norm_preclip,16,1791528995.717333,0.3733740746974945
1,ppo/actor_grad_norm_preclip,17,1791529021.783823,0.5388267636299133
1,ppo/actor_grad_norm_preclip,18,1791529052.066978,0.7774550914764404
1,ppo/actor_grad_norm_preclip,19,1791529082.3873615,0.6549738049507141
1,ppo/actor_grad_norm_preclip,20,1791529111.9577968,0.36270076036453247
1,ppo/actor_grad_norm_preclip,21,1791529145.3042111,0.5689978003501892
1,ppo/actor_grad_norm_preclip,22,1791529177.3463206,0.46024513244628906
1,ppo/actor_grad_norm_preclip,23,1791529203.7107153,0.4999580979347229
1,ppo/actor_grad_norm_preclip,24,1791529234.0278015,1.3340682983398438
1,ppo/actor_grad_norm_preclip,25,1791529260.0881815,1.0938739776611328
1,ppo/actor_grad_norm_preclip,26,1791531648.849496,0.4700787663459778
1,ppo/actor_grad_norm_preclip,27,1791531678.3815925,0.6292135119438171
1,ppo/actor_grad_norm_preclip,28,1791531706.4528952,0.5517261028289795
1,ppo/actor_grad_norm_preclip,29,1791531734.772779,0.652614176273346
1,ppo/actor_grad_norm_preclip,30,1791531760.9395177,0.6879755854606628
1,ppo/actor_grad_norm_preclip,31,1791531788.6083071,0.6056884527206421
1,ppo/actor_grad_norm_preclip,32,1791531815.1900725,0.7645065188407898
1,ppo/actor_grad_norm_preclip,33,1791531845.3747332,0.8656713366508484
1,ppo/actor_grad_norm_preclip,34,1791531872.900913,0.5254477858543396
1,ppo/actor_grad_norm_preclip,35,1791531901.973189,1.5792205333709717
1,ppo/actor_grad_norm_preclip,36,1791531928.701703,1.120502233505249
1,ppo/actor_grad_norm_preclip,37,1791531956.137397,0.8306881785392761
1,ppo/actor_grad_norm_preclip,38,1791531983.006075,0.5991530418395996
1,ppo/actor_grad_norm_preclip,39,1791532013.439306,0.5769816637039185
1,ppo/actor_grad_norm_preclip,40,1791532040.1619,0.8344354033470154
1,ppo/actor_grad_norm_preclip,41,1791532067.9949663,1.0450369119644165
1,ppo/actor_grad_norm_preclip,42,1791532093.6624684,0.6765221357345581
1,ppo/actor_grad_norm_preclip,43,1791532119.938622,0.6387079358100891
1,ppo/actor_grad_norm_preclip,44,1791532145.619168,1.1200056076049805
1,ppo/actor_grad_norm_preclip,45,1791532174.3586233,0.5822765231132507
1,ppo/actor_grad_norm_preclip,46,1791532201.6876993,0.8486365079879761
1,ppo/actor_grad_norm_preclip,47,1791532229.4540482,0.5270254611968994
1,ppo/actor_grad_norm_preclip,48,1791532255.5373125,1.1180698871612549
1,ppo/actor_grad_norm_preclip,49,1791532281.860951,2.0774569511413574
1,ppo/actor_grad_norm_preclip,50,1791532307.6129696,0.7463530898094177
1,ppo/actor_grad_norm_preclip,51,1791532335.1218455,0.5822595953941345
1,ppo/actor_grad_norm_preclip,52,1791532364.1192544,1.299078106880188
1,ppo/actor_grad_norm_preclip,53,1791532392.7258215,0.4677039086818695
1,ppo/actor_grad_norm_preclip,54,1791532421.0413764,0.9417286515235901
1,ppo/actor_grad_norm_preclip,55,1791532448.3010318,1.4124208688735962
1,ppo/actor_grad_norm_preclip,56,1791532475.2999423,0.8808417320251465
1,ppo/actor_grad_norm_preclip,57,1791532502.0031533,1.4842485189437866
1,ppo/actor_grad_norm_preclip,58,1791532530.0410469,1.7388712167739868
1,ppo/actor_grad_norm_preclip,59,1791532557.3264413,0.6438591480255127
1,ppo/actor_grad_norm_preclip,60,1791532584.0594537,0.9244617819786072
1,ppo/actor_grad_norm_preclip,61,1791532611.204524,0.8342995047569275
1,ppo/actor_grad_norm_preclip,62,1791532638.176158,1.4688738584518433
1,ppo/actor_grad_norm_preclip,63,1791532664.9779,0.6610953211784363
1,ppo/actor_grad_norm_preclip,64,1791532692.999257,1.6152034997940063
1,ppo/actor_grad_norm_preclip,65,1791532720.3611848,0.6822748780250549
1,ppo/actor_grad_norm_preclip,66,1791532747.1393554,1.0785969495773315
1,ppo/actor_grad_norm_preclip,67,1791532773.7849832,1.6561739444732666
1,ppo/actor_grad_norm_preclip,68,1791532808.2600188,1.5678975582122803
1,ppo/actor_grad_norm_preclip,69,1791532845.1051023,1.1385875940322876
1,ppo/actor_grad_norm_preclip,70,1791532872.6784348,3.769658327102661
1,ppo/actor_grad_norm_preclip,71,1791532900.2015915,0.9854509830474854
1,ppo/actor_grad_norm_preclip,72,1791532927.836026,0.5577359795570374
1,ppo/actor_grad_norm_preclip,73,1791532955.0492597,1.9173096418380737
1,ppo/actor_grad_norm_preclip,74,1791532982.2788851,1.8498719930648804
1,ppo/actor_grad_norm_preclip,75,1791533009.1335638,0.9568057060241699
1,ppo/actor_grad_norm_preclip,76,1791533036.8963087,0.7487942576408386
1,ppo/actor_grad_norm_preclip,77,1791533064.4893537,0.8863067626953125
1,ppo/actor_grad_norm_preclip,78,1791533092.4577186,0.5790932178497314
1,ppo/actor_grad_norm_preclip,79,1791533124.1826553,1.766660213470459
1,ppo/actor_grad_norm_preclip,80,1791533150.782693,1.530781626701355
1,ppo/actor_grad_norm_preclip,81,1791533181.7379506,0.9170435070991516
1,ppo/actor_grad_norm_preclip,82,1791533208.3968396,0.5559478402137756
1,ppo/actor_grad_norm_preclip,83,1791533240.2124279,1.2249946594238281
1,ppo/actor_grad_norm_preclip,84,1791533267.380702,0.6856436133384705
1,ppo/actor_grad_norm_preclip,85,1791533299.4462986,1.2663664817810059
1,ppo/actor_grad_norm_preclip,86,1791533330.4097729,0.595675528049469
1,ppo/actor_grad_norm_preclip,87,1791533357.1254442,0.6408748030662537
1,ppo/actor_grad_norm_preclip,88,1791533387.8725982,0.7386667132377625
1,ppo/actor_grad_norm_preclip,89,1791533414.962279,1.2879834175109863
1,ppo/actor_grad_norm_preclip,90,1791533446.1452756,1.21051025390625
1,ppo/actor_grad_norm_preclip,91,1791533477.2693596,0.5906202793121338
1,ppo/actor_grad_norm_preclip,92,1791533504.0445957,1.102378487586975
1,ppo/actor_grad_norm_preclip,93,1791533535.433639,1.0972185134887695
1,ppo/actor_grad_norm_preclip,94,1791533562.4430566,0.6052822470664978
1,ppo/actor_grad_norm_preclip,95,1791533589.9615972,0.8548717498779297
1,ppo/actor_grad_norm_preclip,96,1791533617.7753515,1.21096932888031
1,ppo/actor_grad_norm_preclip,97,1791533646.3557847,0.774865984916687
1,ppo/actor_grad_norm_preclip,98,1791533673.6987512,0.8681860566139221
1,ppo/actor_grad_norm_preclip,99,1791533700.8921716,0.6638481616973877
1,ppo/actor_grad_norm_preclip,100,1791533728.0124526,0.5039737820625305
1,ppo/actor_lr,1,1791528558.995125,9.999999747378752e-05
1,ppo/actor_lr,2,1791528588.63111,9.999999747378752e-05
1,ppo/actor_lr,3,1791528617.6861928,9.999999747378752e-05
1,ppo/actor_lr,4,1791528644.312914,9.999999747378752e-05
1,ppo/actor_lr,5,1791528670.5014517,9.999999747378752e-05
1,ppo/actor_lr,6,1791528700.1029134,9.999999747378752e-05
1,ppo/actor_lr,7,1791528739.3689182,9.999999747378752e-05
1,ppo/actor_lr,8,1791528771.4584348,9.999999747378752e-05
1,ppo/actor_lr,9,1791528799.5718913,9.999999747378752e-05
1,ppo/actor_lr,10,1791528827.1554773,9.999999747378752e-05
1,ppo/actor_lr,11,1791528853.740136,9.999999747378752e-05
1,ppo/actor_lr,12,1791528880.7676837,9.999999747378752e-05
1,ppo/actor_lr,13,1791528906.885262,9.999999747378752e-05
1,ppo/actor_lr,14,1791528937.7245758,9.999999747378752e-05
1,ppo/actor_lr,15,1791528965.3834848,9.999999747378752e-05
1,ppo/actor_lr,16,1791528995.7178397,9.999999747378752e-05
1,ppo/actor_lr,17,1791529021.7843425,9.999999747378752e-05
1,ppo/actor_lr,18,1791529052.067342,9.999999747378752e-05
1,ppo/actor_lr,19,1791529082.3877776,9.999999747378752e-05
1,ppo/actor_lr,20,1791529111.9580967,9.999999747378752e-05
1,ppo/actor_lr,21,1791529145.3047104,9.999999747378752e-05
1,ppo/actor_lr,22,1791529177.3467872,9.999999747378752e-05
1,ppo/actor_lr,23,1791529203.711093,9.999999747378752e-05
1,ppo/actor_lr,24,1791529234.0282867,9.999999747378752e-05
1,ppo/actor_lr,25,1791529260.0885382,9.999999747378752e-05
1,ppo/actor_lr,26,1791531648.8501456,9.999999747378752e-05
1,ppo/actor_lr,27,1791531678.3822758,9.999999747378752e-05
1,ppo/actor_lr,28,1791531706.4595554,9.999999747378752e-05
1,ppo/actor_lr,29,1791531734.7736099,9.999999747378752e-05
1,ppo/actor_lr,30,1791531760.9402182,9.999999747378752e-05
1,ppo/actor_lr,31,1791531788.609081,9.999999747378752e-05
1,ppo/actor_lr,32,1791531815.1909006,9.999999747378752e-05
1,ppo/actor_lr,33,1791531845.3758385,9.999999747378752e-05
1,ppo/actor_lr,34,1791531872.9015646,9.999999747378752e-05
1,ppo/actor_lr,35,1791531901.9737854,9.999999747378752e-05
1,ppo/actor_lr,36,1791531928.7022026,9.999999747378752e-05
1,ppo/actor_lr,37,1791531956.1381109,9.999999747378752e-05
1,ppo/actor_lr,38,1791531983.0063372,9.999999747378752e-05
1,ppo/actor_lr,39,1791532013.4397438,9.999999747378752e-05
1,ppo/actor_lr,40,1791532040.162295,9.999999747378752e-05
1,ppo/actor_lr,41,1791532067.9953992,9.999999747378752e-05
1,ppo/actor_lr,42,1791532093.6629798,9.999999747378752e-05
1,ppo/actor_lr,43,1791532119.9391127,9.999999747378752e-05
1,ppo/actor_lr,44,1791532145.6196337,9.999999747378752e-05
1,ppo/actor_lr,45,1791532174.3592322,9.999999747378752e-05
1,ppo/actor_lr,46,1791532201.6885002,9.999999747378752e-05
1,ppo/actor_lr,47,1791532229.4545722,9.999999747378752e-05
1,ppo/actor_lr,48,1791532255.537982,9.999999747378752e-05
1,ppo/actor_lr,49,1791532281.8613572,9.999999747378752e-05
1,ppo/actor_lr,50,1791532307.6135857,9.999999747378752e-05
1,ppo/actor_lr,51,1791532335.1221852,9.999999747378752e-05
1,ppo/actor_lr,52,1791532364.1195657,9.999999747378752e-05
1,ppo/actor_lr,53,1791532392.7262533,9.999999747378752e-05
1,ppo/actor_lr,54,1791532421.041805,9.999999747378752e-05
1,ppo/actor_lr,55,1791532448.3016088,9.999999747378752e-05
1,ppo/actor_lr,56,1791532475.3005545,9.999999747378752e-05
1,ppo/actor_lr,57,1791532502.00382,9.999999747378752e-05
1,ppo/actor_lr,58,1791532530.0413783,9.999999747378752e-05
1,ppo/actor_lr,59,1791532557.3269167,9.999999747378752e-05
1,ppo/actor_lr,60,1791532584.0599906,9.999999747378752e-05
1,ppo/actor_lr,61,1791532611.2050235,9.999999747378752e-05
1,ppo/actor_lr,62,1791532638.1763792,9.999999747378752e-05
1,ppo/actor_lr,63,1791532664.9784834,9.999999747378752e-05
1,ppo/actor_lr,64,1791532692.9999032,9.999999747378752e-05
1,ppo/actor_lr,65,1791532720.361909,9.999999747378752e-05
1,ppo/actor_lr,66,1791532747.1396692,9.999999747378752e-05
1,ppo/actor_lr,67,1791532773.7852938,9.999999747378752e-05
1,ppo/actor_lr,68,1791532808.2604423,9.999999747378752e-05
1,ppo/actor_lr,69,1791532845.1055086,9.999999747378752e-05
1,ppo/actor_lr,70,1791532872.6787658,9.999999747378752e-05
1,ppo/actor_lr,71,1791532900.2019162,9.999999747378752e-05
1,ppo/actor_lr,72,1791532927.836509,9.999999747378752e-05
1,ppo/actor_lr,73,1791532955.0496554,9.999999747378752e-05
1,ppo/actor_lr,74,1791532982.279287,9.999999747378752e-05
1,ppo/actor_lr,75,1791533009.1339896,9.999999747378752e-05
1,ppo/actor_lr,76,1791533036.8966367,9.999999747378752e-05
1,ppo/actor_lr,77,1791533064.4897795,9.999999747378752e-05
1,ppo/actor_lr,78,1791533092.4582102,9.999999747378752e-05
1,ppo/actor_lr,79,1791533124.1829734,9.999999747378752e-05
1,ppo/actor_lr,80,1791533150.7830462,9.999999747378752e-05
1,ppo/actor_lr,81,1791533181.7384953,9.999999747378752e-05
1,ppo/actor_lr,82,1791533208.397673,9.999999747378752e-05
1,ppo/actor_lr,83,1791533240.2127662,9.999999747378752e-05
1,ppo/actor_lr,84,1791533267.3813124,9.999999747378752e-05
1,ppo/actor_lr,85,1791533299.44674,9.999999747378752e-05
1,ppo/actor_lr,86,1791533330.410347,9.999999747378752e-05
1,ppo/actor_lr,87,1791533357.1259408,9.999999747378752e-05
1,ppo/actor_lr,88,1791533387.873139,9.999999747378752e-05
1,ppo/actor_lr,89,1791533414.9630408,9.999999747378752e-05
1,ppo/actor_lr,90,1791533446.1456702,9.999999747378752e-05
1,ppo/actor_lr,91,1791533477.2698438,9.999999747378752e-05
1,ppo/actor_lr,92,1791533504.0450025,9.999999747378752e-05
1,ppo/actor_lr,93,1791533535.4340565,9.999999747378752e-05
1,ppo/actor_lr,94,1791533562.4433894,9.999999747378752e-05
1,ppo/actor_lr,95,1791533589.9618878,9.999999747378752e-05
1,ppo/actor_lr,96,1791533617.7757754,9.999999747378752e-05
1,ppo/actor_lr,97,1791533646.356128,9.999999747378752e-05
1,ppo/actor_lr,98,1791533673.6994355,9.999999747378752e-05
1,ppo/actor_lr,99,1791533700.893033,9.999999747378752e-05
1,ppo/actor_lr,100,1791533728.0132601,9.999999747378752e-05
1,ppo/attempted_actor_grad_norm,1,1791528558.9942098,0.42250680923461914
1,ppo/attempted_actor_grad_norm,2,1791528588.6302598,0.5686433911323547
1,ppo/attempted_actor_grad_norm,3,1791528617.685518,0.6527110934257507
1,ppo/attempted_actor_grad_norm,4,1791528644.3123515,0.5585620403289795
1,ppo/attempted_actor_grad_norm,5,1791528670.5007784,0.5147992968559265
1,ppo/attempted_actor_grad_norm,6,1791528700.1024554,0.4184311032295227
1,ppo/attempted_actor_grad_norm,7,1791528739.3685336,0.5051802396774292
1,ppo/attempted_actor_grad_norm,8,1791528771.4580698,0.8184945583343506
1,ppo/attempted_actor_grad_norm,9,1791528799.5716374,0.4965662658214569
1,ppo/attempted_actor_grad_norm,10,1791528827.1550574,0.5084418654441833
1,ppo/attempted_actor_grad_norm,11,1791528853.739959,0.4147307872772217
1,ppo/attempted_actor_grad_norm,12,1791528880.767156,0.692162275314331
1,ppo/attempted_actor_grad_norm,13,1791528906.8850813,0.6958259344100952
1,ppo/attempted_actor_grad_norm,14,1791528937.7242076,0.6271829009056091
1,ppo/attempted_actor_grad_norm,15,1791528965.383224,0.5596837401390076
1,ppo/attempted_actor_grad_norm,16,1791528995.7173812,0.3733740746974945
1,ppo/attempted_actor_grad_norm,17,1791529021.7839618,0.5388267636299133
1,ppo/attempted_actor_grad_norm,18,1791529052.0671484,0.7774550914764404
1,ppo/attempted_actor_grad_norm,19,1791529082.3876066,0.6549738049507141
1,ppo/attempted_actor_grad_norm,20,1791529111.9580271,0.36270076036453247
1,ppo/attempted_actor_grad_norm,21,1791529145.3043592,0.5689978003501892
1,ppo/attempted_actor_grad_norm,22,1791529177.3463721,0.46024513244628906
1,ppo/attempted_actor_grad_norm,23,1791529203.7108717,0.4999580979347229
1,ppo/attempted_actor_grad_norm,24,1791529234.027953,1.3340682983398438
1,ppo/attempted_actor_grad_norm,25,1791529260.0883715,1.0938739776611328
1,ppo/attempted_actor_grad_norm,26,1791531648.8497114,0.4700787663459778
1,ppo/attempted_actor_grad_norm,27,1791531678.3817692,0.6292135119438171
1,ppo/attempted_actor_grad_norm,28,1791531706.453114,0.5517261028289795
1,ppo/attempted_actor_grad_norm,29,1791531734.7729008,0.652614176273346
1,ppo/attempted_actor_grad_norm,30,1791531760.9397776,0.6879755854606628
1,ppo/attempted_actor_grad_norm,31,1791531788.6084447,0.6056884527206421
1,ppo/attempted_actor_grad_norm,32,1791531815.1902246,0.7645065188407898
1,ppo/attempted_actor_grad_norm,33,1791531845.3748739,0.8656713366508484
1,ppo/attempted_actor_grad_norm,34,1791531872.9011054,0.5254477858543396
1,ppo/attempted_actor_grad_norm,35,1791531901.973262,1.5792205333709717
1,ppo/attempted_actor_grad_norm,36,1791531928.7020323,1.120502233505249
1,ppo/attempted_actor_grad_norm,37,1791531956.137454,0.8306881785392761
1,ppo/attempted_actor_grad_norm,38,1791531983.0061226,0.5991530418395996
1,ppo/attempted_actor_grad_norm,39,1791532013.4393587,0.5769816637039185
1,ppo/attempted_actor_grad_norm,40,1791532040.1620183,0.8344354033470154
1,ppo/attempted_actor_grad_norm,41,1791532067.9951973,1.0450369119644165
1,ppo/attempted_actor_grad_norm,42,1791532093.6626184,0.6765221357345581
1,ppo/attempted_actor_grad_norm,43,1791532119.9387906,0.6387079358100891
1,ppo/attempted_actor_grad_norm,44,1791532145.6192985,1.1200056076049805
1,ppo/attempted_actor_grad_norm,45,1791532174.3587697,0.5822765231132507
1,ppo/attempted_actor_grad_norm,46,1791532201.6878352,0.8486365079879761
1,ppo/attempted_actor_grad_norm,47,1791532229.4542387,0.5270254611968994
1,ppo/attempted_actor_grad_norm,48,1791532255.53736,1.1180698871612549
1,ppo/attempted_actor_grad_norm,49,1791532281.8612177,2.0774569511413574
1,ppo/attempted_actor_grad_norm,50,1791532307.6131086,0.7463530898094177
1,ppo/attempted_actor_grad_norm,51,1791532335.1220064,0.5822595953941345
1,ppo/attempted_actor_grad_norm,52,1791532364.1193037,1.299078106880188
1,ppo/attempted_actor_grad_norm,53,1791532392.7260482,0.4677039086818695
1,ppo/attempted_actor_grad_norm,54,1791532421.041506,0.9417286515235901
1,ppo/attempted_actor_grad_norm,55,1791532448.3011785,1.4124208688735962
1,ppo/attempted_actor_grad_norm,56,1791532475.3000617,0.8808417320251465
1,ppo/attempted_actor_grad_norm,57,1791532502.0033023,1.4842485189437866
1,ppo/attempted_actor_grad_norm,58,1791532530.0410993,1.7388712167739868
1,ppo/attempted_actor_grad_norm,59,1791532557.326595,0.6438591480255127
1,ppo/attempted_actor_grad_norm,60,1791532584.059687,0.9244617819786072
1,ppo/attempted_actor_grad_norm,61,1791532611.2047973,0.8342995047569275
1,ppo/attempted_actor_grad_norm,62,1791532638.1761677,1.4688738584518433
1,ppo/attempted_actor_grad_norm,63,1791532664.9780467,0.6610953211784363
1,ppo/attempted_actor_grad_norm,64,1791532692.9994657,1.6152034997940063
1,ppo/attempted_actor_grad_norm,65,1791532720.3613417,0.6822748780250549
1,ppo/attempted_actor_grad_norm,66,1791532747.1394944,1.0785969495773315
1,ppo/attempted_actor_grad_norm,67,1791532773.7851098,1.6561739444732666
1,ppo/attempted_actor_grad_norm,68,1791532808.260261,1.5678975582122803
1,ppo/attempted_actor_grad_norm,69,1791532845.1053421,1.1385875940322876
1,ppo/attempted_actor_grad_norm,70,1791532872.6785872,3.769658327102661
1,ppo/attempted_actor_grad_norm,71,1791532900.2016523,0.9854509830474854
1,ppo/attempted_actor_grad_norm,72,1791532927.83618,0.5577359795570374
1,ppo/attempted_actor_grad_norm,73,1791532955.049314,1.9173096418380737
1,ppo/attempted_actor_grad_norm,74,1791532982.2790558,1.8498719930648804
1,ppo/attempted_actor_grad_norm,75,1791533009.1337082,0.9568057060241699
1,ppo/attempted_actor_grad_norm,76,1791533036.8964489,0.7487942576408386
1,ppo/attempted_actor_grad_norm,77,1791533064.489413,0.8863067626953125
1,ppo/attempted_actor_grad_norm,78,1791533092.4579515,0.5790932178497314
1,ppo/attempted_actor_grad_norm,79,1791533124.1829128,1.766660213470459
1,ppo/attempted_actor_grad_norm,80,1791533150.7828476,1.530781626701355
1,ppo/attempted_actor_grad_norm,81,1791533181.7381291,0.9170435070991516
1,ppo/attempted_actor_grad_norm,82,1791533208.3970344,0.5559478402137756
1,ppo/attempted_actor_grad_norm,83,1791533240.2125642,1.2249946594238281
1,ppo/attempted_actor_grad_norm,84,1791533267.380832,0.6856436133384705
1,ppo/attempted_actor_grad_norm,85,1791533299.4464376,1.2663664817810059
1,ppo/attempted_actor_grad_norm,86,1791533330.4098496,0.595675528049469
1,ppo/attempted_actor_grad_norm,87,1791533357.1255202,0.6408748030662537
1,ppo/attempted_actor_grad_norm,88,1791533387.8727915,0.7386667132377625
1,ppo/attempted_actor_grad_norm,89,1791533414.962336,1.2879834175109863
1,ppo/attempted_actor_grad_norm,90,1791533446.1453497,1.21051025390625
1,ppo/attempted_actor_grad_norm,91,1791533477.269407,0.5906202793121338
1,ppo/attempted_actor_grad_norm,92,1791533504.0447567,1.102378487586975
1,ppo/attempted_actor_grad_norm,93,1791533535.4337823,1.0972185134887695
1,ppo/attempted_actor_grad_norm,94,1791533562.4431105,0.6052822470664978
1,ppo/attempted_actor_grad_norm,95,1791533589.9616482,0.8548717498779297
1,ppo/attempted_actor_grad_norm,96,1791533617.7754774,1.21096932888031
1,ppo/attempted_actor_grad_norm,97,1791533646.3559284,0.774865984916687
1,ppo/attempted_actor_grad_norm,98,1791533673.6989884,0.8681860566139221
1,ppo/attempted_actor_grad_norm,99,1791533700.892353,0.6638481616973877
1,ppo/attempted_actor_grad_norm,100,1791533728.0125906,0.5039737820625305
1,ppo/attempted_critic_grad_norm,1,1791528558.9945035,11.054216384887695
1,ppo/attempted_critic_grad_norm,2,1791528588.630455,45.690269470214844
1,ppo/attempted_critic_grad_norm,3,1791528617.6858206,14.910002708435059
1,ppo/attempted_critic_grad_norm,4,1791528644.3123605,18.7681884765625
1,ppo/attempted_critic_grad_norm,5,1791528670.5007875,10.338363647460938
1,ppo/attempted_critic_grad_norm,6,1791528700.1026292,8.539071083068848
1,ppo/attempted_critic_grad_norm,7,1791528739.3685424,17.280017852783203
1,ppo/attempted_critic_grad_norm,8,1791528771.4582312,44.1781120300293
1,ppo/attempted_critic_grad_norm,9,1791528799.5716796,8.56998348236084
1,ppo/attempted_critic_grad_norm,10,1791528827.155257,3.4058384895324707
1,ppo/attempted_critic_grad_norm,11,1791528853.739968,10.362930297851562
1,ppo/attempted_critic_grad_norm,12,1791528880.7673295,9.431575775146484
1,ppo/attempted_critic_grad_norm,13,1791528906.8850908,56.9898567199707
1,ppo/attempted_critic_grad_norm,14,1791528937.7243824,61.07243728637695
1,ppo/attempted_critic_grad_norm,15,1791528965.3832688,15.90134048461914
1,ppo/attempted_critic_grad_norm,16,1791528995.7175589,9.222844123840332
1,ppo/attempted_critic_grad_norm,17,1791529021.7841039,11.436511039733887
1,ppo/attempted_critic_grad_norm,18,1791529052.0671575,14.863465309143066
1,ppo/attempted_critic_grad_norm,19,1791529082.3876152,123.80998229980469
1,ppo/attempted_critic_grad_norm,20,1791529111.958036,151.5653533935547
1,ppo/attempted_critic_grad_norm,21,1791529145.304368,55.49532699584961
1,ppo/attempted_critic_grad_norm,22,1791529177.3464835,27.08509063720703
1,ppo/attempted_critic_grad_norm,23,1791529203.7108808,24.95965003967285
1,ppo/attempted_critic_grad_norm,24,1791529234.028105,28.67125129699707
1,ppo/attempted_critic_grad_norm,25,1791529260.08838,174.07801818847656
1,ppo/attempted_critic_grad_norm,26,1791531648.8499959,148.6027069091797
1,ppo/attempted_critic_grad_norm,27,1791531678.381932,41.42626190185547
1,ppo/attempted_critic_grad_norm,28,1791531706.4531233,13.407102584838867
1,ppo/attempted_critic_grad_norm,29,1791531734.7732127,13.836394309997559
1,ppo/attempted_critic_grad_norm,30,1791531760.9397864,11.756037712097168
1,ppo/attempted_critic_grad_norm,31,1791531788.60881,12.628255844116211
1,ppo/attempted_critic_grad_norm,32,1791531815.1902342,33.1970100402832
1,ppo/attempted_critic_grad_norm,33,1791531845.3752494,54.55056381225586
1,ppo/attempted_critic_grad_norm,34,1791531872.9015214,84.4682846069336
1,ppo/attempted_critic_grad_norm,35,1791531901.9734793,62.294837951660156
1,ppo/attempted_critic_grad_norm,36,1791531928.7020414,91.95264434814453
1,ppo/attempted_critic_grad_norm,37,1791531956.1378455,72.42145538330078
1,ppo/attempted_critic_grad_norm,38,1791531983.0061636,100.53349304199219
1,ppo/attempted_critic_grad_norm,39,1791532013.4394045,149.89334106445312
1,ppo/attempted_critic_grad_norm,40,1791532040.1622517,25.041290283203125
1,ppo/attempted_critic_grad_norm,41,1791532067.995206,26.423521041870117
1,ppo/attempted_critic_grad_norm,42,1791532093.6626272,28.921009063720703
1,ppo/attempted_critic_grad_norm,43,1791532119.939068,47.35285186767578
1,ppo/attempted_critic_grad_norm,44,1791532145.6194494,125.60301971435547
1,ppo/attempted_critic_grad_norm,45,1791532174.358779,225.332275390625
1,ppo/attempted_critic_grad_norm,46,1791532201.6879869,79.24988555908203
1,ppo/attempted_critic_grad_norm,47,1791532229.4545248,30.931766510009766
1,ppo/attempted_critic_grad_norm,48,1791532255.5375206,48.21577453613281
1,ppo/attempted_critic_grad_norm,49,1791532281.8612266,57.656036376953125
1,ppo/attempted_critic_grad_norm,50,1791532307.6132498,286.1869812011719
1,ppo/attempted_critic_grad_norm,51,1791532335.1220155,198.0915069580078
1,ppo/attempted_critic_grad_norm,52,1791532364.1193933,105.41046142578125
1,ppo/attempted_critic_grad_norm,53,1791532392.7260573,54.17594528198242
1,ppo/attempted_critic_grad_norm,54,1791532421.0417626,36.30574417114258
1,ppo/attempted_critic_grad_norm,55,1791532448.3011873,137.65452575683594
1,ppo/attempted_critic_grad_norm,56,1791532475.3001602,162.25552368164062
1,ppo/attempted_critic_grad_norm,57,1791532502.0033112,52.939605712890625
1,ppo/attempted_critic_grad_norm,58,1791532530.0411985,80.2223892211914
1,ppo/attempted_critic_grad_norm,59,1791532557.326604,47.729862213134766
1,ppo/attempted_critic_grad_norm,60,1791532584.0599124,125.32510375976562
1,ppo/attempted_critic_grad_norm,61,1791532611.2048085,61.241390228271484
1,ppo/attempted_critic_grad_norm,62,1791532638.1762774,47.829166412353516
1,ppo/attempted_critic_grad_norm,63,1791532664.9780555,32.062583923339844
1,ppo/attempted_critic_grad_norm,64,1791532692.9996352,82.43672180175781
1,ppo/attempted_critic_grad_norm,65,1791532720.3613503,53.92762756347656
1,ppo/attempted_critic_grad_norm,66,1791532747.1395037,89.30943298339844
1,ppo/attempted_critic_grad_norm,67,1791532773.7852366,71.3773422241211
1,ppo/attempted_critic_grad_norm,68,1791532808.26027,57.793216705322266
1,ppo/attempted_critic_grad_norm,69,1791532845.1053512,165.13803100585938
1,ppo/attempted_critic_grad_norm,70,1791532872.6785963,87.4622802734375
1,ppo/attempted_critic_grad_norm,71,1791532900.2017405,56.192665100097656
1,ppo/attempted_critic_grad_norm,72,1791532927.8364668,52.277469635009766
1,ppo/attempted_critic_grad_norm,73,1791532955.0494568,130.64279174804688
1,ppo/attempted_critic_grad_norm,74,1791532982.279065,56.94779586791992
1,ppo/attempted_critic_grad_norm,75,1791533009.1338158,87.78089904785156
1,ppo/attempted_critic_grad_norm,76,1791533036.896458,110.58116912841797
1,ppo/attempted_critic_grad_norm,77,1791533064.4895813,131.50653076171875
1,ppo/attempted_critic_grad_norm,78,1791533092.457962,115.94085693359375
1,ppo/attempted_critic_grad_norm,79,1791533124.182922,121.13111877441406
1,ppo/attempted_critic_grad_norm,80,1791533150.782857,165.4252471923828
1,ppo/attempted_critic_grad_norm,81,1791533181.73829,166.50267028808594
1,ppo/attempted_critic_grad_norm,82,1791533208.3971589,60.86021041870117
1,ppo/attempted_critic_grad_norm,83,1791533240.2125773,66.67125701904297
1,ppo/attempted_critic_grad_norm,84,1791533267.3810098,63.470123291015625
1,ppo/attempted_critic_grad_norm,85,1791533299.4464464,98.11653900146484
1,ppo/attempted_critic_grad_norm,86,1791533330.4100924,68.90815734863281
1,ppo/attempted_critic_grad_norm,87,1791533357.1256435,70.91114044189453
1,ppo/attempted_critic_grad_norm,88,1791533387.8729324,69.93045043945312
1,ppo/attempted_critic_grad_norm,89,1791533414.9625235,46.04130172729492
1,ppo/attempted_critic_grad_norm,90,1791533446.145505,99.78404998779297
1,ppo/attempted_critic_grad_norm,91,1791533477.2695637,98.52836608886719
1,ppo/attempted_critic_grad_norm,92,1791533504.0447657,284.34521484375
1,ppo/attempted_critic_grad_norm,93,1791533535.4340153,119.94532775878906
1,ppo/attempted_critic_grad_norm,94,1791533562.4431567,58.49571990966797
1,ppo/attempted_critic_grad_norm,95,1791533589.9616914,185.00953674316406
1,ppo/attempted_critic_grad_norm,96,1791533617.775595,180.62255859375
1,ppo/attempted_critic_grad_norm,97,1791533646.3559375,52.892032623291016
1,ppo/attempted_critic_grad_norm,98,1791533673.6989973,82.3494873046875
1,ppo/attempted_critic_grad_norm,99,1791533700.8925388,68.33940887451172
1,ppo/attempted_critic_grad_norm,100,1791533728.0125992,92.56914520263672
1,ppo/attempted_epochs,1,1791528558.9945538,4.0
1,ppo/attempted_epochs,2,1791528588.6304655,4.0
1,ppo/attempted_epochs,3,1791528617.685832,4.0
1,ppo/attempted_epochs,4,1791528644.3123674,4.0
1,ppo/attempted_epochs,5,1791528670.5009265,4.0
1,ppo/attempted_epochs,6,1791528700.1026397,4.0
1,ppo/attempted_epochs,7,1791528739.3685489,4.0
1,ppo/attempted_epochs,8,1791528771.4582415,4.0
1,ppo/attempted_epochs,9,1791528799.57171,4.0
1,ppo/attempted_epochs,10,1791528827.1553006,4.0
1,ppo/attempted_epochs,11,1791528853.7399747,4.0
1,ppo/attempted_epochs,12,1791528880.7673593,4.0
1,ppo/attempted_epochs,13,1791528906.885098,4.0
1,ppo/attempted_epochs,14,1791528937.724393,4.0
1,ppo/attempted_epochs,15,1791528965.383301,4.0
1,ppo/attempted_epochs,16,1791528995.7177048,4.0
1,ppo/attempted_epochs,17,1791529021.7841144,4.0
1,ppo/attempted_epochs,18,1791529052.0671642,4.0
1,ppo/attempted_epochs,19,1791529082.3876243,4.0
1,ppo/attempted_epochs,20,1791529111.9580426,4.0
1,ppo/attempted_epochs,21,1791529145.3043747,4.0
1,ppo/attempted_epochs,22,1791529177.346494,4.0
1,ppo/attempted_epochs,23,1791529203.710888,4.0
1,ppo/attempted_epochs,24,1791529234.0281155,4.0
1,ppo/attempted_epochs,25,1791529260.088387,4.0
1,ppo/attempted_epochs,26,1791531648.8500066,4.0
1,ppo/attempted_epochs,27,1791531678.381943,4.0
1,ppo/attempted_epochs,28,1791531706.4531305,4.0
1,ppo/attempted_epochs,29,1791531734.7732236,4.0
1,ppo/attempted_epochs,30,1791531760.9397933,4.0
1,ppo/attempted_epochs,31,1791531788.608821,4.0
1,ppo/attempted_epochs,32,1791531815.1903892,4.0
1,ppo/attempted_epochs,33,1791531845.37526,4.0
1,ppo/attempted_epochs,34,1791531872.9015322,4.0
1,ppo/attempted_epochs,35,1791531901.9735203,4.0
1,ppo/attempted_epochs,36,1791531928.7020488,4.0
1,ppo/attempted_epochs,37,1791531956.1378574,4.0
1,ppo/attempted_epochs,38,1791531983.0061884,4.0
1,ppo/attempted_epochs,39,1791532013.4394398,4.0
1,ppo/attempted_epochs,40,1791532040.1622627,4.0
1,ppo/attempted_epochs,41,1791532067.995213,4.0
1,ppo/attempted_epochs,42,1791532093.6626341,4.0
1,ppo/attempted_epochs,43,1791532119.9390788,4.0
1,ppo/attempted_epochs,44,1791532145.6194785,4.0
1,ppo/attempted_epochs,45,1791532174.3587859,4.0
1,ppo/attempted_epochs,46,1791532201.6879983,4.0
1,ppo/attempted_epochs,47,1791532229.4545355,4.0
1,ppo/attempted_epochs,48,1791532255.53755,4.0
1,ppo/attempted_epochs,49,1791532281.8612335,4.0
1,ppo/attempted_epochs,50,1791532307.6132805,4.0
1,ppo/attempted_epochs,51,1791532335.1220226,4.0
1,ppo/attempted_epochs,52,1791532364.1194174,4.0
1,ppo/attempted_epochs,53,1791532392.7260642,4.0
1,ppo/attempted_epochs,54,1791532421.0417733,4.0
1,ppo/attempted_epochs,55,1791532448.3013356,4.0
1,ppo/attempted_epochs,56,1791532475.3002014,4.0
1,ppo/attempted_epochs,57,1791532502.003318,4.0
1,ppo/attempted_epochs,58,1791532530.041222,4.0
1,ppo/attempted_epochs,59,1791532557.32661,4.0
1,ppo/attempted_epochs,60,1791532584.0599234,4.0
1,ppo/attempted_epochs,61,1791532611.2048154,4.0
1,ppo/attempted_epochs,62,1791532638.1762884,4.0
1,ppo/attempted_epochs,63,1791532664.9780645,4.0
1,ppo/attempted_epochs,64,1791532692.9998643,4.0
1,ppo/attempted_epochs,65,1791532720.361357,4.0
1,ppo/attempted_epochs,66,1791532747.1395106,4.0
1,ppo/attempted_epochs,67,1791532773.785247,1.0
1,ppo/attempted_epochs,68,1791532808.2602773,1.0
1,ppo/attempted_epochs,69,1791532845.1053584,4.0
1,ppo/attempted_epochs,70,1791532872.6786027,1.0
1,ppo/attempted_epochs,71,1791532900.2017643,4.0
1,ppo/attempted_epochs,72,1791532927.8364775,4.0
1,ppo/attempted_epochs,73,1791532955.049486,4.0
1,ppo/attempted_epochs,74,1791532982.2790718,4.0
1,ppo/attempted_epochs,75,1791533009.1338263,4.0
1,ppo/attempted_epochs,76,1791533036.8964646,4.0
1,ppo/attempted_epochs,77,1791533064.4895926,4.0
1,ppo/attempted_epochs,78,1791533092.4579692,4.0
1,ppo/attempted_epochs,79,1791533124.1829286,4.0
1,ppo/attempted_epochs,80,1791533150.7828915,4.0
1,ppo/attempted_epochs,81,1791533181.7383015,4.0
1,ppo/attempted_epochs,82,1791533208.3973422,4.0
1,ppo/attempted_epochs,83,1791533240.2126129,4.0
1,ppo/attempted_epochs,84,1791533267.3810227,4.0
1,ppo/attempted_epochs,85,1791533299.4464533,4.0
1,ppo/attempted_epochs,86,1791533330.410136,4.0
1,ppo/attempted_epochs,87,1791533357.1256542,4.0
1,ppo/attempted_epochs,88,1791533387.8729439,4.0
1,ppo/attempted_epochs,89,1791533414.9625568,4.0
1,ppo/attempted_epochs,90,1791533446.1455154,4.0
1,ppo/attempted_epochs,91,1791533477.269696,4.0
1,ppo/attempted_epochs,92,1791533504.0447726,4.0
1,ppo/attempted_epochs,93,1791533535.4340255,4.0
1,ppo/attempted_epochs,94,1791533562.4432027,4.0
1,ppo/attempted_epochs,95,1791533589.9617195,4.0
1,ppo/attempted_epochs,96,1791533617.775605,4.0
1,ppo/attempted_epochs,97,1791533646.3559442,4.0
1,ppo/attempted_epochs,98,1791533673.6990047,4.0
1,ppo/attempted_epochs,99,1791533700.8925493,4.0
1,ppo/attempted_epochs,100,1791533728.0128236,4.0
1,ppo/attempted_minibatches,1,1791528558.994785,16.0
1,ppo/attempted_minibatches,2,1791528588.6306498,16.0
1,ppo/attempted_minibatches,3,1791528617.685841,16.0
1,ppo/attempted_minibatches,4,1791528644.3125587,16.0
1,ppo/attempted_minibatches,5,1791528670.5010724,16.0
1,ppo/attempted_minibatches,6,1791528700.1027632,16.0
1,ppo/attempted_minibatches,7,1791528739.3685567,16.0
1,ppo/attempted_minibatches,8,1791528771.4582503,16.0
1,ppo/attempted_minibatches,9,1791528799.5717623,16.0
1,ppo/attempted_minibatches,10,1791528827.1553514,16.0
1,ppo/attempted_minibatches,11,1791528853.7399828,16.0
1,ppo/attempted_minibatches,12,1791528880.7675185,16.0
1,ppo/attempted_minibatches,13,1791528906.8851058,16.0
1,ppo/attempted_minibatches,14,1791528937.7245467,16.0
1,ppo/attempted_minibatches,15,1791528965.383353,16.0
1,ppo/attempted_minibatches,16,1791528995.7177188,16.0
1,ppo/attempted_minibatches,17,1791529021.7841234,16.0
1,ppo/attempted_minibatches,18,1791529052.067172,16.0
1,ppo/attempted_minibatches,19,1791529082.387632,16.0
1,ppo/attempted_minibatches,20,1791529111.9580505,16.0
1,ppo/attempted_minibatches,21,1791529145.304383,16.0
1,ppo/attempted_minibatches,22,1791529177.346503,16.0
1,ppo/attempted_minibatches,23,1791529203.7108958,16.0
1,ppo/attempted_minibatches,24,1791529234.0282555,16.0
1,ppo/attempted_minibatches,25,1791529260.0883946,16.0
1,ppo/attempted_minibatches,26,1791531648.8500338,16.0
1,ppo/attempted_minibatches,27,1791531678.3821013,16.0
1,ppo/attempted_minibatches,28,1791531706.4531384,16.0
1,ppo/attempted_minibatches,29,1791531734.7734041,16.0
1,ppo/attempted_minibatches,30,1791531760.9398017,16.0
1,ppo/attempted_minibatches,31,1791531788.60883,16.0
1,ppo/attempted_minibatches,32,1791531815.1905754,16.0
1,ppo/attempted_minibatches,33,1791531845.3752694,16.0
1,ppo/attempted_minibatches,34,1791531872.9015415,16.0
1,ppo/attempted_minibatches,35,1791531901.973599,16.0
1,ppo/attempted_minibatches,36,1791531928.702057,16.0
1,ppo/attempted_minibatches,37,1791531956.1378667,16.0
1,ppo/attempted_minibatches,38,1791531983.0062273,16.0
1,ppo/attempted_minibatches,39,1791532013.439592,16.0
1,ppo/attempted_minibatches,40,1791532040.1622717,16.0
1,ppo/attempted_minibatches,41,1791532067.9952211,16.0
1,ppo/attempted_minibatches,42,1791532093.6629438,16.0
1,ppo/attempted_minibatches,43,1791532119.9390905,16.0
1,ppo/attempted_minibatches,44,1791532145.6195183,16.0
1,ppo/attempted_minibatches,45,1791532174.3589368,16.0
1,ppo/attempted_minibatches,46,1791532201.6881478,16.0
1,ppo/attempted_minibatches,47,1791532229.4545448,16.0
1,ppo/attempted_minibatches,48,1791532255.5377145,16.0
1,ppo/attempted_minibatches,49,1791532281.861241,16.0
1,ppo/attempted_minibatches,50,1791532307.6134324,16.0
1,ppo/attempted_minibatches,51,1791532335.1220307,16.0
1,ppo/attempted_minibatches,52,1791532364.1194558,16.0
1,ppo/attempted_minibatches,53,1791532392.726072,16.0
1,ppo/attempted_minibatches,54,1791532421.0417826,16.0
1,ppo/attempted_minibatches,55,1791532448.3013494,16.0
1,ppo/attempted_minibatches,56,1791532475.3003347,16.0
1,ppo/attempted_minibatches,57,1791532502.0034754,16.0
1,ppo/attempted_minibatches,58,1791532530.041261,16.0
1,ppo/attempted_minibatches,59,1791532557.3266177,16.0
1,ppo/attempted_minibatches,60,1791532584.059933,16.0
1,ppo/attempted_minibatches,61,1791532611.2048354,16.0
1,ppo/attempted_minibatches,62,1791532638.1762974,16.0
1,ppo/attempted_minibatches,63,1791532664.978256,16.0
1,ppo/attempted_minibatches,64,1791532692.9998784,16.0
1,ppo/attempted_minibatches,65,1791532720.3615038,16.0
1,ppo/attempted_minibatches,66,1791532747.1396441,16.0
1,ppo/attempted_minibatches,67,1791532773.7852557,4.0
1,ppo/attempted_minibatches,68,1791532808.2602854,4.0
1,ppo/attempted_minibatches,69,1791532845.1053662,16.0
1,ppo/attempted_minibatches,70,1791532872.6786108,4.0
1,ppo/attempted_minibatches,71,1791532900.201803,16.0
1,ppo/attempted_minibatches,72,1791532927.8364868,16.0
1,ppo/attempted_minibatches,73,1791532955.0495346,16.0
1,ppo/attempted_minibatches,74,1791532982.2790794,16.0
1,ppo/attempted_minibatches,75,1791533009.1338353,16.0
1,ppo/attempted_minibatches,76,1791533036.896606,16.0
1,ppo/attempted_minibatches,77,1791533064.4896019,16.0
1,ppo/attempted_minibatches,78,1791533092.4579768,16.0
1,ppo/attempted_minibatches,79,1791533124.182937,16.0
1,ppo/attempted_minibatches,80,1791533150.7829354,16.0
1,ppo/attempted_minibatches,81,1791533181.7384632,16.0
1,ppo/attempted_minibatches,82,1791533208.397356,16.0
1,ppo/attempted_minibatches,83,1791533240.2126546,16.0
1,ppo/attempted_minibatches,84,1791533267.3812866,16.0
1,ppo/attempted_minibatches,85,1791533299.4467082,16.0
1,ppo/attempted_minibatches,86,1791533330.4101932,16.0
1,ppo/attempted_minibatches,87,1791533357.125791,16.0
1,ppo/attempted_minibatches,88,1791533387.8729534,16.0
1,ppo/attempted_minibatches,89,1791533414.9627078,16.0
1,ppo/attempted_minibatches,90,1791533446.1455245,16.0
1,ppo/attempted_minibatches,91,1791533477.26971,16.0
1,ppo/attempted_minibatches,92,1791533504.0449772,16.0
1,ppo/attempted_minibatches,93,1791533535.4340343,16.0
1,ppo/attempted_minibatches,94,1791533562.443256,16.0
1,ppo/attempted_minibatches,95,1791533589.961763,16.0
1,ppo/attempted_minibatches,96,1791533617.7756143,16.0
1,ppo/attempted_minibatches,97,1791533646.355953,16.0
1,ppo/attempted_minibatches,98,1791533673.6990123,16.0
1,ppo/attempted_minibatches,99,1791533700.8927662,16.0
1,ppo/attempted_minibatches,100,1791533728.0128374,16.0
1,ppo/completed_epochs,1,1791528558.9949868,4.0
1,ppo/completed_epochs,2,1791528588.630801,4.0
1,ppo/completed_epochs,3,1791528617.6858482,4.0
1,ppo/completed_epochs,4,1791528644.3128905,4.0
1,ppo/completed_epochs,5,1791528670.5012193,4.0
1,ppo/completed_epochs,6,1791528700.1027718,4.0
1,ppo/completed_epochs,7,1791528739.3685637,4.0
1,ppo/completed_epochs,8,1791528771.45841,4.0
1,ppo/completed_epochs,9,1791528799.5718086,4.0
1,ppo/completed_epochs,10,1791528827.1553946,4.0
1,ppo/completed_epochs,11,1791528853.7399898,4.0
1,ppo/completed_epochs,12,1791528880.7675896,4.0
1,ppo/completed_epochs,13,1791528906.885244,4.0
1,ppo/completed_epochs,14,1791528937.7245553,4.0
1,ppo/completed_epochs,15,1791528965.3834004,4.0
1,ppo/completed_epochs,16,1791528995.7177267,4.0
1,ppo/completed_epochs,17,1791529021.7843063,4.0
1,ppo/completed_epochs,18,1791529052.0671787,4.0
1,ppo/completed_epochs,19,1791529082.3876386,4.0
1,ppo/completed_epochs,20,1791529111.9580574,4.0
1,ppo/completed_epochs,21,1791529145.3045223,4.0
1,ppo/completed_epochs,22,1791529177.3465095,4.0
1,ppo/completed_epochs,23,1791529203.7109027,4.0
1,ppo/completed_epochs,24,1791529234.0282693,4.0
1,ppo/completed_epochs,25,1791529260.0884013,4.0
1,ppo/completed_epochs,26,1791531648.8500733,4.0
1,ppo/completed_epochs,27,1791531678.382257,4.0
1,ppo/completed_epochs,28,1791531706.4531455,4.0
1,ppo/completed_epochs,29,1791531734.7734132,4.0
1,ppo/completed_epochs,30,1791531760.9399354,4.0
1,ppo/completed_epochs,31,1791531788.6089523,4.0
1,ppo/completed_epochs,32,1791531815.1905897,4.0
1,ppo/completed_epochs,33,1791531845.375277,4.0
1,ppo/completed_epochs,34,1791531872.9015489,4.0
1,ppo/completed_epochs,35,1791531901.9736655,4.0
1,ppo/completed_epochs,36,1791531928.702064,4.0
1,ppo/completed_epochs,37,1791531956.1380227,4.0
1,ppo/completed_epochs,38,1791531983.0062633,4.0
1,ppo/completed_epochs,39,1791532013.439656,4.0
1,ppo/completed_epochs,40,1791532040.162279,4.0
1,ppo/completed_epochs,41,1791532067.995228,4.0
1,ppo/completed_epochs,42,1791532093.6629632,4.0
1,ppo/completed_epochs,43,1791532119.9390974,4.0
1,ppo/completed_epochs,44,1791532145.619558,4.0
1,ppo/completed_epochs,45,1791532174.3592024,4.0
1,ppo/completed_epochs,46,1791532201.6883037,4.0
1,ppo/completed_epochs,47,1791532229.4545522,4.0
1,ppo/completed_epochs,48,1791532255.5377753,4.0
1,ppo/completed_epochs,49,1791532281.861248,4.0
1,ppo/completed_epochs,50,1791532307.6134923,4.0
1,ppo/completed_epochs,51,1791532335.1220376,4.0
1,ppo/completed_epochs,52,1791532364.1194916,4.0
1,ppo/completed_epochs,53,1791532392.7260792,4.0
1,ppo/completed_epochs,54,1791532421.0417895,4.0
1,ppo/completed_epochs,55,1791532448.3015897,4.0
1,ppo/completed_epochs,56,1791532475.3004673,4.0
1,ppo/completed_epochs,57,1791532502.0036297,4.0
1,ppo/completed_epochs,58,1791532530.041304,4.0
1,ppo/completed_epochs,59,1791532557.326898,4.0
1,ppo/completed_epochs,60,1791532584.05994,4.0
1,ppo/completed_epochs,61,1791532611.204842,4.0
1,ppo/completed_epochs,62,1791532638.1763046,4.0
1,ppo/completed_epochs,63,1791532664.9784567,4.0
1,ppo/completed_epochs,64,1791532692.999886,4.0
1,ppo/completed_epochs,65,1791532720.3616822,4.0
1,ppo/completed_epochs,66,1791532747.139653,4.0
1,ppo/completed_epochs,67,1791532773.7852628,1.0
1,ppo/completed_epochs,68,1791532808.260292,1.0
1,ppo/completed_epochs,69,1791532845.1053731,4.0
1,ppo/completed_epochs,70,1791532872.6787477,1.0
1,ppo/completed_epochs,71,1791532900.2018404,4.0
1,ppo/completed_epochs,72,1791532927.8364937,4.0
1,ppo/completed_epochs,73,1791532955.0495815,4.0
1,ppo/completed_epochs,74,1791532982.2792356,4.0
1,ppo/completed_epochs,75,1791533009.1338425,4.0
1,ppo/completed_epochs,76,1791533036.89662,4.0
1,ppo/completed_epochs,77,1791533064.4896348,4.0
1,ppo/completed_epochs,78,1791533092.4579837,4.0
1,ppo/completed_epochs,79,1791533124.182944,4.0
1,ppo/completed_epochs,80,1791533150.7829723,4.0
1,ppo/completed_epochs,81,1791533181.7384777,4.0
1,ppo/completed_epochs,82,1791533208.3975055,4.0
1,ppo/completed_epochs,83,1791533240.2126927,4.0
1,ppo/completed_epochs,84,1791533267.3812957,4.0
1,ppo/completed_epochs,85,1791533299.4467223,4.0
1,ppo/completed_epochs,86,1791533330.410262,4.0
1,ppo/completed_epochs,87,1791533357.1258051,4.0
1,ppo/completed_epochs,88,1791533387.8729608,4.0
1,ppo/completed_epochs,89,1791533414.962841,4.0
1,ppo/completed_epochs,90,1791533446.145646,4.0
1,ppo/completed_epochs,91,1791533477.269719,4.0
1,ppo/completed_epochs,92,1791533504.0449858,4.0
1,ppo/completed_epochs,93,1791533535.4340413,4.0
1,ppo/completed_epochs,94,1791533562.4432998,4.0
1,ppo/completed_epochs,95,1791533589.9618063,4.0
1,ppo/completed_epochs,96,1791533617.7756214,4.0
1,ppo/completed_epochs,97,1791533646.3559856,4.0
1,ppo/completed_epochs,98,1791533673.6991694,4.0
1,ppo/completed_epochs,99,1791533700.8930087,4.0
1,ppo/completed_epochs,100,1791533728.0128448,4.0
1,ppo/completed_minibatches,1,1791528558.9950242,16.0
1,ppo/completed_minibatches,2,1791528588.6309457,16.0
1,ppo/completed_minibatches,3,1791528617.6858518,16.0
1,ppo/completed_minibatches,4,1791528644.3128998,16.0
1,ppo/completed_minibatches,5,1791528670.501228,16.0
1,ppo/completed_minibatches,6,1791528700.1028938,16.0
1,ppo/completed_minibatches,7,1791528739.3685703,16.0
1,ppo/completed_minibatches,8,1791528771.4584188,16.0
1,ppo/completed_minibatches,9,1791528799.5718284,16.0
1,ppo/completed_minibatches,10,1791528827.1554139,16.0
1,ppo/completed_minibatches,11,1791528853.739993,16.0
1,ppo/completed_minibatches,12,1791528880.7676194,16.0
1,ppo/completed_minibatches,13,1791528906.8852487,16.0
1,ppo/completed_minibatches,14,1791528937.7245588,16.0
1,ppo/completed_minibatches,15,1791528965.3834205,16.0
1,ppo/completed_minibatches,16,1791528995.7177312,16.0
1,ppo/completed_minibatches,17,1791529021.7843113,16.0
1,ppo/completed_minibatches,18,1791529052.067182,16.0
1,ppo/completed_minibatches,19,1791529082.3876421,16.0
1,ppo/completed_minibatches,20,1791529111.9580605,16.0
1,ppo/completed_minibatches,21,1791529145.3045309,16.0
1,ppo/completed_minibatches,22,1791529177.3467677,16.0
1,ppo/completed_minibatches,23,1791529203.710906,16.0
1,ppo/completed_minibatches,24,1791529234.028273,16.0
1,ppo/completed_minibatches,25,1791529260.0884044,16.0
1,ppo/completed_minibatches,26,1791531648.8500905,16.0
1,ppo/completed_minibatches,27,1791531678.3822618,16.0
1,ppo/completed_minibatches,28,1791531706.453149,16.0
1,ppo/completed_minibatches,29,1791531734.7735105,16.0
1,ppo/completed_minibatches,30,1791531760.9399445,16.0
1,ppo/completed_minibatches,31,1791531788.6089613,16.0
1,ppo/completed_minibatches,32,1791531815.1907446,16.0
1,ppo/completed_minibatches,33,1791531845.3754756,16.0
1,ppo/completed_minibatches,34,1791531872.9015524,16.0
1,ppo/completed_minibatches,35,1791531901.9736938,16.0
1,ppo/completed_minibatches,36,1791531928.7020674,16.0
1,ppo/completed_minibatches,37,1791531956.1380625,16.0
1,ppo/completed_minibatches,38,1791531983.006281,16.0
1,ppo/completed_minibatches,39,1791532013.4396856,16.0
1,ppo/completed_minibatches,40,1791532040.1622825,16.0
1,ppo/completed_minibatches,41,1791532067.9952314,16.0
1,ppo/completed_minibatches,42,1791532093.662967,16.0
1,ppo/completed_minibatches,43,1791532119.939101,16.0
1,ppo/completed_minibatches,44,1791532145.6195807,16.0
1,ppo/completed_minibatches,45,1791532174.359211,16.0
1,ppo/completed_minibatches,46,1791532201.6883128,16.0
1,ppo/completed_minibatches,47,1791532229.4545553,16.0
1,ppo/completed_minibatches,48,1791532255.5378032,16.0
1,ppo/completed_minibatches,49,1791532281.8612514,16.0
1,ppo/completed_minibatches,50,1791532307.61352,16.0
1,ppo/completed_minibatches,51,1791532335.1220663,16.0
1,ppo/completed_minibatches,52,1791532364.1195085,16.0
1,ppo/completed_minibatches,53,1791532392.7260828,16.0
1,ppo/completed_minibatches,54,1791532421.041793,16.0
1,ppo/completed_minibatches,55,1791532448.3015952,16.0
1,ppo/completed_minibatches,56,1791532475.300496,16.0
1,ppo/completed_minibatches,57,1791532502.003659,16.0
1,ppo/completed_minibatches,58,1791532530.0413196,16.0
1,ppo/completed_minibatches,59,1791532557.326903,16.0
1,ppo/completed_minibatches,60,1791532584.0599434,16.0
1,ppo/completed_minibatches,61,1791532611.2048457,16.0
1,ppo/completed_minibatches,62,1791532638.1763363,16.0
1,ppo/completed_minibatches,63,1791532664.9784682,16.0
1,ppo/completed_minibatches,64,1791532692.9998899,16.0
1,ppo/completed_minibatches,65,1791532720.3616912,16.0
1,ppo/completed_minibatches,66,1791532747.1396565,16.0
1,ppo/completed_minibatches,67,1791532773.7852662,4.0
1,ppo/completed_minibatches,68,1791532808.2602956,4.0
1,ppo/completed_minibatches,69,1791532845.1053767,16.0
1,ppo/completed_minibatches,70,1791532872.6787524,4.0
1,ppo/completed_minibatches,71,1791532900.20186,16.0
1,ppo/completed_minibatches,72,1791532927.836497,16.0
1,ppo/completed_minibatches,73,1791532955.0496004,16.0
1,ppo/completed_minibatches,74,1791532982.279245,16.0
1,ppo/completed_minibatches,75,1791533009.1338458,16.0
1,ppo/completed_minibatches,76,1791533036.8966238,16.0
1,ppo/completed_minibatches,77,1791533064.4897592,16.0
1,ppo/completed_minibatches,78,1791533092.457987,16.0
1,ppo/completed_minibatches,79,1791533124.1829472,16.0
1,ppo/completed_minibatches,80,1791533150.7829897,16.0
1,ppo/completed_minibatches,81,1791533181.738482,16.0
1,ppo/completed_minibatches,82,1791533208.397515,16.0
1,ppo/completed_minibatches,83,1791533240.2127101,16.0
1,ppo/completed_minibatches,84,1791533267.3812993,16.0
1,ppo/completed_minibatches,85,1791533299.4467263,16.0
1,ppo/completed_minibatches,86,1791533330.4102829,16.0
1,ppo/completed_minibatches,87,1791533357.125809,16.0
1,ppo/completed_minibatches,88,1791533387.87299,16.0
1,ppo/completed_minibatches,89,1791533414.962864,16.0
1,ppo/completed_minibatches,90,1791533446.1456552,16.0
1,ppo/completed_minibatches,91,1791533477.269739,16.0
1,ppo/completed_minibatches,92,1791533504.0449893,16.0
1,ppo/completed_minibatches,93,1791533535.4340446,16.0
1,ppo/completed_minibatches,94,1791533562.443325,16.0
1,ppo/completed_minibatches,95,1791533589.9618258,16.0
1,ppo/completed_minibatches,96,1791533617.7756248,16.0
1,ppo/completed_minibatches,97,1791533646.356108,16.0
1,ppo/completed_minibatches,98,1791533673.6991785,16.0
1,ppo/completed_minibatches,99,1791533700.8930178,16.0
1,ppo/completed_minibatches,100,1791533728.012979,16.0
1,ppo/critic_grad_norm,1,1791528558.9940705,11.054216384887695
1,ppo/critic_grad_norm,2,1791528588.630103,45.690269470214844
1,ppo/critic_grad_norm,3,1791528617.6853554,14.910002708435059
1,ppo/critic_grad_norm,4,1791528644.312141,18.7681884765625
1,ppo/critic_grad_norm,5,1791528670.5006015,10.338363647460938
1,ppo/critic_grad_norm,6,1791528700.102306,8.539071083068848
1,ppo/critic_grad_norm,7,1791528739.3682442,17.280017852783203
1,ppo/critic_grad_norm,8,1791528771.4579828,44.1781120300293
1,ppo/critic_grad_norm,9,1791528799.571576,8.56998348236084
1,ppo/critic_grad_norm,10,1791528827.1549964,3.4058384895324707
1,ppo/critic_grad_norm,11,1791528853.7397113,10.362930297851562
1,ppo/critic_grad_norm,12,1791528880.7670956,9.431575775146484
1,ppo/critic_grad_norm,13,1791528906.8849277,56.9898567199707
1,ppo/critic_grad_norm,14,1791528937.724064,61.07243728637695
1,ppo/critic_grad_norm,15,1791528965.383163,15.90134048461914
1,ppo/critic_grad_norm,16,1791528995.7173226,9.222844123840332
1,ppo/critic_grad_norm,17,1791529021.7838128,11.436511039733887
1,ppo/critic_grad_norm,18,1791529052.0669677,14.863465309143066
1,ppo/critic_grad_norm,19,1791529082.387351,123.80998229980469
1,ppo/critic_grad_norm,20,1791529111.9577866,151.5653533935547
1,ppo/critic_grad_norm,21,1791529145.3042004,55.49532699584961
1,ppo/critic_grad_norm,22,1791529177.346307,27.08509063720703
1,ppo/critic_grad_norm,23,1791529203.7107046,24.95965003967285
1,ppo/critic_grad_norm,24,1791529234.027791,28.67125129699707
1,ppo/critic_grad_norm,25,1791529260.0881708,174.07801818847656
1,ppo/critic_grad_norm,26,1791531648.8494852,148.6027069091797
1,ppo/critic_grad_norm,27,1791531678.381582,41.42626190185547
1,ppo/critic_grad_norm,28,1791531706.452883,13.407102584838867
1,ppo/critic_grad_norm,29,1791531734.7727687,13.836394309997559
1,ppo/critic_grad_norm,30,1791531760.9395072,11.756037712097168
1,ppo/critic_grad_norm,31,1791531788.6082964,12.628255844116211
1,ppo/critic_grad_norm,32,1791531815.1900613,33.1970100402832
1,ppo/critic_grad_norm,33,1791531845.3747225,54.55056381225586
1,ppo/critic_grad_norm,34,1791531872.9009018,84.4682846069336
1,ppo/critic_grad_norm,35,1791531901.9731781,62.294837951660156
1,ppo/critic_grad_norm,36,1791531928.7016923,91.95264434814453
1,ppo/critic_grad_norm,37,1791531956.137386,72.42145538330078
1,ppo/critic_grad_norm,38,1791531983.0060635,100.53349304199219
1,ppo/critic_grad_norm,39,1791532013.4392955,149.89334106445312
1,ppo/critic_grad_norm,40,1791532040.1618896,25.041290283203125
1,ppo/critic_grad_norm,41,1791532067.9949548,26.423521041870117
1,ppo/critic_grad_norm,42,1791532093.6624572,28.921009063720703
1,ppo/critic_grad_norm,43,1791532119.938611,47.35285186767578
1,ppo/critic_grad_norm,44,1791532145.6191573,125.60301971435547
1,ppo/critic_grad_norm,45,1791532174.3586128,225.332275390625
1,ppo/critic_grad_norm,46,1791532201.687688,79.24988555908203
1,ppo/critic_grad_norm,47,1791532229.4540377,30.931766510009766
1,ppo/critic_grad_norm,48,1791532255.5372958,48.21577453613281
1,ppo/critic_grad_norm,49,1791532281.8609333,57.656036376953125
1,ppo/critic_grad_norm,50,1791532307.612959,286.1869812011719
1,ppo/critic_grad_norm,51,1791532335.1218343,198.0915069580078
1,ppo/critic_grad_norm,52,1791532364.119243,105.41046142578125
1,ppo/critic_grad_norm,53,1791532392.7258108,54.17594528198242
1,ppo/critic_grad_norm,54,1791532421.041366,36.30574417114258
1,ppo/critic_grad_norm,55,1791532448.3010213,137.65452575683594
1,ppo/critic_grad_norm,56,1791532475.299931,162.25552368164062
1,ppo/critic_grad_norm,57,1791532502.003142,52.939605712890625
1,ppo/critic_grad_norm,58,1791532530.0410366,80.2223892211914
1,ppo/critic_grad_norm,59,1791532557.3264306,47.729862213134766
1,ppo/critic_grad_norm,60,1791532584.059443,125.32510375976562
1,ppo/critic_grad_norm,61,1791532611.204513,61.241390228271484
1,ppo/critic_grad_norm,62,1791532638.149364,47.829166412353516
1,ppo/critic_grad_norm,63,1791532664.9778895,32.062583923339844
1,ppo/critic_grad_norm,64,1791532692.9992461,82.43672180175781
1,ppo/critic_grad_norm,65,1791532720.3611732,53.92762756347656
1,ppo/critic_grad_norm,66,1791532747.139345,89.30943298339844
1,ppo/critic_grad_norm,67,1791532773.784973,71.3773422241211
1,ppo/critic_grad_norm,68,1791532808.2600079,57.793216705322266
1,ppo/critic_grad_norm,69,1791532845.1050913,165.13803100585938
1,ppo/critic_grad_norm,70,1791532872.678424,87.4622802734375
1,ppo/critic_grad_norm,71,1791532900.2015803,56.192665100097656
1,ppo/critic_grad_norm,72,1791532927.836015,52.277469635009766
1,ppo/critic_grad_norm,73,1791532955.0492408,130.64279174804688
1,ppo/critic_grad_norm,74,1791532982.2788744,56.94779586791992
1,ppo/critic_grad_norm,75,1791533009.1335528,87.78089904785156
1,ppo/critic_grad_norm,76,1791533036.8962977,110.58116912841797
1,ppo/critic_grad_norm,77,1791533064.4893427,131.50653076171875
1,ppo/critic_grad_norm,78,1791533092.4577074,115.94085693359375
1,ppo/critic_grad_norm,79,1791533124.1826448,121.13111877441406
1,ppo/critic_grad_norm,80,1791533150.7826817,165.4252471923828
1,ppo/critic_grad_norm,81,1791533181.7379396,166.50267028808594
1,ppo/critic_grad_norm,82,1791533208.396829,60.86021041870117
1,ppo/critic_grad_norm,83,1791533240.2124166,66.67125701904297
1,ppo/critic_grad_norm,84,1791533267.3806894,63.470123291015625
1,ppo/critic_grad_norm,85,1791533299.4462876,98.11653900146484
1,ppo/critic_grad_norm,86,1791533330.409762,68.90815734863281
1,ppo/critic_grad_norm,87,1791533357.1254325,70.91114044189453
1,ppo/critic_grad_norm,88,1791533387.872585,69.93045043945312
1,ppo/critic_grad_norm,89,1791533414.9622688,46.04130172729492
1,ppo/critic_grad_norm,90,1791533446.1452646,99.78404998779297
1,ppo/critic_grad_norm,91,1791533477.2693489,98.52836608886719
1,ppo/critic_grad_norm,92,1791533504.0445848,284.34521484375
1,ppo/critic_grad_norm,93,1791533535.433628,119.94532775878906
1,ppo/critic_grad_norm,94,1791533562.4430459,58.49571990966797
1,ppo/critic_grad_norm,95,1791533589.9615867,185.00953674316406
1,ppo/critic_grad_norm,96,1791533617.7753406,180.62255859375
1,ppo/critic_grad_norm,97,1791533646.3557734,52.892032623291016
1,ppo/critic_grad_norm,98,1791533673.6987402,82.3494873046875
1,ppo/critic_grad_norm,99,1791533700.8921602,68.33940887451172
1,ppo/critic_grad_norm,100,1791533728.0124247,92.56914520263672
1,ppo/critic_grad_norm_preclip,1,1791528558.9940844,11.054216384887695
1,ppo/critic_grad_norm_preclip,2,1791528588.6301174,45.690269470214844
1,ppo/critic_grad_norm_preclip,3,1791528617.68537,14.910002708435059
1,ppo/critic_grad_norm_preclip,4,1791528644.312175,18.7681884765625
1,ppo/critic_grad_norm_preclip,5,1791528670.5006154,10.338363647460938
1,ppo/critic_grad_norm_preclip,6,1791528700.1023197,8.539071083068848
1,ppo/critic_grad_norm_preclip,7,1791528739.3682582,17.280017852783203
1,ppo/critic_grad_norm_preclip,8,1791528771.4579978,44.1781120300293
1,ppo/critic_grad_norm_preclip,9,1791528799.5715902,8.56998348236084
1,ppo/critic_grad_norm_preclip,10,1791528827.15501,3.4058384895324707
1,ppo/critic_grad_norm_preclip,11,1791528853.7397258,10.362930297851562
1,ppo/critic_grad_norm_preclip,12,1791528880.7671096,9.431575775146484
1,ppo/critic_grad_norm_preclip,13,1791528906.884942,56.9898567199707
1,ppo/critic_grad_norm_preclip,14,1791528937.7240775,61.07243728637695
1,ppo/critic_grad_norm_preclip,15,1791528965.3831773,15.90134048461914
1,ppo/critic_grad_norm_preclip,16,1791528995.7173367,9.222844123840332
1,ppo/critic_grad_norm_preclip,17,1791529021.7838266,11.436511039733887
1,ppo/critic_grad_norm_preclip,18,1791529052.0669816,14.863465309143066
1,ppo/critic_grad_norm_preclip,19,1791529082.3873656,123.80998229980469
1,ppo/critic_grad_norm_preclip,20,1791529111.9578006,151.5653533935547
1,ppo/critic_grad_norm_preclip,21,1791529145.3042147,55.49532699584961
1,ppo/critic_grad_norm_preclip,22,1791529177.3463242,27.08509063720703
1,ppo/critic_grad_norm_preclip,23,1791529203.7107186,24.95965003967285
1,ppo/critic_grad_norm_preclip,24,1791529234.0278053,28.67125129699707
1,ppo/critic_grad_norm_preclip,25,1791529260.0881848,174.07801818847656
1,ppo/critic_grad_norm_preclip,26,1791531648.8495002,148.6027069091797
1,ppo/critic_grad_norm_preclip,27,1791531678.381596,41.42626190185547
1,ppo/critic_grad_norm_preclip,28,1791531706.452899,13.407102584838867
1,ppo/critic_grad_norm_preclip,29,1791531734.772783,13.836394309997559
1,ppo/critic_grad_norm_preclip,30,1791531760.9395213,11.756037712097168
1,ppo/critic_grad_norm_preclip,31,1791531788.6083107,12.628255844116211
1,ppo/critic_grad_norm_preclip,32,1791531815.190076,33.1970100402832
1,ppo/critic_grad_norm_preclip,33,1791531845.3747368,54.55056381225586
1,ppo/critic_grad_norm_preclip,34,1791531872.900917,84.4682846069336
1,ppo/critic_grad_norm_preclip,35,1791531901.9731932,62.294837951660156
1,ppo/critic_grad_norm_preclip,36,1791531928.7017071,91.95264434814453
1,ppo/critic_grad_norm_preclip,37,1791531956.137401,72.42145538330078
1,ppo/critic_grad_norm_preclip,38,1791531983.006079,100.53349304199219
1,ppo/critic_grad_norm_preclip,39,1791532013.4393098,149.89334106445312
1,ppo/critic_grad_norm_preclip,40,1791532040.1619039,25.041290283203125
1,ppo/critic_grad_norm_preclip,41,1791532067.99497,26.423521041870117
1,ppo/critic_grad_norm_preclip,42,1791532093.6624722,28.921009063720703
1,ppo/critic_grad_norm_preclip,43,1791532119.9386263,47.35285186767578
1,ppo/critic_grad_norm_preclip,44,1791532145.6191716,125.60301971435547
1,ppo/critic_grad_norm_preclip,45,1791532174.3586273,225.332275390625
1,ppo/critic_grad_norm_preclip,46,1791532201.6877031,79.24988555908203
1,ppo/critic_grad_norm_preclip,47,1791532229.4540522,30.931766510009766
1,ppo/critic_grad_norm_preclip,48,1791532255.5373163,48.21577453613281
1,ppo/critic_grad_norm_preclip,49,1791532281.8609555,57.656036376953125
1,ppo/critic_grad_norm_preclip,50,1791532307.6129732,286.1869812011719
1,ppo/critic_grad_norm_preclip,51,1791532335.1218493,198.0915069580078
1,ppo/critic_grad_norm_preclip,52,1791532364.119258,105.41046142578125
1,ppo/critic_grad_norm_preclip,53,1791532392.725825,54.17594528198242
1,ppo/critic_grad_norm_preclip,54,1791532421.0413802,36.30574417114258
1,ppo/critic_grad_norm_preclip,55,1791532448.301036,137.65452575683594
1,ppo/critic_grad_norm_preclip,56,1791532475.2999458,162.25552368164062
1,ppo/critic_grad_norm_preclip,57,1791532502.0031576,52.939605712890625
1,ppo/critic_grad_norm_preclip,58,1791532530.0410507,80.2223892211914
1,ppo/critic_grad_norm_preclip,59,1791532557.326445,47.729862213134766
1,ppo/critic_grad_norm_preclip,60,1791532584.0594578,125.32510375976562
1,ppo/critic_grad_norm_preclip,61,1791532611.2045276,61.241390228271484
1,ppo/critic_grad_norm_preclip,62,1791532638.1761634,47.829166412353516
1,ppo/critic_grad_norm_preclip,63,1791532664.9779038,32.062583923339844
1,ppo/critic_grad_norm_preclip,64,1791532692.999261,82.43672180175781
1,ppo/critic_grad_norm_preclip,65,1791532720.3611906,53.92762756347656
1,ppo/critic_grad_norm_preclip,66,1791532747.1393592,89.30943298339844
1,ppo/critic_grad_norm_preclip,67,1791532773.784987,71.3773422241211
1,ppo/critic_grad_norm_preclip,68,1791532808.260023,57.793216705322266
1,ppo/critic_grad_norm_preclip,69,1791532845.1051064,165.13803100585938
1,ppo/critic_grad_norm_preclip,70,1791532872.6784384,87.4622802734375
1,ppo/critic_grad_norm_preclip,71,1791532900.2015953,56.192665100097656
1,ppo/critic_grad_norm_preclip,72,1791532927.83603,52.277469635009766
1,ppo/critic_grad_norm_preclip,73,1791532955.0492637,130.64279174804688
1,ppo/critic_grad_norm_preclip,74,1791532982.2788892,56.94779586791992
1,ppo/critic_grad_norm_preclip,75,1791533009.133572,87.78089904785156
1,ppo/critic_grad_norm_preclip,76,1791533036.8963125,110.58116912841797
1,ppo/critic_grad_norm_preclip,77,1791533064.4893575,131.50653076171875
1,ppo/critic_grad_norm_preclip,78,1791533092.4577222,115.94085693359375
1,ppo/critic_grad_norm_preclip,79,1791533124.1826591,121.13111877441406
1,ppo/critic_grad_norm_preclip,80,1791533150.7826967,165.4252471923828
1,ppo/critic_grad_norm_preclip,81,1791533181.7379558,166.50267028808594
1,ppo/critic_grad_norm_preclip,82,1791533208.3968434,60.86021041870117
1,ppo/critic_grad_norm_preclip,83,1791533240.2124317,66.67125701904297
1,ppo/critic_grad_norm_preclip,84,1791533267.3807087,63.470123291015625
1,ppo/critic_grad_norm_preclip,85,1791533299.4463024,98.11653900146484
1,ppo/critic_grad_norm_preclip,86,1791533330.4097764,68.90815734863281
1,ppo/critic_grad_norm_preclip,87,1791533357.1254482,70.91114044189453
1,ppo/critic_grad_norm_preclip,88,1791533387.8726025,69.93045043945312
1,ppo/critic_grad_norm_preclip,89,1791533414.962283,46.04130172729492
1,ppo/critic_grad_norm_preclip,90,1791533446.1452796,99.78404998779297
1,ppo/critic_grad_norm_preclip,91,1791533477.2693636,98.52836608886719
1,ppo/critic_grad_norm_preclip,92,1791533504.0445995,284.34521484375
1,ppo/critic_grad_norm_preclip,93,1791533535.433643,119.94532775878906
1,ppo/critic_grad_norm_preclip,94,1791533562.4430604,58.49571990966797
1,ppo/critic_grad_norm_preclip,95,1791533589.9616013,185.00953674316406
1,ppo/critic_grad_norm_preclip,96,1791533617.7753553,180.62255859375
1,ppo/critic_grad_norm_preclip,97,1791533646.3557885,52.892032623291016
1,ppo/critic_grad_norm_preclip,98,1791533673.6987548,82.3494873046875
1,ppo/critic_grad_norm_preclip,99,1791533700.892176,68.33940887451172
1,ppo/critic_grad_norm_preclip,100,1791533728.0124562,92.56914520263672
1,ppo/critic_lr,1,1791528558.9951596,0.0003000000142492354
1,ppo/critic_lr,2,1791528588.6312554,0.0003000000142492354
1,ppo/critic_lr,3,1791528617.686347,0.0003000000142492354
1,ppo/critic_lr,4,1791528644.3129175,0.0003000000142492354
1,ppo/critic_lr,5,1791528670.5015602,0.0003000000142492354
1,ppo/critic_lr,6,1791528700.10295,0.0003000000142492354
1,ppo/critic_lr,7,1791528739.368927,0.0003000000142492354
1,ppo/critic_lr,8,1791528771.4584386,0.0003000000142492354
1,ppo/critic_lr,9,1791528799.5719125,0.0003000000142492354
1,ppo/critic_lr,10,1791528827.1554983,0.0003000000142492354
1,ppo/critic_lr,11,1791528853.7401447,0.0003000000142492354
1,ppo/critic_lr,12,1791528880.7677069,0.0003000000142492354
1,ppo/critic_lr,13,1791528906.8852656,0.0003000000142492354
1,ppo/critic_lr,14,1791528937.724579,0.0003000000142492354
1,ppo/critic_lr,15,1791528965.3835058,0.0003000000142492354
1,ppo/critic_lr,16,1791528995.7178676,0.0003000000142492354
1,ppo/critic_lr,17,1791529021.7843606,0.0003000000142492354
1,ppo/critic_lr,18,1791529052.067351,0.0003000000142492354
1,ppo/critic_lr,19,1791529082.3877861,0.0003000000142492354
1,ppo/critic_lr,20,1791529111.958122,0.0003000000142492354
1,ppo/critic_lr,21,1791529145.3047152,0.0003000000142492354
1,ppo/critic_lr,22,1791529177.346791,0.0003000000142492354
1,ppo/critic_lr,23,1791529203.7110984,0.0003000000142492354
1,ppo/critic_lr,24,1791529234.0282903,0.0003000000142492354
1,ppo/critic_lr,25,1791529260.0885465,0.0003000000142492354
1,ppo/critic_lr,26,1791531648.850163,0.0003000000142492354
1,ppo/critic_lr,27,1791531678.3822794,0.0003000000142492354
1,ppo/critic_lr,28,1791531706.459591,0.0003000000142492354
1,ppo/critic_lr,29,1791531734.7736382,0.0003000000142492354
1,ppo/critic_lr,30,1791531760.940227,0.0003000000142492354
1,ppo/critic_lr,31,1791531788.6090899,0.0003000000142492354
1,ppo/critic_lr,32,1791531815.1909847,0.0003000000142492354
1,ppo/critic_lr,33,1791531845.3758435,0.0003000000142492354
1,ppo/critic_lr,34,1791531872.901688,0.0003000000142492354
1,ppo/critic_lr,35,1791531901.9738164,0.0003000000142492354
1,ppo/critic_lr,36,1791531928.7022111,0.0003000000142492354
1,ppo/critic_lr,37,1791531956.13813,0.0003000000142492354
1,ppo/critic_lr,38,1791531983.0063558,0.0003000000142492354
1,ppo/critic_lr,39,1791532013.4397624,0.0003000000142492354
1,ppo/critic_lr,40,1791532040.1623137,0.0003000000142492354
1,ppo/critic_lr,41,1791532067.9954083,0.0003000000142492354
1,ppo/critic_lr,42,1791532093.662984,0.0003000000142492354
1,ppo/critic_lr,43,1791532119.939255,0.0003000000142492354
1,ppo/critic_lr,44,1791532145.6196542,0.0003000000142492354
1,ppo/critic_lr,45,1791532174.3592358,0.0003000000142492354
1,ppo/critic_lr,46,1791532201.6885045,0.0003000000142492354
1,ppo/critic_lr,47,1791532229.454787,0.0003000000142492354
1,ppo/critic_lr,48,1791532255.5379856,0.0003000000142492354
1,ppo/critic_lr,49,1791532281.8613906,0.0003000000142492354
1,ppo/critic_lr,50,1791532307.6136067,0.0003000000142492354
1,ppo/critic_lr,51,1791532335.122189,0.0003000000142492354
1,ppo/critic_lr,52,1791532364.1195858,0.0003000000142492354
1,ppo/critic_lr,53,1791532392.7262588,0.0003000000142492354
1,ppo/critic_lr,54,1791532421.0419655,0.0003000000142492354
1,ppo/critic_lr,55,1791532448.301613,0.0003000000142492354
1,ppo/critic_lr,56,1791532475.3005786,0.0003000000142492354
1,ppo/critic_lr,57,1791532502.003929,0.0003000000142492354
1,ppo/critic_lr,58,1791532530.041395,0.0003000000142492354
1,ppo/critic_lr,59,1791532557.3269203,0.0003000000142492354
1,ppo/critic_lr,60,1791532584.0600088,0.0003000000142492354
1,ppo/critic_lr,61,1791532611.205032,0.0003000000142492354
1,ppo/critic_lr,62,1791532638.1763973,0.0003000000142492354
1,ppo/critic_lr,63,1791532664.9784873,0.0003000000142492354
1,ppo/critic_lr,64,1791532692.9999068,0.0003000000142492354
1,ppo/critic_lr,65,1791532720.3619142,0.0003000000142492354
1,ppo/critic_lr,66,1791532747.1396728,0.0003000000142492354
1,ppo/critic_lr,67,1791532773.7853124,0.0003000000142492354
1,ppo/critic_lr,68,1791532808.260451,0.0003000000142492354
1,ppo/critic_lr,69,1791532845.1055176,0.0003000000142492354
1,ppo/critic_lr,70,1791532872.6787696,0.0003000000142492354
1,ppo/critic_lr,71,1791532900.2019353,0.0003000000142492354
1,ppo/critic_lr,72,1791532927.8366346,0.0003000000142492354
1,ppo/critic_lr,73,1791532955.0496757,0.0003000000142492354
1,ppo/critic_lr,74,1791532982.2793238,0.0003000000142492354
1,ppo/critic_lr,75,1791533009.133995,0.0003000000142492354
1,ppo/critic_lr,76,1791533036.8966403,0.0003000000142492354
1,ppo/critic_lr,77,1791533064.4897833,0.0003000000142492354
1,ppo/critic_lr,78,1791533092.4582195,0.0003000000142492354
1,ppo/critic_lr,79,1791533124.1829925,0.0003000000142492354
1,ppo/critic_lr,80,1791533150.7830644,0.0003000000142492354
1,ppo/critic_lr,81,1791533181.738499,0.0003000000142492354
1,ppo/critic_lr,82,1791533208.397678,0.0003000000142492354
1,ppo/critic_lr,83,1791533240.2127845,0.0003000000142492354
1,ppo/critic_lr,84,1791533267.381316,0.0003000000142492354
1,ppo/critic_lr,85,1791533299.4467435,0.0003000000142492354
1,ppo/critic_lr,86,1791533330.4103684,0.0003000000142492354
1,ppo/critic_lr,87,1791533357.1259499,0.0003000000142492354
1,ppo/critic_lr,88,1791533387.8731434,0.0003000000142492354
1,ppo/critic_lr,89,1791533414.9630446,0.0003000000142492354
1,ppo/critic_lr,90,1791533446.145818,0.0003000000142492354
1,ppo/critic_lr,91,1791533477.2698727,0.0003000000142492354
1,ppo/critic_lr,92,1791533504.0450063,0.0003000000142492354
1,ppo/critic_lr,93,1791533535.4340901,0.0003000000142492354
1,ppo/critic_lr,94,1791533562.4434104,0.0003000000142492354
1,ppo/critic_lr,95,1791533589.9619086,0.0003000000142492354
1,ppo/critic_lr,96,1791533617.7757936,0.0003000000142492354
1,ppo/critic_lr,97,1791533646.356132,0.0003000000142492354
1,ppo/critic_lr,98,1791533673.6994395,0.0003000000142492354
1,ppo/critic_lr,99,1791533700.893194,0.0003000000142492354
1,ppo/critic_lr,100,1791533728.0132651,0.0003000000142492354
1,ppo/entropy,1,1791528558.9940636,-0.6693122386932373
1,ppo/entropy,2,1791528588.6300957,-0.6705056428909302
1,ppo/entropy,3,1791528617.6853487,-0.6711686253547668
1,ppo/entropy,4,1791528644.3121316,-0.6720264554023743
1,ppo/entropy,5,1791528670.5005946,-0.6725839972496033
1,ppo/entropy,6,1791528700.102299,-0.672735869884491
1,ppo/entropy,7,1791528739.368237,-0.6724826693534851
1,ppo/entropy,8,1791528771.4579759,-0.6723822355270386
1,ppo/entropy,9,1791528799.5715659,-0.6719224452972412
1,ppo/entropy,10,1791528827.1549897,-0.6722932457923889
1,ppo/entropy,11,1791528853.7397041,-0.6730502247810364
1,ppo/entropy,12,1791528880.767089,-0.6741679906845093
1,ppo/entropy,13,1791528906.8849204,-0.6755658984184265
1,ppo/entropy,14,1791528937.7240572,-0.6766788959503174
1,ppo/entropy,15,1791528965.383156,-0.678056001663208
1,ppo/entropy,16,1791528995.7173097,-0.6799134612083435
1,ppo/entropy,17,1791529021.7838058,-0.6799911856651306
1,ppo/entropy,18,1791529052.0669618,-0.680065929889679
1,ppo/entropy,19,1791529082.3873444,-0.6802655458450317
1,ppo/entropy,20,1791529111.9577796,-0.6805070042610168
1,ppo/entropy,21,1791529145.3041937,-0.6812844276428223
1,ppo/entropy,22,1791529177.346299,-0.6825180053710938
1,ppo/entropy,23,1791529203.7106972,-0.6824781894683838
1,ppo/entropy,24,1791529234.0277839,-0.6815598011016846
1,ppo/entropy,25,1791529260.088164,-0.6814614534378052
1,ppo/entropy,26,1791531648.8494704,-0.6816677451133728
1,ppo/entropy,27,1791531678.381575,-0.6823411583900452
1,ppo/entropy,28,1791531706.4528759,-0.6834261417388916
1,ppo/entropy,29,1791531734.772762,-0.6840275526046753
1,ppo/entropy,30,1791531760.9395003,-0.6842224597930908
1,ppo/entropy,31,1791531788.6082892,-0.6850486397743225
1,ppo/entropy,32,1791531815.1900542,-0.685305118560791
1,ppo/entropy,33,1791531845.3747156,-0.6861676573753357
1,ppo/entropy,34,1791531872.9008946,-0.6880655884742737
1,ppo/entropy,35,1791531901.973171,-0.688944935798645
1,ppo/entropy,36,1791531928.7016625,-0.6895743608474731
1,ppo/entropy,37,1791531956.1373785,-0.6907504796981812
1,ppo/entropy,38,1791531983.0060563,-0.6900635957717896
1,ppo/entropy,39,1791532013.4392815,-0.6896490454673767
1,ppo/entropy,40,1791532040.1618826,-0.6902259588241577
1,ppo/entropy,41,1791532067.9949477,-0.690845251083374
1,ppo/entropy,42,1791532093.6624417,-0.6914219856262207
1,ppo/entropy,43,1791532119.938596,-0.6928274631500244
1,ppo/entropy,44,1791532145.6191404,-0.6939738392829895
1,ppo/entropy,45,1791532174.3585997,-0.6946050524711609
1,ppo/entropy,46,1791532201.6876814,-0.6951253414154053
1,ppo/entropy,47,1791532229.4540222,-0.6951662302017212
1,ppo/entropy,48,1791532255.5372891,-0.6952275633811951
1,ppo/entropy,49,1791532281.8609247,-0.6953399181365967
1,ppo/entropy,50,1791532307.612952,-0.6963785886764526
1,ppo/entropy,51,1791532335.1218276,-0.6978781819343567
1,ppo/entropy,52,1791532364.119236,-0.6994965672492981
1,ppo/entropy,53,1791532392.7258034,-0.7003916501998901
1,ppo/entropy,54,1791532421.0413597,-0.7008115649223328
1,ppo/entropy,55,1791532448.301015,-0.7021178007125854
1,ppo/entropy,56,1791532475.2999241,-0.7031016945838928
1,ppo/entropy,57,1791532502.0031352,-0.7034906148910522
1,ppo/entropy,58,1791532530.0410297,-0.7031245827674866
1,ppo/entropy,59,1791532557.3264236,-0.7028243541717529
1,ppo/entropy,60,1791532584.059436,-0.7030578851699829
1,ppo/entropy,61,1791532611.2045057,-0.7033471465110779
1,ppo/entropy,62,1791532638.1493573,-0.7047734260559082
1,ppo/entropy,63,1791532664.9778824,-0.7063055038452148
1,ppo/entropy,64,1791532692.9992392,-0.7082423567771912
1,ppo/entropy,65,1791532720.3611662,-0.7089571952819824
1,ppo/entropy,66,1791532747.139338,-0.7092011570930481
1,ppo/entropy,67,1791532773.7849665,-0.7097870111465454
1,ppo/entropy,68,1791532808.2600005,-0.7100687026977539
1,ppo/entropy,69,1791532845.1050842,-0.7102285623550415
1,ppo/entropy,70,1791532872.6784167,-0.7098221778869629
1,ppo/entropy,71,1791532900.2015727,-0.7096467614173889
1,ppo/entropy,72,1791532927.8360007,-0.7096710205078125
1,ppo/entropy,73,1791532955.0492318,-0.7099838256835938
1,ppo/entropy,74,1791532982.2788672,-0.7106075286865234
1,ppo/entropy,75,1791533009.1335456,-0.7108837366104126
1,ppo/entropy,76,1791533036.8962903,-0.711290717124939
1,ppo/entropy,77,1791533064.4893353,-0.7119163870811462
1,ppo/entropy,78,1791533092.4576948,-0.7134591341018677
1,ppo/entropy,79,1791533124.1826375,-0.7152648568153381
1,ppo/entropy,80,1791533150.7826748,-0.7165071964263916
1,ppo/entropy,81,1791533181.7379014,-0.7169545292854309
1,ppo/entropy,82,1791533208.3968215,-0.7174619436264038
1,ppo/entropy,83,1791533240.2124095,-0.7188761830329895
1,ppo/entropy,84,1791533267.3806827,-0.7190824747085571
1,ppo/entropy,85,1791533299.4462805,-0.7195440530776978
1,ppo/entropy,86,1791533330.4097552,-0.7202686667442322
1,ppo/entropy,87,1791533357.1254253,-0.7215878963470459
1,ppo/entropy,88,1791533387.8725507,-0.7228608131408691
1,ppo/entropy,89,1791533414.962262,-0.7235444784164429
1,ppo/entropy,90,1791533446.1452577,-0.7239606976509094
1,ppo/entropy,91,1791533477.2693422,-0.7240429520606995
1,ppo/entropy,92,1791533504.0445774,-0.7241385579109192
1,ppo/entropy,93,1791533535.4336212,-0.7251436710357666
1,ppo/entropy,94,1791533562.4430394,-0.72632896900177
1,ppo/entropy,95,1791533589.9615798,-0.727487325668335
1,ppo/entropy,96,1791533617.7753336,-0.7290582656860352
1,ppo/entropy,97,1791533646.3557663,-0.7301217913627625
1,ppo/entropy,98,1791533673.698733,-0.7313333749771118
1,ppo/entropy,99,1791533700.892153,-0.7328168153762817
1,ppo/entropy,100,1791533728.0124154,-0.7341326475143433
1,ppo/exact_kl,1,1791528558.9940767,0.002072522882372141
1,ppo/exact_kl,2,1791528588.6301098,0.0025550059508532286
1,ppo/exact_kl,3,1791528617.685362,0.004429260268807411
1,ppo/exact_kl,4,1791528644.3121672,0.004173313267529011
1,ppo/exact_kl,5,1791528670.500608,0.0017182077281177044
1,ppo/exact_kl,6,1791528700.102312,0.0017255754210054874
1,ppo/exact_kl,7,1791528739.3682506,0.0002261834597447887
1,ppo/exact_kl,8,1791528771.4579895,0.0009213477605953813
1,ppo/exact_kl,9,1791528799.571583,0.0031886612996459007
1,ppo/exact_kl,10,1791528827.1550026,0.0024686160031706095
1,ppo/exact_kl,11,1791528853.739718,0.001512838643975556
1,ppo/exact_kl,12,1791528880.767102,0.0016136078629642725
1,ppo/exact_kl,13,1791528906.8849344,0.0009326080908067524
1,ppo/exact_kl,14,1791528937.7240703,0.002925711451098323
1,ppo/exact_kl,15,1791528965.3831697,0.0009556183940730989
1,ppo/exact_kl,16,1791528995.7173293,0.002931049559265375
1,ppo/exact_kl,17,1791529021.7838192,0.0016106346156448126
1,ppo/exact_kl,18,1791529052.0669742,0.002472576219588518
1,ppo/exact_kl,19,1791529082.3873577,0.0018833775538951159
1,ppo/exact_kl,20,1791529111.957793,0.0012108683586120605
1,ppo/exact_kl,21,1791529145.304207,0.0015128501690924168
1,ppo/exact_kl,22,1791529177.3463168,0.0015117181465029716
1,ppo/exact_kl,23,1791529203.7107115,0.0022113556042313576
1,ppo/exact_kl,24,1791529234.0277977,0.0035230922512710094
1,ppo/exact_kl,25,1791529260.0881777,0.00322979805059731
1,ppo/exact_kl,26,1791531648.8494916,0.002730952575802803
1,ppo/exact_kl,27,1791531678.3815887,0.0013550574658438563
1,ppo/exact_kl,28,1791531706.45289,0.00036649557296186686
1,ppo/exact_kl,29,1791531734.7727752,0.0015225217211991549
1,ppo/exact_kl,30,1791531760.939514,0.0020379628986120224
1,ppo/exact_kl,31,1791531788.6083033,0.0037087975069880486
1,ppo/exact_kl,32,1791531815.1900685,0.002456223126500845
1,ppo/exact_kl,33,1791531845.3747294,0.001333165797404945
1,ppo/exact_kl,34,1791531872.9009087,0.002186173340305686
1,ppo/exact_kl,35,1791531901.973185,0.00629773922264576
1,ppo/exact_kl,36,1791531928.7016993,0.004260990768671036
1,ppo/exact_kl,37,1791531956.137393,0.0015199945773929358
1,ppo/exact_kl,38,1791531983.0060709,0.0023475310299545527
1,ppo/exact_kl,39,1791532013.4393022,0.0008105198503471911
1,ppo/exact_kl,40,1791532040.1618962,0.0028782435692846775
1,ppo/exact_kl,41,1791532067.9949625,0.0011745020747184753
1,ppo/exact_kl,42,1791532093.6624646,0.003050673520192504
1,ppo/exact_kl,43,1791532119.938618,0.0033395627979189157
1,ppo/exact_kl,44,1791532145.6191642,0.0040388768538832664
1,ppo/exact_kl,45,1791532174.3586195,0.0016953370068222284
1,ppo/exact_kl,46,1791532201.6876953,0.0005879330565221608
1,ppo/exact_kl,47,1791532229.4540443,0.0005381170194596052
1,ppo/exact_kl,48,1791532255.5373046,0.004368956200778484
1,ppo/exact_kl,49,1791532281.860947,0.00480642868205905
1,ppo/exact_kl,50,1791532307.6129658,0.003445065813139081
1,ppo/exact_kl,51,1791532335.1218417,0.0013667463790625334
1,ppo/exact_kl,52,1791532364.11925,0.0018067869823426008
1,ppo/exact_kl,53,1791532392.7258177,0.0013783964095637202
1,ppo/exact_kl,54,1791532421.0413723,0.005084052681922913
1,ppo/exact_kl,55,1791532448.3010278,0.0030949367210268974
1,ppo/exact_kl,56,1791532475.2999382,0.003072235733270645
1,ppo/exact_kl,57,1791532502.003149,0.004230875056236982
1,ppo/exact_kl,58,1791532530.041043,0.0040835728868842125
1,ppo/exact_kl,59,1791532557.3264372,0.0023119612596929073
1,ppo/exact_kl,60,1791532584.0594497,0.0034084662329405546
1,ppo/exact_kl,61,1791532611.20452,0.002976474352180958
1,ppo/exact_kl,62,1791532638.1761405,0.007717405445873737
1,ppo/exact_kl,63,1791532664.977896,0.002192152664065361
1,ppo/exact_kl,64,1791532692.9992528,0.007901236414909363
1,ppo/exact_kl,65,1791532720.361181,0.0026376224122941494
1,ppo/exact_kl,66,1791532747.1393516,0.0029347999952733517
1,ppo/exact_kl,67,1791532773.784979,0.01190793514251709
1,ppo/exact_kl,68,1791532808.260015,0.013080972246825695
1,ppo/exact_kl,69,1791532845.1050985,0.0027472064830362797
1,ppo/exact_kl,70,1791532872.6784308,0.014146185480058193
1,ppo/exact_kl,71,1791532900.2015874,0.0015355193754658103
1,ppo/exact_kl,72,1791532927.8360217,0.0017410143045708537
1,ppo/exact_kl,73,1791532955.0492556,0.003066085511818528
1,ppo/exact_kl,74,1791532982.2788813,0.0051598986610770226
1,ppo/exact_kl,75,1791533009.1335595,0.0018745334818959236
1,ppo/exact_kl,76,1791533036.8963048,0.0023925842251628637
1,ppo/exact_kl,77,1791533064.4893498,0.002776398789137602
1,ppo/exact_kl,78,1791533092.4577143,0.0007521237130276859
1,ppo/exact_kl,79,1791533124.182651,0.002911775838583708
1,ppo/exact_kl,80,1791533150.7826889,0.003434170037508011
1,ppo/exact_kl,81,1791533181.7379465,0.0013742290902882814
1,ppo/exact_kl,82,1791533208.3968358,0.0022263156715780497
1,ppo/exact_kl,83,1791533240.212424,0.0016560121439397335
1,ppo/exact_kl,84,1791533267.380698,0.0010142301907762885
1,ppo/exact_kl,85,1791533299.4462948,0.0047318595461547375
1,ppo/exact_kl,86,1791533330.4097688,0.0004753379325848073
1,ppo/exact_kl,87,1791533357.1254396,0.003888309234753251
1,ppo/exact_kl,88,1791533387.8725939,0.0002933656796813011
1,ppo/exact_kl,89,1791533414.9622753,0.003655723761767149
1,ppo/exact_kl,90,1791533446.1452718,0.0012226682156324387
1,ppo/exact_kl,91,1791533477.2693555,0.0025577794294804335
1,ppo/exact_kl,92,1791533504.0445917,0.0022271086927503347
1,ppo/exact_kl,93,1791533535.4336348,0.004154087044298649
1,ppo/exact_kl,94,1791533562.4430528,0.002368055982515216
1,ppo/exact_kl,95,1791533589.9615936,0.0039272615686059
1,ppo/exact_kl,96,1791533617.7753475,0.0017127987230196595
1,ppo/exact_kl,97,1791533646.3557806,0.005396233405917883
1,ppo/exact_kl,98,1791533673.6987474,0.003163052722811699
1,ppo/exact_kl,99,1791533700.8921673,0.001720078638754785
1,ppo/exact_kl,100,1791533728.0124488,0.00021079598809592426
1,ppo/hard_kl_stop,1,1791528558.9950573,0.0
1,ppo/hard_kl_stop,2,1791528588.6309555,0.0
1,ppo/hard_kl_stop,3,1791528617.6860425,0.0
1,ppo/hard_kl_stop,4,1791528644.3129056,0.0
1,ppo/hard_kl_stop,5,1791528670.501358,0.0
1,ppo/hard_kl_stop,6,1791528700.1029034,0.0
1,ppo/hard_kl_stop,7,1791528739.3687265,0.0
1,ppo/hard_kl_stop,8,1791528771.4584248,0.0
1,ppo/hard_kl_stop,9,1791528799.5718496,0.0
1,ppo/hard_kl_stop,10,1791528827.1554346,0.0
1,ppo/hard_kl_stop,11,1791528853.7399974,0.0
1,ppo/hard_kl_stop,12,1791528880.7676468,0.0
1,ppo/hard_kl_stop,13,1791528906.885254,0.0
1,ppo/hard_kl_stop,14,1791528937.724564,0.0
1,ppo/hard_kl_stop,15,1791528965.3834422,0.0
1,ppo/hard_kl_stop,16,1791528995.717736,0.0
1,ppo/hard_kl_stop,17,1791529021.7843168,0.0
1,ppo/hard_kl_stop,18,1791529052.0671864,0.0
1,ppo/hard_kl_stop,19,1791529082.3876579,0.0
1,ppo/hard_kl_stop,20,1791529111.9580648,0.0
1,ppo/hard_kl_stop,21,1791529145.304537,0.0
1,ppo/hard_kl_stop,22,1791529177.3467772,0.0
1,ppo/hard_kl_stop,23,1791529203.7109375,0.0
1,ppo/hard_kl_stop,24,1791529234.0282786,0.0
1,ppo/hard_kl_stop,25,1791529260.0884092,0.0
1,ppo/hard_kl_stop,26,1791531648.850109,0.0
1,ppo/hard_kl_stop,27,1791531678.3822672,0.0
1,ppo/hard_kl_stop,28,1791531706.4531538,0.0
1,ppo/hard_kl_stop,29,1791531734.7735424,0.0
1,ppo/hard_kl_stop,30,1791531760.9400785,0.0
1,ppo/hard_kl_stop,31,1791531788.608968,0.0
1,ppo/hard_kl_stop,32,1791531815.190754,0.0
1,ppo/hard_kl_stop,33,1791531845.375564,0.0
1,ppo/hard_kl_stop,34,1791531872.9015572,0.0
1,ppo/hard_kl_stop,35,1791531901.9737236,0.0
1,ppo/hard_kl_stop,36,1791531928.702072,0.0
1,ppo/hard_kl_stop,37,1791531956.1380687,0.0
1,ppo/hard_kl_stop,38,1791531983.0063,0.0
1,ppo/hard_kl_stop,39,1791532013.439705,0.0
1,ppo/hard_kl_stop,40,1791532040.162287,0.0
1,ppo/hard_kl_stop,41,1791532067.9952362,0.0
1,ppo/hard_kl_stop,42,1791532093.662972,0.0
1,ppo/hard_kl_stop,43,1791532119.9391053,0.0
1,ppo/hard_kl_stop,44,1791532145.6195972,0.0
1,ppo/hard_kl_stop,45,1791532174.3592167,0.0
1,ppo/hard_kl_stop,46,1791532201.688483,0.0
1,ppo/hard_kl_stop,47,1791532229.4545603,0.0
1,ppo/hard_kl_stop,48,1791532255.5378313,0.0
1,ppo/hard_kl_stop,49,1791532281.8612556,0.0
1,ppo/hard_kl_stop,50,1791532307.6135385,0.0
1,ppo/hard_kl_stop,51,1791532335.1221688,0.0
1,ppo/hard_kl_stop,52,1791532364.11953,0.0
1,ppo/hard_kl_stop,53,1791532392.726087,0.0
1,ppo/hard_kl_stop,54,1791532421.0417979,0.0
1,ppo/hard_kl_stop,55,1791532448.3016005,0.0
1,ppo/hard_kl_stop,56,1791532475.3005157,0.0
1,ppo/hard_kl_stop,57,1791532502.0036883,0.0
1,ppo/hard_kl_stop,58,1791532530.0413387,0.0
1,ppo/hard_kl_stop,59,1791532557.326908,0.0
1,ppo/hard_kl_stop,60,1791532584.0599482,0.0
1,ppo/hard_kl_stop,61,1791532611.20485,0.0
1,ppo/hard_kl_stop,62,1791532638.1763415,0.0
1,ppo/hard_kl_stop,63,1791532664.9784744,0.0
1,ppo/hard_kl_stop,64,1791532692.999895,0.0
1,ppo/hard_kl_stop,65,1791532720.3616967,0.0
1,ppo/hard_kl_stop,66,1791532747.139661,0.0
1,ppo/hard_kl_stop,67,1791532773.7852705,0.0
1,ppo/hard_kl_stop,68,1791532808.2603004,0.0
1,ppo/hard_kl_stop,69,1791532845.1053815,0.0
1,ppo/hard_kl_stop,70,1791532872.6787577,0.0
1,ppo/hard_kl_stop,71,1791532900.2018793,0.0
1,ppo/hard_kl_stop,72,1791532927.8365016,0.0
1,ppo/hard_kl_stop,73,1791532955.0496185,0.0
1,ppo/hard_kl_stop,74,1791532982.2792509,0.0
1,ppo/hard_kl_stop,75,1791533009.1338737,0.0
1,ppo/hard_kl_stop,76,1791533036.8966286,0.0
1,ppo/hard_kl_stop,77,1791533064.489769,0.0
1,ppo/hard_kl_stop,78,1791533092.4579914,0.0
1,ppo/hard_kl_stop,79,1791533124.182952,0.0
1,ppo/hard_kl_stop,80,1791533150.783008,0.0
1,ppo/hard_kl_stop,81,1791533181.7384872,0.0
1,ppo/hard_kl_stop,82,1791533208.3975215,0.0
1,ppo/hard_kl_stop,83,1791533240.2127285,0.0
1,ppo/hard_kl_stop,84,1791533267.381304,0.0
1,ppo/hard_kl_stop,85,1791533299.4467316,0.0
1,ppo/hard_kl_stop,86,1791533330.410304,0.0
1,ppo/hard_kl_stop,87,1791533357.125814,0.0
1,ppo/hard_kl_stop,88,1791533387.873122,0.0
1,ppo/hard_kl_stop,89,1791533414.962983,0.0
1,ppo/hard_kl_stop,90,1791533446.145661,0.0
1,ppo/hard_kl_stop,91,1791533477.2697437,0.0
1,ppo/hard_kl_stop,92,1791533504.0449946,0.0
1,ppo/hard_kl_stop,93,1791533535.4340491,0.0
1,ppo/hard_kl_stop,94,1791533562.4433467,0.0
1,ppo/hard_kl_stop,95,1791533589.9618466,0.0
1,ppo/hard_kl_stop,96,1791533617.775725,0.0
1,ppo/hard_kl_stop,97,1791533646.3561175,0.0
1,ppo/hard_kl_stop,98,1791533673.6994195,0.0
1,ppo/hard_kl_stop,99,1791533700.893024,0.0
1,ppo/hard_kl_stop,100,1791533728.013065,0.0
1,ppo/mean_kl,1,1791528558.9940736,0.002072522882372141
1,ppo/mean_kl,2,1791528588.6301062,0.0025550059508532286
1,ppo/mean_kl,3,1791528617.6853585,0.004429260268807411
1,ppo/mean_kl,4,1791528644.3121638,0.004173313267529011
1,ppo/mean_kl,5,1791528670.5006049,0.0017182077281177044
1,ppo/mean_kl,6,1791528700.1023088,0.0017255754210054874
1,ppo/mean_kl,7,1791528739.3682473,0.0002261834597447887
1,ppo/mean_kl,8,1791528771.457986,0.0009213477605953813
1,ppo/mean_kl,9,1791528799.5715792,0.0031886612996459007
1,ppo/mean_kl,10,1791528827.1549995,0.0024686160031706095
1,ppo/mean_kl,11,1791528853.7397144,0.001512838643975556
1,ppo/mean_kl,12,1791528880.7670987,0.0016136078629642725
1,ppo/mean_kl,13,1791528906.884931,0.0009326080908067524
1,ppo/mean_kl,14,1791528937.7240672,0.002925711451098323
1,ppo/mean_kl,15,1791528965.3831658,0.0009556183940730989
1,ppo/mean_kl,16,1791528995.717326,0.002931049559265375
1,ppo/mean_kl,17,1791529021.7838159,0.0016106346156448126
1,ppo/mean_kl,18,1791529052.066971,0.002472576219588518
1,ppo/mean_kl,19,1791529082.3873541,0.0018833775538951159
1,ppo/mean_kl,20,1791529111.95779,0.0012108683586120605
1,ppo/mean_kl,21,1791529145.3042037,0.0015128501690924168
1,ppo/mean_kl,22,1791529177.3463106,0.0015117181465029716
1,ppo/mean_kl,23,1791529203.7107081,0.0022113556042313576
1,ppo/mean_kl,24,1791529234.0277944,0.0035230922512710094
1,ppo/mean_kl,25,1791529260.088174,0.00322979805059731
1,ppo/mean_kl,26,1791531648.8494885,0.002730952575802803
1,ppo/mean_kl,27,1791531678.3815854,0.0013550574658438563
1,ppo/mean_kl,28,1791531706.4528866,0.00036649557296186686
1,ppo/mean_kl,29,1791531734.772772,0.0015225217211991549
1,ppo/mean_kl,30,1791531760.9395106,0.0020379628986120224
1,ppo/mean_kl,31,1791531788.6082997,0.0037087975069880486
1,ppo/mean_kl,32,1791531815.1900651,0.002456223126500845
1,ppo/mean_kl,33,1791531845.3747258,0.001333165797404945
1,ppo/mean_kl,34,1791531872.9009054,0.002186173340305686
1,ppo/mean_kl,35,1791531901.9731815,0.00629773922264576
1,ppo/mean_kl,36,1791531928.7016957,0.004260990768671036
1,ppo/mean_kl,37,1791531956.1373897,0.0015199945773929358
1,ppo/mean_kl,38,1791531983.006067,0.0023475310299545527
1,ppo/mean_kl,39,1791532013.4392989,0.0008105198503471911
1,ppo/mean_kl,40,1791532040.161893,0.0028782435692846775
1,ppo/mean_kl,41,1791532067.9949584,0.0011745020747184753
1,ppo/mean_kl,42,1791532093.662461,0.003050673520192504
1,ppo/mean_kl,43,1791532119.9386144,0.0033395627979189157
1,ppo/mean_kl,44,1791532145.6191607,0.0040388768538832664
1,ppo/mean_kl,45,1791532174.358616,0.0016953370068222284
1,ppo/mean_kl,46,1791532201.6876917,0.0005879330565221608
1,ppo/mean_kl,47,1791532229.454041,0.0005381170194596052
1,ppo/mean_kl,48,1791532255.537301,0.004368956200778484
1,ppo/mean_kl,49,1791532281.8609433,0.00480642868205905
1,ppo/mean_kl,50,1791532307.6129622,0.003445065813139081
1,ppo/mean_kl,51,1791532335.1218379,0.0013667463790625334
1,ppo/mean_kl,52,1791532364.119247,0.0018067869823426008
1,ppo/mean_kl,53,1791532392.7258143,0.0013783964095637202
1,ppo/mean_kl,54,1791532421.0413694,0.005084052681922913
1,ppo/mean_kl,55,1791532448.3010247,0.0030949367210268974
1,ppo/mean_kl,56,1791532475.2999346,0.003072235733270645
1,ppo/mean_kl,57,1791532502.0031457,0.004230875056236982
1,ppo/mean_kl,58,1791532530.04104,0.0040835728868842125
1,ppo/mean_kl,59,1791532557.326434,0.0023119612596929073
1,ppo/mean_kl,60,1791532584.0594466,0.0034084662329405546
1,ppo/mean_kl,61,1791532611.2045164,0.002976474352180958
1,ppo/mean_kl,62,1791532638.1493673,0.007717405445873737
1,ppo/mean_kl,63,1791532664.9778929,0.002192152664065361
1,ppo/mean_kl,64,1791532692.9992492,0.007901236414909363
1,ppo/mean_kl,65,1791532720.3611765,0.0026376224122941494
1,ppo/mean_kl,66,1791532747.1393483,0.0029347999952733517
1,ppo/mean_kl,67,1791532773.7849762,0.01190793514251709
1,ppo/mean_kl,68,1791532808.2600114,0.013080972246825695
1,ppo/mean_kl,69,1791532845.105095,0.0027472064830362797
1,ppo/mean_kl,70,1791532872.6784275,0.014146185480058193
1,ppo/mean_kl,71,1791532900.2015839,0.0015355193754658103
1,ppo/mean_kl,72,1791532927.8360183,0.0017410143045708537
1,ppo/mean_kl,73,1791532955.049252,0.003066085511818528
1,ppo/mean_kl,74,1791532982.2788777,0.0051598986610770226
1,ppo/mean_kl,75,1791533009.1335561,0.0018745334818959236
1,ppo/mean_kl,76,1791533036.8963013,0.0023925842251628637
1,ppo/mean_kl,77,1791533064.4893465,0.002776398789137602
1,ppo/mean_kl,78,1791533092.4577107,0.0007521237130276859
1,ppo/mean_kl,79,1791533124.1826477,0.002911775838583708
1,ppo/mean_kl,80,1791533150.7826853,0.003434170037508011
1,ppo/mean_kl,81,1791533181.737943,0.0013742290902882814
1,ppo/mean_kl,82,1791533208.3968322,0.0022263156715780497
1,ppo/mean_kl,83,1791533240.21242,0.0016560121439397335
1,ppo/mean_kl,84,1791533267.3806927,0.0010142301907762885
1,ppo/mean_kl,85,1791533299.446291,0.0047318595461547375
1,ppo/mean_kl,86,1791533330.4097655,0.0004753379325848073
1,ppo/mean_kl,87,1791533357.125436,0.003888309234753251
1,ppo/mean_kl,88,1791533387.8725886,0.0002933656796813011
1,ppo/mean_kl,89,1791533414.962272,0.003655723761767149
1,ppo/mean_kl,90,1791533446.1452682,0.0012226682156324387
1,ppo/mean_kl,91,1791533477.2693522,0.0025577794294804335
1,ppo/mean_kl,92,1791533504.044588,0.0022271086927503347
1,ppo/mean_kl,93,1791533535.4336312,0.004154087044298649
1,ppo/mean_kl,94,1791533562.4430494,0.002368055982515216
1,ppo/mean_kl,95,1791533589.9615903,0.0039272615686059
1,ppo/mean_kl,96,1791533617.775344,0.0017127987230196595
1,ppo/mean_kl,97,1791533646.355777,0.005396233405917883
1,ppo/mean_kl,98,1791533673.6987438,0.003163052722811699
1,ppo/mean_kl,99,1791533700.8921638,0.001720078638754785
1,ppo/mean_kl,100,1791533728.0124454,0.00021079598809592426
1,ppo/nonfinite_stop,1,1791528558.9950893,0.0
1,ppo/nonfinite_stop,2,1791528588.6310985,0.0
1,ppo/nonfinite_stop,3,1791528617.6861808,0.0
1,ppo/nonfinite_stop,4,1791528644.3129091,0.0
1,ppo/nonfinite_stop,5,1791528670.5013666,0.0
1,ppo/nonfinite_stop,6,1791528700.102908,0.0
1,ppo/nonfinite_stop,7,1791528739.3687353,0.0
1,ppo/nonfinite_stop,8,1791528771.4584289,0.0
1,ppo/nonfinite_stop,9,1791528799.5718699,0.0
1,ppo/nonfinite_stop,10,1791528827.1554549,0.0
1,ppo/nonfinite_stop,11,1791528853.7400005,0.0
1,ppo/nonfinite_stop,12,1791528880.767665,0.0
1,ppo/nonfinite_stop,13,1791528906.8852572,0.0
1,ppo/nonfinite_stop,14,1791528937.7245703,0.0
1,ppo/nonfinite_stop,15,1791528965.3834631,0.0
1,ppo/nonfinite_stop,16,1791528995.717739,0.0
1,ppo/nonfinite_stop,17,1791529021.7843204,0.0
1,ppo/nonfinite_stop,18,1791529052.0672138,0.0
1,ppo/nonfinite_stop,19,1791529082.387661,0.0
1,ppo/nonfinite_stop,20,1791529111.958068,0.0
1,ppo/nonfinite_stop,21,1791529145.304699,0.0
1,ppo/nonfinite_stop,22,1791529177.3467817,0.0
1,ppo/nonfinite_stop,23,1791529203.7110813,0.0
1,ppo/nonfinite_stop,24,1791529234.028282,0.0
1,ppo/nonfinite_stop,25,1791529260.0884125,0.0
1,ppo/nonfinite_stop,26,1791531648.8501265,0.0
1,ppo/nonfinite_stop,27,1791531678.3822708,0.0
1,ppo/nonfinite_stop,28,1791531706.4595385,0.0
1,ppo/nonfinite_stop,29,1791531734.7735665,0.0
1,ppo/nonfinite_stop,30,1791531760.940087,0.0
1,ppo/nonfinite_stop,31,1791531788.6089718,0.0
1,ppo/nonfinite_stop,32,1791531815.1908884,0.0
1,ppo/nonfinite_stop,33,1791531845.3758273,0.0
1,ppo/nonfinite_stop,34,1791531872.9015605,0.0
1,ppo/nonfinite_stop,35,1791531901.9737544,0.0
1,ppo/nonfinite_stop,36,1791531928.7020752,0.0
1,ppo/nonfinite_stop,37,1791531956.13809,0.0
1,ppo/nonfinite_stop,38,1791531983.0063186,0.0
1,ppo/nonfinite_stop,39,1791532013.4397247,0.0
1,ppo/nonfinite_stop,40,1791532040.1622903,0.0
1,ppo/nonfinite_stop,41,1791532067.9952393,0.0
1,ppo/nonfinite_stop,42,1791532093.662975,0.0
1,ppo/nonfinite_stop,43,1791532119.9391086,0.0
1,ppo/nonfinite_stop,44,1791532145.6196153,0.0
1,ppo/nonfinite_stop,45,1791532174.3592224,0.0
1,ppo/nonfinite_stop,46,1791532201.688492,0.0
1,ppo/nonfinite_stop,47,1791532229.4545636,0.0
1,ppo/nonfinite_stop,48,1791532255.537944,0.0
1,ppo/nonfinite_stop,49,1791532281.8612587,0.0
1,ppo/nonfinite_stop,50,1791532307.613557,0.0
1,ppo/nonfinite_stop,51,1791532335.1221774,0.0
1,ppo/nonfinite_stop,52,1791532364.1195471,0.0
1,ppo/nonfinite_stop,53,1791532392.7262416,0.0
1,ppo/nonfinite_stop,54,1791532421.0418007,0.0
1,ppo/nonfinite_stop,55,1791532448.301604,0.0
1,ppo/nonfinite_stop,56,1791532475.300535,0.0
1,ppo/nonfinite_stop,57,1791532502.003795,0.0
1,ppo/nonfinite_stop,58,1791532530.0413573,0.0
1,ppo/nonfinite_stop,59,1791532557.3269117,0.0
1,ppo/nonfinite_stop,60,1791532584.0599694,0.0
1,ppo/nonfinite_stop,61,1791532611.204853,0.0
1,ppo/nonfinite_stop,62,1791532638.1763597,0.0
1,ppo/nonfinite_stop,63,1791532664.9784784,0.0
1,ppo/nonfinite_stop,64,1791532692.9998984,0.0
1,ppo/nonfinite_stop,65,1791532720.3618975,0.0
1,ppo/nonfinite_stop,66,1791532747.1396642,0.0
1,ppo/nonfinite_stop,67,1791532773.7852736,0.0
1,ppo/nonfinite_stop,68,1791532808.2603035,0.0
1,ppo/nonfinite_stop,69,1791532845.1053843,0.0
1,ppo/nonfinite_stop,70,1791532872.678761,0.0
1,ppo/nonfinite_stop,71,1791532900.2018974,0.0
1,ppo/nonfinite_stop,72,1791532927.836505,0.0
1,ppo/nonfinite_stop,73,1791532955.049636,0.0
1,ppo/nonfinite_stop,74,1791532982.2792544,0.0
1,ppo/nonfinite_stop,75,1791533009.1339784,0.0
1,ppo/nonfinite_stop,76,1791533036.8966317,0.0
1,ppo/nonfinite_stop,77,1791533064.4897735,0.0
1,ppo/nonfinite_stop,78,1791533092.4579942,0.0
1,ppo/nonfinite_stop,79,1791533124.182955,0.0
1,ppo/nonfinite_stop,80,1791533150.7830274,0.0
1,ppo/nonfinite_stop,81,1791533181.7384903,0.0
1,ppo/nonfinite_stop,82,1791533208.3976607,0.0
1,ppo/nonfinite_stop,83,1791533240.2127461,0.0
1,ppo/nonfinite_stop,84,1791533267.3813074,0.0
1,ppo/nonfinite_stop,85,1791533299.4467351,0.0
1,ppo/nonfinite_stop,86,1791533330.4103236,0.0
1,ppo/nonfinite_stop,87,1791533357.1258173,0.0
1,ppo/nonfinite_stop,88,1791533387.873131,0.0
1,ppo/nonfinite_stop,89,1791533414.9630065,0.0
1,ppo/nonfinite_stop,90,1791533446.145665,0.0
1,ppo/nonfinite_stop,91,1791533477.2697468,0.0
1,ppo/nonfinite_stop,92,1791533504.0449977,0.0
1,ppo/nonfinite_stop,93,1791533535.434052,0.0
1,ppo/nonfinite_stop,94,1791533562.4433672,0.0
1,ppo/nonfinite_stop,95,1791533589.9618661,0.0
1,ppo/nonfinite_stop,96,1791533617.7757547,0.0
1,ppo/nonfinite_stop,97,1791533646.3561223,0.0
1,ppo/nonfinite_stop,98,1791533673.6994278,0.0
1,ppo/nonfinite_stop,99,1791533700.8930278,0.0
1,ppo/nonfinite_stop,100,1791533728.0132484,0.0
1,ppo/surrogate,1,1791528558.9940603,-0.0002614659024402499
1,ppo/surrogate,2,1791528588.6300921,-0.0004939250065945089
1,ppo/surrogate,3,1791528617.685345,-0.0007519966457039118
1,ppo/surrogate,4,1791528644.3121278,-0.00014380419452209026
1,ppo/surrogate,5,1791528670.5005906,-0.000234837134485133
1,ppo/surrogate,6,1791528700.1022954,-6.54879113426432e-06
1,ppo/surrogate,7,1791528739.3682334,1.954342587850988e-05
1,ppo/surrogate,8,1791528771.4579725,-0.00048228329978883266
1,ppo/surrogate,9,1791528799.5715623,-0.00018760768580250442
1,ppo/surrogate,10,1791528827.1549864,-7.26997313904576e-05
1,ppo/surrogate,11,1791528853.7397003,-9.01368839549832e-05
1,ppo/surrogate,12,1791528880.7670853,-0.00040526443626731634
1,ppo/surrogate,13,1791528906.8849168,-0.00017211718659382313
1,ppo/surrogate,14,1791528937.7240536,-0.0001530102890683338
1,ppo/surrogate,15,1791528965.3831527,-0.0005617126007564366
1,ppo/surrogate,16,1791528995.7173042,-0.00026290566893294454
1,ppo/surrogate,17,1791529021.7838025,-0.000249997538048774
1,ppo/surrogate,18,1791529052.0669582,-0.0001270344655495137
1,ppo/surrogate,19,1791529082.3873408,-0.00011525546142365783
1,ppo/surrogate,20,1791529111.957776,-3.355903027113527e-05
1,ppo/surrogate,21,1791529145.30419,-0.00027328848955221474
1,ppo/surrogate,22,1791529177.3462954,-0.00017675221897661686
1,ppo/surrogate,23,1791529203.7106931,-0.00014950588229112327
1,ppo/surrogate,24,1791529234.0277803,-0.0004627470625564456
1,ppo/surrogate,25,1791529260.0881605,-0.0003780721453949809
1,ppo/surrogate,26,1791531648.849466,-0.00027415796648710966
1,ppo/surrogate,27,1791531678.3815715,-0.0004977424978278577
1,ppo/surrogate,28,1791531706.4528723,-4.99526722705923e-05
1,ppo/surrogate,29,1791531734.7727585,-0.00017170565843116492
1,ppo/surrogate,30,1791531760.9394965,-0.00019161391537636518
1,ppo/surrogate,31,1791531788.6082857,-0.0003589429834391922
1,ppo/surrogate,32,1791531815.1900506,-0.00014133403601590544
1,ppo/surrogate,33,1791531845.3747118,-0.000669812667183578
1,ppo/surrogate,34,1791531872.9008908,-0.0002938571269623935
1,ppo/surrogate,35,1791531901.9731672,-0.0007181904511526227
1,ppo/surrogate,36,1791531928.701659,-0.0005240039899945259
1,ppo/surrogate,37,1791531956.1373744,-8.7530686869286e-05
1,ppo/surrogate,38,1791531983.0060523,-0.00019335707474965602
1,ppo/surrogate,39,1791532013.4392776,-0.00021151112741790712
1,ppo/surrogate,40,1791532040.1618788,-0.0004745888290926814
1,ppo/surrogate,41,1791532067.9949439,-0.0001999132364289835
1,ppo/surrogate,42,1791532093.6624362,-6.885507900733501e-05
1,ppo/surrogate,43,1791532119.9385903,-0.000294673751341179
1,ppo/surrogate,44,1791532145.6191368,-0.00030790892196819186
1,ppo/surrogate,45,1791532174.358596,-0.00040843128226697445
1,ppo/surrogate,46,1791532201.6876779,-0.000180008850293234
1,ppo/surrogate,47,1791532229.4540186,5.632129614241421e-06
1,ppo/surrogate,48,1791532255.5372856,-0.0005663094343617558
1,ppo/surrogate,49,1791532281.8609214,-0.0005652713007293642
1,ppo/surrogate,50,1791532307.6129484,-0.00044750410597771406
1,ppo/surrogate,51,1791532335.1218238,-0.00034972792491316795
1,ppo/surrogate,52,1791532364.1192324,-0.00028552109142765403
1,ppo/surrogate,53,1791532392.7257998,-0.00012372879427857697
1,ppo/surrogate,54,1791532421.041356,-0.0007617233786731958
1,ppo/surrogate,55,1791532448.3010108,-0.0006022335146553814
1,ppo/surrogate,56,1791532475.2999203,-0.00046538232709281147
1,ppo/surrogate,57,1791532502.0031316,-0.00035945227136835456
1,ppo/surrogate,58,1791532530.0410259,-0.0004220058908686042
1,ppo/surrogate,59,1791532557.3264194,-0.0004261148860678077
1,ppo/surrogate,60,1791532584.059432,-0.0005978200351819396
1,ppo/surrogate,61,1791532611.204501,-0.0003833796363323927
1,ppo/surrogate,62,1791532638.1493535,6.634713645325974e-05
1,ppo/surrogate,63,1791532664.9778788,2.6647881895769387e-05
1,ppo/surrogate,64,1791532692.9992354,-0.00026170630007982254
1,ppo/surrogate,65,1791532720.3611624,-0.00019056766177527606
1,ppo/surrogate,66,1791532747.1393342,-0.00044506791164167225
1,ppo/surrogate,67,1791532773.784963,-0.0003420616267248988
1,ppo/surrogate,68,1791532808.2599967,-0.00019734707893803716
1,ppo/surrogate,69,1791532845.10508,7.118345820344985e-05
1,ppo/surrogate,70,1791532872.6784124,0.0015059557044878602
1,ppo/surrogate,71,1791532900.2015655,-0.00032233711681328714
1,ppo/surrogate,72,1791532927.8359973,-0.0002882827538996935
1,ppo/surrogate,73,1791532955.0492282,-0.00028823420871049166
1,ppo/surrogate,74,1791532982.2788637,-0.000290952913928777
1,ppo/surrogate,75,1791533009.1335418,-0.00011599834397202358
1,ppo/surrogate,76,1791533036.8962865,-0.0002541725698392838
1,ppo/surrogate,77,1791533064.4893317,-0.0005229845410212874
1,ppo/surrogate,78,1791533092.4576914,-0.0002719579788390547
1,ppo/surrogate,79,1791533124.1826339,0.00021689572895411402
1,ppo/surrogate,80,1791533150.7826712,0.0003421743167564273
1,ppo/surrogate,81,1791533181.7378979,-0.00027344300178810954
1,ppo/surrogate,82,1791533208.3968174,-0.0004129796288907528
1,ppo/surrogate,83,1791533240.2124062,-0.0004824676434509456
1,ppo/surrogate,84,1791533267.380679,-0.000123338628327474
1,ppo/surrogate,85,1791533299.4462767,4.491827348829247e-05
1,ppo/surrogate,86,1791533330.409752,-9.309599408879876e-05
1,ppo/surrogate,87,1791533357.1254215,-0.00026256422279402614
1,ppo/surrogate,88,1791533387.8725471,7.817580626579002e-05
1,ppo/surrogate,89,1791533414.9622583,-0.00019884707580786198
1,ppo/surrogate,90,1791533446.1452544,-6.974277494009584e-05
1,ppo/surrogate,91,1791533477.2693388,3.15266297548078e-05
1,ppo/surrogate,92,1791533504.0445735,-0.0001237483520526439
1,ppo/surrogate,93,1791533535.4336174,0.00016891452833078802
1,ppo/surrogate,94,1791533562.4430358,-6.680667866021395e-05
1,ppo/surrogate,95,1791533589.9615757,-0.0003864957543555647
1,ppo/surrogate,96,1791533617.77533,-0.0004879030166193843
1,ppo/surrogate,97,1791533646.3557622,-0.00048570206854492426
1,ppo/surrogate,98,1791533673.698729,-0.0005495900404639542
1,ppo/surrogate,99,1791533700.8921492,-0.00016816076822578907
1,ppo/surrogate,100,1791533728.0124116,-8.661666652187705e-05
1,ppo/temporal,1,1791528558.9940503,0.0
1,ppo/temporal,2,1791528588.6300812,0.0
1,ppo/temporal,3,1791528617.685335,0.0
1,ppo/temporal,4,1791528644.3121178,0.0
1,ppo/temporal,5,1791528670.5005803,0.0
1,ppo/temporal,6,1791528700.102285,0.0
1,ppo/temporal,7,1791528739.368224,0.0
1,ppo/temporal,8,1791528771.457963,0.0
1,ppo/temporal,9,1791528799.5715513,0.0
1,ppo/temporal,10,1791528827.1549745,0.0
1,ppo/temporal,11,1791528853.7396903,0.0
1,ppo/temporal,12,1791528880.767075,0.0
1,ppo/temporal,13,1791528906.884907,0.0
1,ppo/temporal,14,1791528937.7240434,0.0
1,ppo/temporal,15,1791528965.3831408,0.0
1,ppo/temporal,16,1791528995.7172945,0.0
1,ppo/temporal,17,1791529021.7837927,0.0
1,ppo/temporal,18,1791529052.066948,0.0
1,ppo/temporal,19,1791529082.3873305,0.0
1,ppo/temporal,20,1791529111.9577658,0.0
1,ppo/temporal,21,1791529145.3041801,0.0
1,ppo/temporal,22,1791529177.3462853,1.033330435107338e-10
1,ppo/temporal,23,1791529203.7106822,1.8887399977352004e-10
1,ppo/temporal,24,1791529234.0277705,2.2441690172847473e-10
1,ppo/temporal,25,1791529260.0881507,1.993716997050754e-10
1,ppo/temporal,26,1791531648.8494558,2.205056759407853e-08
1,ppo/temporal,27,1791531678.3815567,3.144303040159002e-09
1,ppo/temporal,28,1791531706.4528625,4.372251893869361e-09
1,ppo/temporal,29,1791531734.7727487,4.328452707369479e-09
1,ppo/temporal,30,1791531760.9394863,5.827481608378093e-09
1,ppo/temporal,31,1791531788.6082754,6.881405667513718e-09
1,ppo/temporal,32,1791531815.1900408,8.486728120260523e-08
1,ppo/temporal,33,1791531845.3747017,7.689776815311689e-09
1,ppo/temporal,34,1791531872.9008803,5.761795041081541e-09
1,ppo/temporal,35,1791531901.973157,4.596617309005069e-09
1,ppo/temporal,36,1791531928.7016473,2.4969559753174053e-09
1,ppo/temporal,37,1791531956.1373637,1.3071180804402616e-09
1,ppo/temporal,38,1791531983.006042,1.1977923008998914e-07
1,ppo/temporal,39,1791532013.4392664,1.2370317215015803e-08
1,ppo/temporal,40,1791532040.1618686,1.33126007995088e-08
1,ppo/temporal,41,1791532067.994933,1.5882470449923858e-08
1,ppo/temporal,42,1791532093.662426,1.0275702955198085e-08
1,ppo/temporal,43,1791532119.9385798,1.591148546253862e-08
1,ppo/temporal,44,1791532145.6191266,1.6905120503452054e-07
1,ppo/temporal,45,1791532174.358586,2.7228772125909018e-08
1,ppo/temporal,46,1791532201.687668,9.551302859733823e-09
1,ppo/temporal,47,1791532229.4540095,9.848981186166839e-09
1,ppo/temporal,48,1791532255.5372753,5.581707540613934e-09
1,ppo/temporal,49,1791532281.8609111,1.852740849628276e-09
1,ppo/temporal,50,1791532307.6129384,4.939175179963229e-10
1,ppo/temporal,51,1791532335.1218133,2.2972290025791153e-07
1,ppo/temporal,52,1791532364.1192198,1.6513384437644163e-08
1,ppo/temporal,53,1791532392.7257898,2.151601741218201e-08
1,ppo/temporal,54,1791532421.0413458,1.5645618134385586e-08
1,ppo/temporal,55,1791532448.3010004,7.882244190682286e-09
1,ppo/temporal,56,1791532475.299899,4.7881094644708355e-09
1,ppo/temporal,57,1791532502.0031211,3.4584050467856287e-07
1,ppo/temporal,58,1791532530.0410154,6.517078787737773e-08
1,ppo/temporal,59,1791532557.326409,6.255562112755797e-08
1,ppo/temporal,60,1791532584.0594213,3.306372775568889e-08
1,ppo/temporal,61,1791532611.2044897,2.3119230974089078e-08
1,ppo/temporal,62,1791532638.149343,2.428532397402705e-08
1,ppo/temporal,63,1791532664.977869,4.4105152596785047e-07
1,ppo/temporal,64,1791532692.9992254,7.422003989177028e-08
1,ppo/temporal,65,1791532720.361152,9.019925784059524e-08
1,ppo/temporal,66,1791532747.1393235,6.166693822251545e-08
1,ppo/temporal,67,1791532773.784953,2.5370646028477495e-08
1,ppo/temporal,68,1791532808.2599862,2.579171365368893e-08
1,ppo/temporal,69,1791532845.1050692,4.2820678913813026e-07
1,ppo/temporal,70,1791532872.6784022,9.750581853040785e-08
1,ppo/temporal,71,1791532900.2015553,3.1220235285900344e-08
1,ppo/temporal,72,1791532927.8359876,2.5080822751988308e-08
1,ppo/temporal,73,1791532955.0492187,1.4869150355423244e-08
1,ppo/temporal,74,1791532982.278854,7.755811104459553e-09
1,ppo/temporal,75,1791533009.1335318,3.214928767647507e-09
1,ppo/temporal,76,1791533036.896276,6.487292694146163e-07
1,ppo/temporal,77,1791533064.4893215,9.484946872362343e-08
1,ppo/temporal,78,1791533092.4576814,9.854228011363375e-08
1,ppo/temporal,79,1791533124.1826234,1.033221082025193e-07
1,ppo/temporal,80,1791533150.7826607,5.041101047709162e-08
1,ppo/temporal,81,1791533181.737888,8.006033169749571e-08
1,ppo/temporal,82,1791533208.396807,7.664768872928107e-07
1,ppo/temporal,83,1791533240.2123957,1.652283003750199e-07
1,ppo/temporal,84,1791533267.380668,1.867839785063552e-07
1,ppo/temporal,85,1791533299.4462657,1.9169939946550585e-07
1,ppo/temporal,86,1791533330.4097414,1.8348482910823805e-07
1,ppo/temporal,87,1791533357.1254108,2.5536883185850456e-07
1,ppo/temporal,88,1791533387.8725371,1.1374987707313267e-06
1,ppo/temporal,89,1791533414.962248,3.003264339440648e-07
1,ppo/temporal,90,1791533446.1452441,3.0088878588685475e-07
1,ppo/temporal,91,1791533477.269329,2.894581712098443e-07
1,ppo/temporal,92,1791533504.0445602,2.2281884071162494e-07
1,ppo/temporal,93,1791533535.4336066,2.8742380209223484e-07
1,ppo/temporal,94,1791533562.4430244,1.0800403060784447e-06
1,ppo/temporal,95,1791533589.9615612,6.548974624820403e-07
1,ppo/temporal,96,1791533617.77532,4.123991459437093e-07
1,ppo/temporal,97,1791533646.3557515,3.2768653568382433e-07
1,ppo/temporal,98,1791533673.6987183,3.496915610412543e-07
1,ppo/temporal,99,1791533700.892138,4.97952100886323e-07
1,ppo/temporal,100,1791533728.0124009,6.26642474799155e-07
1,ppo/temporal_coefficient,1,1791528558.9951935,0.0
1,ppo/temporal_coefficient,2,1791528588.631264,0.0
1,ppo/temporal_coefficient,3,1791528617.6863565,0.0
1,ppo/temporal_coefficient,4,1791528644.3129208,0.0
1,ppo/temporal_coefficient,5,1791528670.5016072,0.0
1,ppo/temporal_coefficient,6,1791528700.1029818,0.0
1,ppo/temporal_coefficient,7,1791528739.369073,0.0
1,ppo/temporal_coefficient,8,1791528771.4585574,0.0
1,ppo/temporal_coefficient,9,1791528799.571933,0.0
1,ppo/temporal_coefficient,10,1791528827.1555188,0.0
1,ppo/temporal_coefficient,11,1791528853.740414,0.0
1,ppo/temporal_coefficient,12,1791528880.7677243,0.0
1,ppo/temporal_coefficient,13,1791528906.885269,0.0
1,ppo/temporal_coefficient,14,1791528937.7245824,0.0
1,ppo/temporal_coefficient,15,1791528965.3835266,0.0
1,ppo/temporal_coefficient,16,1791528995.7179801,0.0
1,ppo/temporal_coefficient,17,1791529021.7843785,0.0
1,ppo/temporal_coefficient,18,1791529052.067356,0.0
1,ppo/temporal_coefficient,19,1791529082.3877933,0.0
1,ppo/temporal_coefficient,20,1791529111.9581413,0.0
1,ppo/temporal_coefficient,21,1791529145.3047194,0.0
1,ppo/temporal_coefficient,22,1791529177.3467946,9.999999747378752e-05
1,ppo/temporal_coefficient,23,1791529203.7111025,0.00019999999494757503
1,ppo/temporal_coefficient,24,1791529234.0282936,0.0003000000142492354
1,ppo/temporal_coefficient,25,1791529260.0885515,0.00039999998989515007
1,ppo/temporal_coefficient,26,1791531648.8501804,0.0005000000237487257
1,ppo/temporal_coefficient,27,1791531678.382283,0.0006000000284984708
1,ppo/temporal_coefficient,28,1791531706.4597173,0.000699999975040555
1,ppo/temporal_coefficient,29,1791531734.7736592,0.0007999999797903001
1,ppo/temporal_coefficient,30,1791531760.9402652,0.0008999999845400453
1,ppo/temporal_coefficient,31,1791531788.6090949,0.0010000000474974513
1,ppo/temporal_coefficient,32,1791531815.1910253,0.0010999999940395355
1,ppo/temporal_coefficient,33,1791531845.3758476,0.0012000000569969416
1,ppo/temporal_coefficient,34,1791531872.901697,0.0013000000035390258
1,ppo/temporal_coefficient,35,1791531901.9738462,0.00139999995008111
1,ppo/temporal_coefficient,36,1791531928.7022161,0.001500000013038516
1,ppo/temporal_coefficient,37,1791531956.1381533,0.0015999999595806003
1,ppo/temporal_coefficient,38,1791531983.006374,0.0017000000225380063
1,ppo/temporal_coefficient,39,1791532013.439786,0.0017999999690800905
1,ppo/temporal_coefficient,40,1791532040.1623333,0.0019000000320374966
1,ppo/temporal_coefficient,41,1791532067.9955459,0.0020000000949949026
1,ppo/temporal_coefficient,42,1791532093.6629875,0.0020000000949949026
1,ppo/temporal_coefficient,43,1791532119.9392657,0.0020000000949949026
1,ppo/temporal_coefficient,44,1791532145.6196725,0.0020000000949949026
1,ppo/temporal_coefficient,45,1791532174.3592393,0.0020000000949949026
1,ppo/temporal_coefficient,46,1791532201.6885085,0.0020000000949949026
1,ppo/temporal_coefficient,47,1791532229.4547966,0.0020000000949949026
1,ppo/temporal_coefficient,48,1791532255.5380044,0.0020000000949949026
1,ppo/temporal_coefficient,49,1791532281.8615155,0.0020000000949949026
1,ppo/temporal_coefficient,50,1791532307.6136255,0.0020000000949949026
1,ppo/temporal_coefficient,51,1791532335.1221926,0.0020000000949949026
1,ppo/temporal_coefficient,52,1791532364.1196039,0.0020000000949949026
1,ppo/temporal_coefficient,53,1791532392.7262628,0.0020000000949949026
1,ppo/temporal_coefficient,54,1791532421.0419776,0.0020000000949949026
1,ppo/temporal_coefficient,55,1791532448.3016167,0.0020000000949949026
1,ppo/temporal_coefficient,56,1791532475.300642,0.0020000000949949026
1,ppo/temporal_coefficient,57,1791532502.003952,0.0020000000949949026
1,ppo/temporal_coefficient,58,1791532530.0414128,0.0020000000949949026
1,ppo/temporal_coefficient,59,1791532557.3269236,0.0020000000949949026
1,ppo/temporal_coefficient,60,1791532584.0600274,0.0020000000949949026
1,ppo/temporal_coefficient,61,1791532611.2051759,0.0020000000949949026
1,ppo/temporal_coefficient,62,1791532638.1764183,0.0020000000949949026
1,ppo/temporal_coefficient,63,1791532664.9784906,0.0020000000949949026
1,ppo/temporal_coefficient,64,1791532693.0001166,0.0020000000949949026
1,ppo/temporal_coefficient,65,1791532720.361918,0.0020000000949949026
1,ppo/temporal_coefficient,66,1791532747.139696,0.0020000000949949026
1,ppo/temporal_coefficient,67,1791532773.7853317,0.0020000000949949026
1,ppo/temporal_coefficient,68,1791532808.260456,0.0020000000949949026
1,ppo/temporal_coefficient,69,1791532845.1055224,0.0020000000949949026
1,ppo/temporal_coefficient,70,1791532872.678773,0.0020000000949949026
1,ppo/temporal_coefficient,71,1791532900.201954,0.0020000000949949026
1,ppo/temporal_coefficient,72,1791532927.8366644,0.0020000000949949026
1,ppo/temporal_coefficient,73,1791532955.0496933,0.0020000000949949026
1,ppo/temporal_coefficient,74,1791532982.279328,0.0020000000949949026
1,ppo/temporal_coefficient,75,1791533009.133999,0.0020000000949949026
1,ppo/temporal_coefficient,76,1791533036.8966439,0.0020000000949949026
1,ppo/temporal_coefficient,77,1791533064.489787,0.0020000000949949026
1,ppo/temporal_coefficient,78,1791533092.4582243,0.0020000000949949026
1,ppo/temporal_coefficient,79,1791533124.1830108,0.0020000000949949026
1,ppo/temporal_coefficient,80,1791533150.7830827,0.0020000000949949026
1,ppo/temporal_coefficient,81,1791533181.7385025,0.0020000000949949026
1,ppo/temporal_coefficient,82,1791533208.397801,0.0020000000949949026
1,ppo/temporal_coefficient,83,1791533240.2128026,0.0020000000949949026
1,ppo/temporal_coefficient,84,1791533267.3813198,0.0020000000949949026
1,ppo/temporal_coefficient,85,1791533299.4467468,0.0020000000949949026
1,ppo/temporal_coefficient,86,1791533330.4103894,0.0020000000949949026
1,ppo/temporal_coefficient,87,1791533357.125955,0.0020000000949949026
1,ppo/temporal_coefficient,88,1791533387.8731472,0.0020000000949949026
1,ppo/temporal_coefficient,89,1791533414.963064,0.0020000000949949026
1,ppo/temporal_coefficient,90,1791533446.1458268,0.0020000000949949026
1,ppo/temporal_coefficient,91,1791533477.2699983,0.0020000000949949026
1,ppo/temporal_coefficient,92,1791533504.045033,0.0020000000949949026
1,ppo/temporal_coefficient,93,1791533535.43413,0.0020000000949949026
1,ppo/temporal_coefficient,94,1791533562.443431,0.0020000000949949026
1,ppo/temporal_coefficient,95,1791533589.9619284,0.0020000000949949026
1,ppo/temporal_coefficient,96,1791533617.7758124,0.0020000000949949026
1,ppo/temporal_coefficient,97,1791533646.3561358,0.0020000000949949026
1,ppo/temporal_coefficient,98,1791533673.6994433,0.0020000000949949026
1,ppo/temporal_coefficient,99,1791533700.893364,0.0020000000949949026
1,ppo/temporal_coefficient,100,1791533728.0133636,0.0020000000949949026
1,ppo/temporal_eligible_pairs,1,1791528558.99526,5969.0
1,ppo/temporal_eligible_pairs,2,1791528588.631335,439.0
1,ppo/temporal_eligible_pairs,3,1791528617.6864884,646.0
1,ppo/temporal_eligible_pairs,4,1791528644.312928,1703.0
1,ppo/temporal_eligible_pairs,5,1791528670.5017424,3404.0
1,ppo/temporal_eligible_pairs,6,1791528700.1030421,5896.0
1,ppo/temporal_eligible_pairs,7,1791528739.3691626,11570.0
1,ppo/temporal_eligible_pairs,8,1791528771.4585764,3084.0
1,ppo/temporal_eligible_pairs,9,1791528799.5719733,2605.0
1,ppo/temporal_eligible_pairs,10,1791528827.1555572,3267.0
1,ppo/temporal_eligible_pairs,11,1791528853.7404282,4065.0
1,ppo/temporal_eligible_pairs,12,1791528880.767758,5299.0
1,ppo/temporal_eligible_pairs,13,1791528906.8852758,12854.0
1,ppo/temporal_eligible_pairs,14,1791528937.724841,6662.0
1,ppo/temporal_eligible_pairs,15,1791528965.3835716,4724.0
1,ppo/temporal_eligible_pairs,16,1791528995.7181098,3444.0
1,ppo/temporal_eligible_pairs,17,1791529021.7844148,5364.0
1,ppo/temporal_eligible_pairs,18,1791529052.0673652,4916.0
1,ppo/temporal_eligible_pairs,19,1791529082.387802,7689.0
1,ppo/temporal_eligible_pairs,20,1791529111.9581811,10170.0
1,ppo/temporal_eligible_pairs,21,1791529145.3049664,3247.0
1,ppo/temporal_eligible_pairs,22,1791529177.3468015,2626.0
1,ppo/temporal_eligible_pairs,23,1791529203.7111106,2899.0
1,ppo/temporal_eligible_pairs,24,1791529234.028332,2349.0
1,ppo/temporal_eligible_pairs,25,1791529260.0887673,1763.0
1,ppo/temporal_eligible_pairs,26,1791531648.8502154,16493.0
1,ppo/temporal_eligible_pairs,27,1791531678.3822901,6722.0
1,ppo/temporal_eligible_pairs,28,1791531706.4598439,7814.0
1,ppo/temporal_eligible_pairs,29,1791531734.7736979,7593.0
1,ppo/temporal_eligible_pairs,30,1791531760.940333,11985.0
1,ppo/temporal_eligible_pairs,31,1791531788.6092815,13200.0
1,ppo/temporal_eligible_pairs,32,1791531815.1910913,17637.0
1,ppo/temporal_eligible_pairs,33,1791531845.375856,4769.0
1,ppo/temporal_eligible_pairs,34,1791531872.9018178,4647.0
1,ppo/temporal_eligible_pairs,35,1791531901.9739041,3499.0
1,ppo/temporal_eligible_pairs,36,1791531928.702224,4049.0
1,ppo/temporal_eligible_pairs,37,1791531956.1381884,2722.0
1,ppo/temporal_eligible_pairs,38,1791531983.006414,13442.0
1,ppo/temporal_eligible_pairs,39,1791532013.4398222,8460.0
1,ppo/temporal_eligible_pairs,40,1791532040.1623702,9027.0
1,ppo/temporal_eligible_pairs,41,1791532067.9955604,7337.0
1,ppo/temporal_eligible_pairs,42,1791532093.6630208,10034.0
1,ppo/temporal_eligible_pairs,43,1791532119.9395144,16033.0
1,ppo/temporal_eligible_pairs,44,1791532145.6197069,18751.0
1,ppo/temporal_eligible_pairs,45,1791532174.3592467,8666.0
1,ppo/temporal_eligible_pairs,46,1791532201.6887138,3591.0
1,ppo/temporal_eligible_pairs,47,1791532229.4548063,4995.0
1,ppo/temporal_eligible_pairs,48,1791532255.5380418,4508.0
1,ppo/temporal_eligible_pairs,49,1791532281.8615716,1792.0
1,ppo/temporal_eligible_pairs,50,1791532307.613662,505.0
1,ppo/temporal_eligible_pairs,51,1791532335.1222007,14433.0
1,ppo/temporal_eligible_pairs,52,1791532364.1196406,4326.0
1,ppo/temporal_eligible_pairs,53,1791532392.7262712,5754.0
1,ppo/temporal_eligible_pairs,54,1791532421.042248,4573.0
1,ppo/temporal_eligible_pairs,55,1791532448.3016238,3473.0
1,ppo/temporal_eligible_pairs,56,1791532475.3006914,2065.0
1,ppo/temporal_eligible_pairs,57,1791532502.00399,13393.0
1,ppo/temporal_eligible_pairs,58,1791532530.041451,6676.0
1,ppo/temporal_eligible_pairs,59,1791532557.3269305,6161.0
1,ppo/temporal_eligible_pairs,60,1791532584.0600631,5170.0
1,ppo/temporal_eligible_pairs,61,1791532611.2051904,8659.0
1,ppo/temporal_eligible_pairs,62,1791532638.1764565,9521.0
1,ppo/temporal_eligible_pairs,63,1791532664.978498,14409.0
1,ppo/temporal_eligible_pairs,64,1791532693.0001366,6373.0
1,ppo/temporal_eligible_pairs,65,1791532720.3619258,7349.0
1,ppo/temporal_eligible_pairs,66,1791532747.139733,5500.0
1,ppo/temporal_eligible_pairs,67,1791532773.785367,7204.0
1,ppo/temporal_eligible_pairs,68,1791532808.2604644,6977.0
1,ppo/temporal_eligible_pairs,69,1791532845.1055312,11722.0
1,ppo/temporal_eligible_pairs,70,1791532872.678781,7928.0
1,ppo/temporal_eligible_pairs,71,1791532900.2019897,3491.0
1,ppo/temporal_eligible_pairs,72,1791532927.8366737,2566.0
1,ppo/temporal_eligible_pairs,73,1791532955.049729,2764.0
1,ppo/temporal_eligible_pairs,74,1791532982.2793665,2515.0
1,ppo/temporal_eligible_pairs,75,1791533009.1340075,996.0
1,ppo/temporal_eligible_pairs,76,1791533036.8966832,14669.0
1,ppo/temporal_eligible_pairs,77,1791533064.489795,4897.0
1,ppo/temporal_eligible_pairs,78,1791533092.4582326,5948.0
1,ppo/temporal_eligible_pairs,79,1791533124.1830466,6748.0
1,ppo/temporal_eligible_pairs,80,1791533150.7831185,7933.0
1,ppo/temporal_eligible_pairs,81,1791533181.738535,12520.0
1,ppo/temporal_eligible_pairs,82,1791533208.3979392,15383.0
1,ppo/temporal_eligible_pairs,83,1791533240.212838,6577.0
1,ppo/temporal_eligible_pairs,84,1791533267.3814626,6583.0
1,ppo/temporal_eligible_pairs,85,1791533299.4468646,7961.0
1,ppo/temporal_eligible_pairs,86,1791533330.4104319,11712.0
1,ppo/temporal_eligible_pairs,87,1791533357.1259637,14157.0
1,ppo/temporal_eligible_pairs,88,1791533387.8731554,17686.0
1,ppo/temporal_eligible_pairs,89,1791533414.9631026,7252.0
1,ppo/temporal_eligible_pairs,90,1791533446.1458368,8020.0
1,ppo/temporal_eligible_pairs,91,1791533477.2700503,7891.0
1,ppo/temporal_eligible_pairs,92,1791533504.0450814,12132.0
1,ppo/temporal_eligible_pairs,93,1791533535.4342794,15589.0
1,ppo/temporal_eligible_pairs,94,1791533562.4434724,20956.0
1,ppo/temporal_eligible_pairs,95,1791533589.9619687,11611.0
1,ppo/temporal_eligible_pairs,96,1791533617.775849,7277.0
1,ppo/temporal_eligible_pairs,97,1791533646.356144,5896.0
1,ppo/temporal_eligible_pairs,98,1791533673.699451,9618.0
1,ppo/temporal_eligible_pairs,99,1791533700.8933787,14285.0
1,ppo/temporal_eligible_pairs,100,1791533728.0134413,19316.0
1,ppo/temporal_real_pairs,1,1791528558.9952266,65024.0
1,ppo/temporal_real_pairs,2,1791528588.631302,65024.0
1,ppo/temporal_real_pairs,3,1791528617.686362,65024.0
1,ppo/temporal_real_pairs,4,1791528644.3129249,65024.0
1,ppo/temporal_real_pairs,5,1791528670.5017037,65024.0
1,ppo/temporal_real_pairs,6,1791528700.1030123,65024.0
1,ppo/temporal_real_pairs,7,1791528739.3690822,64512.0
1,ppo/temporal_real_pairs,8,1791528771.4585707,65024.0
1,ppo/temporal_real_pairs,9,1791528799.5719538,65024.0
1,ppo/temporal_real_pairs,10,1791528827.1555383,65024.0
1,ppo/temporal_real_pairs,11,1791528853.7404234,65024.0
1,ppo/temporal_real_pairs,12,1791528880.767741,65024.0
1,ppo/temporal_real_pairs,13,1791528906.8852725,64512.0
1,ppo/temporal_real_pairs,14,1791528937.7248323,65024.0
1,ppo/temporal_real_pairs,15,1791528965.383548,65024.0
1,ppo/temporal_real_pairs,16,1791528995.718003,65024.0
1,ppo/temporal_real_pairs,17,1791529021.784397,65024.0
1,ppo/temporal_real_pairs,18,1791529052.0673614,65024.0
1,ppo/temporal_real_pairs,19,1791529082.3877983,64512.0
1,ppo/temporal_real_pairs,20,1791529111.9581633,65024.0
1,ppo/temporal_real_pairs,21,1791529145.3048453,65024.0
1,ppo/temporal_real_pairs,22,1791529177.3467984,65024.0
1,ppo/temporal_real_pairs,23,1791529203.711107,65024.0
1,ppo/temporal_real_pairs,24,1791529234.0282972,65024.0
1,ppo/temporal_real_pairs,25,1791529260.0887582,65024.0
1,ppo/temporal_real_pairs,26,1791531648.850198,65024.0
1,ppo/temporal_real_pairs,27,1791531678.3822868,65024.0
1,ppo/temporal_real_pairs,28,1791531706.4597437,65024.0
1,ppo/temporal_real_pairs,29,1791531734.7736793,65024.0
1,ppo/temporal_real_pairs,30,1791531760.9402993,65024.0
1,ppo/temporal_real_pairs,31,1791531788.6092732,65024.0
1,ppo/temporal_real_pairs,32,1791531815.1910594,64512.0
1,ppo/temporal_real_pairs,33,1791531845.3758523,65024.0
1,ppo/temporal_real_pairs,34,1791531872.901779,65024.0
1,ppo/temporal_real_pairs,35,1791531901.973876,65024.0
1,ppo/temporal_real_pairs,36,1791531928.702221,65024.0
1,ppo/temporal_real_pairs,37,1791531956.138171,65024.0
1,ppo/temporal_real_pairs,38,1791531983.0063932,64512.0
1,ppo/temporal_real_pairs,39,1791532013.4398043,65024.0
1,ppo/temporal_real_pairs,40,1791532040.1623545,65024.0
1,ppo/temporal_real_pairs,41,1791532067.9955556,65024.0
1,ppo/temporal_real_pairs,42,1791532093.6629913,65024.0
1,ppo/temporal_real_pairs,43,1791532119.939505,65024.0
1,ppo/temporal_real_pairs,44,1791532145.61969,64512.0
1,ppo/temporal_real_pairs,45,1791532174.3592436,65024.0
1,ppo/temporal_real_pairs,46,1791532201.6887047,65024.0
1,ppo/temporal_real_pairs,47,1791532229.4548025,65024.0
1,ppo/temporal_real_pairs,48,1791532255.5380232,65024.0
1,ppo/temporal_real_pairs,49,1791532281.8615384,65024.0
1,ppo/temporal_real_pairs,50,1791532307.6136446,65024.0
1,ppo/temporal_real_pairs,51,1791532335.1221972,65024.0
1,ppo/temporal_real_pairs,52,1791532364.119624,65024.0
1,ppo/temporal_real_pairs,53,1791532392.7262676,65024.0
1,ppo/temporal_real_pairs,54,1791532421.042239,65024.0
1,ppo/temporal_real_pairs,55,1791532448.3016205,65024.0
1,ppo/temporal_real_pairs,56,1791532475.3006725,65024.0
1,ppo/temporal_real_pairs,57,1791532502.003972,64512.0
1,ppo/temporal_real_pairs,58,1791532530.041431,65024.0
1,ppo/temporal_real_pairs,59,1791532557.3269274,65024.0
1,ppo/temporal_real_pairs,60,1791532584.0600455,65024.0
1,ppo/temporal_real_pairs,61,1791532611.2051852,65024.0
1,ppo/temporal_real_pairs,62,1791532638.1764367,65024.0
1,ppo/temporal_real_pairs,63,1791532664.9784946,64512.0
1,ppo/temporal_real_pairs,64,1791532693.0001316,65024.0
1,ppo/temporal_real_pairs,65,1791532720.3619225,65024.0
1,ppo/temporal_real_pairs,66,1791532747.139715,65024.0
1,ppo/temporal_real_pairs,67,1791532773.7853494,65024.0
1,ppo/temporal_real_pairs,68,1791532808.2604609,65024.0
1,ppo/temporal_real_pairs,69,1791532845.1055276,64512.0
1,ppo/temporal_real_pairs,70,1791532872.6787777,65024.0
1,ppo/temporal_real_pairs,71,1791532900.201972,65024.0
1,ppo/temporal_real_pairs,72,1791532927.8366697,65024.0
1,ppo/temporal_real_pairs,73,1791532955.0497122,65024.0
1,ppo/temporal_real_pairs,74,1791532982.2793477,65024.0
1,ppo/temporal_real_pairs,75,1791533009.1340036,65024.0
1,ppo/temporal_real_pairs,76,1791533036.896648,65024.0
1,ppo/temporal_real_pairs,77,1791533064.4897912,65024.0
1,ppo/temporal_real_pairs,78,1791533092.458229,65024.0
1,ppo/temporal_real_pairs,79,1791533124.1830285,65024.0
1,ppo/temporal_real_pairs,80,1791533150.7831004,65024.0
1,ppo/temporal_real_pairs,81,1791533181.7385063,65024.0
1,ppo/temporal_real_pairs,82,1791533208.3978112,64512.0
1,ppo/temporal_real_pairs,83,1791533240.2128205,65024.0
1,ppo/temporal_real_pairs,84,1791533267.3813374,65024.0
1,ppo/temporal_real_pairs,85,1791533299.4467509,65024.0
1,ppo/temporal_real_pairs,86,1791533330.4104114,65024.0
1,ppo/temporal_real_pairs,87,1791533357.1259599,65024.0
1,ppo/temporal_real_pairs,88,1791533387.8731518,64512.0
1,ppo/temporal_real_pairs,89,1791533414.9630852,65024.0
1,ppo/temporal_real_pairs,90,1791533446.1458328,65024.0
1,ppo/temporal_real_pairs,91,1791533477.2700248,65024.0
1,ppo/temporal_real_pairs,92,1791533504.0450573,65024.0
1,ppo/temporal_real_pairs,93,1791533535.434161,65024.0
1,ppo/temporal_real_pairs,94,1791533562.4434521,64512.0
1,ppo/temporal_real_pairs,95,1791533589.9619484,65024.0
1,ppo/temporal_real_pairs,96,1791533617.7758312,65024.0
1,ppo/temporal_real_pairs,97,1791533646.3561401,65024.0
1,ppo/temporal_real_pairs,98,1791533673.6994476,65024.0
1,ppo/temporal_real_pairs,99,1791533700.8933737,65024.0
1,ppo/temporal_real_pairs,100,1791533728.0134075,65024.0
1,ppo/value,1,1791528558.9940562,13.76719856262207
1,ppo/value,2,1791528588.6300874,64.87772369384766
1,ppo/value,3,1791528617.685341,13.294201850891113
1,ppo/value,4,1791528644.312124,15.46847152709961
1,ppo/value,5,1791528670.5005863,22.970722198486328
1,ppo/value,6,1791528700.1022906,23.822473526000977
1,ppo/value,7,1791528739.3682299,24.45733070373535
1,ppo/value,8,1791528771.4579687,59.023399353027344
1,ppo/value,9,1791528799.5715585,16.455116271972656
1,ppo/value,10,1791528827.154982,9.938493728637695
1,ppo/value,11,1791528853.739696,12.80363941192627
1,ppo/value,12,1791528880.767081,15.41165828704834
1,ppo/value,13,1791528906.8849125,30.67449188232422
1,ppo/value,14,1791528937.7240493,119.83610534667969
1,ppo/value,15,1791528965.3831482,26.142824172973633
1,ppo/value,16,1791528995.7173002,17.899747848510742
1,ppo/value,17,1791529021.7837982,12.58056640625
1,ppo/value,18,1791529052.0669537,13.985093116760254
1,ppo/value,19,1791529082.3873367,31.4709415435791
1,ppo/value,20,1791529111.9577718,151.24571228027344
1,ppo/value,21,1791529145.3041856,41.02548599243164
1,ppo/value,22,1791529177.3462908,19.37259292602539
1,ppo/value,23,1791529203.7106886,14.582751274108887
1,ppo/value,24,1791529234.0277762,12.742721557617188
1,ppo/value,25,1791529260.0881565,47.89019775390625
1,ppo/value,26,1791531648.849462,91.16648864746094
1,ppo/value,27,1791531678.381563,32.73405456542969
1,ppo/value,28,1791531706.452868,20.575807571411133
1,ppo/value,29,1791531734.7727547,11.126970291137695
1,ppo/value,30,1791531760.9394925,9.462700843811035
1,ppo/value,31,1791531788.6082816,11.976072311401367
1,ppo/value,32,1791531815.1900465,76.5335464477539
1,ppo/value,33,1791531845.3747077,34.55436706542969
1,ppo/value,34,1791531872.9008863,20.232067108154297
1,ppo/value,35,1791531901.973163,12.677135467529297
1,ppo/value,36,1791531928.7016551,10.34924602508545
1,ppo/value,37,1791531956.1373699,6.880126476287842
1,ppo/value,38,1791531983.0060477,19.658498764038086
1,ppo/value,39,1791532013.4392729,37.5357666015625
1,ppo/value,40,1791532040.1618745,20.39023208618164
1,ppo/value,41,1791532067.994939,15.150527000427246
1,ppo/value,42,1791532093.662432,9.607786178588867
1,ppo/value,43,1791532119.9385855,7.099488258361816
1,ppo/value,44,1791532145.6191328,20.10584831237793
1,ppo/value,45,1791532174.358592,45.1614875793457
1,ppo/value,46,1791532201.6876738,20.235267639160156
1,ppo/value,47,1791532229.454015,21.43217658996582
1,ppo/value,48,1791532255.5372813,9.986882209777832
1,ppo/value,49,1791532281.860917,5.084499359130859
1,ppo/value,50,1791532307.6129444,27.379661560058594
1,ppo/value,51,1791532335.1218195,31.343666076660156
1,ppo/value,52,1791532364.119228,22.013269424438477
1,ppo/value,53,1791532392.7257955,22.600238800048828
1,ppo/value,54,1791532421.0413518,9.197946548461914
1,ppo/value,55,1791532448.3010066,7.853165149688721
1,ppo/value,56,1791532475.2999163,10.462587356567383
1,ppo/value,57,1791532502.0031273,28.781564712524414
1,ppo/value,58,1791532530.0410213,18.158601760864258
1,ppo/value,59,1791532557.3264148,10.826801300048828
1,ppo/value,60,1791532584.0594275,10.524048805236816
1,ppo/value,61,1791532611.2044961,5.5611701011657715
1,ppo/value,62,1791532638.1493492,3.7351632118225098
1,ppo/value,63,1791532664.9778748,15.203859329223633
1,ppo/value,64,1791532692.9992313,21.607070922851562
1,ppo/value,65,1791532720.3611581,10.140481948852539
1,ppo/value,66,1791532747.1393294,8.292343139648438
1,ppo/value,67,1791532773.784959,5.4767937660217285
1,ppo/value,68,1791532808.2599924,6.473130702972412
1,ppo/value,69,1791532845.1050751,13.960925102233887
1,ppo/value,70,1791532872.6784084,19.58330726623535
1,ppo/value,71,1791532900.201561,8.57565689086914
1,ppo/value,72,1791532927.8359933,9.711709976196289
1,ppo/value,73,1791532955.0492241,7.067943572998047
1,ppo/value,74,1791532982.2788594,4.378754615783691
1,ppo/value,75,1791533009.1335378,11.679073333740234
1,ppo/value,76,1791533036.896282,13.748632431030273
1,ppo/value,77,1791533064.4893277,11.290507316589355
1,ppo/value,78,1791533092.4576874,8.80927848815918
1,ppo/value,79,1791533124.1826293,5.565848350524902
1,ppo/value,80,1791533150.7826667,5.277436256408691
1,ppo/value,81,1791533181.7378938,4.936219215393066
1,ppo/value,82,1791533208.396813,17.844636917114258
1,ppo/value,83,1791533240.2124019,14.39307975769043
1,ppo/value,84,1791533267.3806744,7.62020206451416
1,ppo/value,85,1791533299.446272,4.783170223236084
1,ppo/value,86,1791533330.4097474,2.4996321201324463
1,ppo/value,87,1791533357.125417,4.196228504180908
1,ppo/value,88,1791533387.8725426,13.735340118408203
1,ppo/value,89,1791533414.962254,20.08880615234375
1,ppo/value,90,1791533446.14525,7.472143173217773
1,ppo/value,91,1791533477.269335,6.732077598571777
1,ppo/value,92,1791533504.0445657,6.819350242614746
1,ppo/value,93,1791533535.4336128,2.8548879623413086
1,ppo/value,94,1791533562.4430315,5.138950824737549
1,ppo/value,95,1791533589.961571,18.339794158935547
1,ppo/value,96,1791533617.7753258,9.837489128112793
1,ppo/value,97,1791533646.3557575,10.68447494506836
1,ppo/value,98,1791533673.6987245,5.25035285949707
1,ppo/value,99,1791533700.892145,2.959092378616333
1,ppo/value,100,1791533728.012407,14.588231086730957
1,train/mean_step_reward,1,1791528558.9940295,-0.05503947660326958
1,train/mean_step_reward,2,1791528588.6300628,-0.14818158745765686
1,train/mean_step_reward,3,1791528617.6853075,-0.06626933813095093
1,train/mean_step_reward,4,1791528644.3120987,-0.06209581345319748
1,train/mean_step_reward,5,1791528670.500559,-0.05938207730650902
1,train/mean_step_reward,6,1791528700.1022635,-0.05044731870293617
1,train/mean_step_reward,7,1791528739.3682048,-0.02725943550467491
1,train/mean_step_reward,8,1791528771.4579432,-0.14421114325523376
1,train/mean_step_reward,9,1791528799.5715303,-0.05435565114021301
1,train/mean_step_reward,10,1791528827.1549506,-0.047943852841854095
1,train/mean_step_reward,11,1791528853.7396708,-0.051120124757289886
1,train/mean_step_reward,12,1791528880.7670515,-0.04941543564200401
1,train/mean_step_reward,13,1791528906.8848872,-0.029201336205005646
1,train/mean_step_reward,14,1791528937.7240176,-0.1246306300163269
1,train/mean_step_reward,15,1791528965.3831203,-0.05837435647845268
1,train/mean_step_reward,16,1791528995.7172706,-0.052767783403396606
1,train/mean_step_reward,17,1791529021.7837706,-0.0518730953335762
1,train/mean_step_reward,18,1791529052.0669289,-0.0549125038087368
1,train/mean_step_reward,19,1791529082.3873112,-0.045037295669317245
1,train/mean_step_reward,20,1791529111.9577475,-0.09490776807069778
1,train/mean_step_reward,21,1791529145.3041608,-0.09311596304178238
1,train/mean_step_reward,22,1791529177.3462675,-0.05828418210148811
1,train/mean_step_reward,23,1791529203.7106626,-0.06899178773164749
1,train/mean_step_reward,24,1791529234.0277474,-0.07756561040878296
1,train/mean_step_reward,25,1791529260.0881314,-0.0750550776720047
1,train/mean_step_reward,26,1791531648.849434,-0.03570171073079109
1,train/mean_step_reward,27,1791531678.3815346,-0.11475074291229248
1,train/mean_step_reward,28,1791531706.452842,-0.04439573734998703
1,train/mean_step_reward,29,1791531734.7727227,-0.04459642246365547
1,train/mean_step_reward,30,1791531760.939465,-0.0480104498565197
1,train/mean_step_reward,31,1791531788.6082525,-0.04408824443817139
1,train/mean_step_reward,32,1791531815.1900203,-0.023434793576598167
1,train/mean_step_reward,33,1791531845.3746789,-0.10197553783655167
1,train/mean_step_reward,34,1791531872.9008582,-0.03825758397579193
1,train/mean_step_reward,35,1791531901.9731338,-0.04495823010802269
1,train/mean_step_reward,36,1791531928.7016284,-0.05635920912027359
1,train/mean_step_reward,37,1791531956.1373386,-0.05695190280675888
1,train/mean_step_reward,38,1791531983.0060205,-0.031018957495689392
1,train/mean_step_reward,39,1791532013.4392433,-0.10689966380596161
1,train/mean_step_reward,40,1791532040.1618452,-0.049194447696208954
1,train/mean_step_reward,41,1791532067.9949143,-0.039513036608695984
1,train/mean_step_reward,42,1791532093.6624062,-0.041645802557468414
1,train/mean_step_reward,43,1791532119.9385555,-0.040479764342308044
1,train/mean_step_reward,44,1791532145.6191049,-0.029149990528821945
1,train/mean_step_reward,45,1791532174.3585644,-0.07963404059410095
1,train/mean_step_reward,46,1791532201.6876428,-0.08059601485729218
1,train/mean_step_reward,47,1791532229.4539893,-0.04962211102247238
1,train/mean_step_reward,48,1791532255.537254,-0.05935022607445717
1,train/mean_step_reward,49,1791532281.860893,-0.07381272315979004
1,train/mean_step_reward,50,1791532307.6129034,-0.07588472962379456
1,train/mean_step_reward,51,1791532335.1217904,-0.03310154005885124
1,train/mean_step_reward,52,1791532364.119193,-0.10009381920099258
1,train/mean_step_reward,53,1791532392.725771,-0.0422968864440918
1,train/mean_step_reward,54,1791532421.0413194,-0.04321396350860596
1,train/mean_step_reward,55,1791532448.3009803,-0.0530259907245636
1,train/mean_step_reward,56,1791532475.2998762,-0.05249043181538582
1,train/mean_step_reward,57,1791532502.003097,-0.025287233293056488
1,train/mean_step_reward,58,1791532530.0409937,-0.09982781857252121
1,train/mean_step_reward,59,1791532557.3263903,-0.04278036952018738
1,train/mean_step_reward,60,1791532584.0593977,-0.050147876143455505
1,train/mean_step_reward,61,1791532611.204469,-0.053317587822675705
1,train/mean_step_reward,62,1791532638.1493216,-0.04897426813840866
1,train/mean_step_reward,63,1791532664.977846,-0.028751611709594727
1,train/mean_step_reward,64,1791532692.999202,-0.08672885596752167
1,train/mean_step_reward,65,1791532720.3611312,-0.04832557216286659
1,train/mean_step_reward,66,1791532747.1393032,-0.043062858283519745
1,train/mean_step_reward,67,1791532773.7849307,-0.04791421815752983
1,train/mean_step_reward,68,1791532808.2599661,-0.04631885886192322
1,train/mean_step_reward,69,1791532845.1050467,-0.033417217433452606
1,train/mean_step_reward,70,1791532872.6783836,-0.0610954686999321
1,train/mean_step_reward,71,1791532900.2015347,-0.06135044991970062
1,train/mean_step_reward,72,1791532927.8359683,-0.046274714171886444
1,train/mean_step_reward,73,1791532955.049196,-0.05845509469509125
1,train/mean_step_reward,74,1791532982.2788339,-0.07160040736198425
1,train/mean_step_reward,75,1791533009.1335082,-0.07044516503810883
1,train/mean_step_reward,76,1791533036.8962498,-0.03163573145866394
1,train/mean_step_reward,77,1791533064.4892948,-0.07632547616958618
1,train/mean_step_reward,78,1791533092.4576368,-0.04555917903780937
1,train/mean_step_reward,79,1791533124.1826031,-0.04696141183376312
1,train/mean_step_reward,80,1791533150.7826393,-0.04541797935962677
1,train/mean_step_reward,81,1791533181.7378616,-0.0360996313393116
1,train/mean_step_reward,82,1791533208.396786,-0.02012876234948635
1,train/mean_step_reward,83,1791533240.2123718,-0.08091078698635101
1,train/mean_step_reward,84,1791533267.3806415,-0.04158574715256691
1,train/mean_step_reward,85,1791533299.4462452,-0.04390624910593033
1,train/mean_step_reward,86,1791533330.4097164,-0.03977230191230774
1,train/mean_step_reward,87,1791533357.1253903,-0.028801165521144867
1,train/mean_step_reward,88,1791533387.8725061,-0.01778223365545273
1,train/mean_step_reward,89,1791533414.9622219,-0.0772675946354866
1,train/mean_step_reward,90,1791533446.1452234,-0.03881644457578659
1,train/mean_step_reward,91,1791533477.2693062,-0.03882483392953873
1,train/mean_step_reward,92,1791533504.044539,-0.03479824960231781
1,train/mean_step_reward,93,1791533535.4335845,-0.0252375490963459
1,train/mean_step_reward,94,1791533562.4429991,-0.014609863981604576
1,train/mean_step_reward,95,1791533589.9615383,-0.0545700378715992
1,train/mean_step_reward,96,1791533617.7752993,-0.06027138978242874
1,train/mean_step_reward,97,1791533646.3557315,-0.041893474757671356
1,train/mean_step_reward,98,1791533673.6986969,-0.03945766016840935
1,train/mean_step_reward,99,1791533700.8921156,-0.03144509345293045
1,train/mean_step_reward,100,1791533728.0123816,-0.0236312635242939
