update,sampling_model_update,alpha,reward_shared,count,failed_episodes,episode_ends,failure_rate,roll_violations,cost_cap,raw_cost,effective_cost,speed_rmse,steer_rmse,heading_rmse,peak_roll,mean_kl,kl_alpha0,kl_alpha1,actor_grad_norm_preclip,critic_grad_norm_preclip,attempted_actor_grad_norm,attempted_critic_grad_norm,accepted_epochs,attempted_epochs
1,0,0,-0.03610384464263916,131072,0,0,0.0,0.0022735595703125,0.00083160400390625,18.594749450683594,18.56867218017578,0.13255219161510468,0.062335677444934845,0.2322056144475937,0.3720740079879761,0.00412422907538712,0.0038440156495198607,0.00440444250125438,1.1238259123638272,2.932429578155279,1.1238259123638272,2.932429578155279,4,4
1,0,1,-0.03610384464263916,131072,0,0,0.0,0.00382232666015625,0.00201416015625,17.607818603515625,17.535179138183594,0.1344796121120453,0.0633222684264183,0.241412952542305,0.36774003505706787,0.00412422907538712,0.0038440156495198607,0.00440444250125438,1.1238259123638272,2.932429578155279,1.1238259123638272,2.932429578155279,4,4
2,1,0,-0.09039077162742615,131072,0,0,0.0,0.22231292724609375,0.16509246826171875,53.69853591918945,43.59415054321289,0.1775326430797577,0.09363420307636261,0.5699810981750488,0.43479228019714355,0.0031541500065941364,0.002965252671856433,0.0033430473413318396,0.5085036344826221,14.327609613537788,0.5085036344826221,14.327609613537788,4,4
2,1,1,-0.09039077162742615,131072,0,0,0.0,0.24512481689453125,0.2153778076171875,63.79893493652344,46.796600341796875,0.18203230202198029,0.09537459164857864,0.5882014036178589,0.4369722604751587,0.0031541500065941364,0.002965252671856433,0.0033430473413318396,0.5085036344826221,14.327609613537788,0.5085036344826221,14.327609613537788,4,4
3,2,0,-0.04148915037512779,131072,0,0,0.0,0.00850677490234375,0.008453369140625,21.629314422607422,21.16806411743164,0.1207892894744873,0.06925443559885025,0.29117119312286377,0.38162124156951904,0.004693762806709856,0.004578864551149309,0.004808661062270403,1.3782399073243141,5.3991152085363865,1.3782399073243141,5.3991152085363865,4,4
3,2,1,-0.04148915037512779,131072,0,0,0.0,0.01163482666015625,0.013946533203125,21.117828369140625,20.321186065673828,0.11773517727851868,0.06918732821941376,0.30456796288490295,0.418728232383728,0.004693762806709856,0.004578864551149309,0.004808661062270403,1.3782399073243141,5.3991152085363865,1.3782399073243141,5.3991152085363865,4,4
4,3,0,-0.02416190132498741,131072,0,0,0.0,0.00138092041015625,0.0010986328125,11.843132019042969,11.802581787109375,0.09158481657505035,0.032141461968421936,0.2155943363904953,0.3484853506088257,0.012125758454203606,0.011768009513616562,0.01248350739479065,1.9371401406824589,1.5178689695894718,1.9371401406824589,1.5178689695894718,4,4
4,3,1,-0.02416190132498741,131072,0,0,0.0,0.0028228759765625,0.00194549560546875,12.430830001831055,12.359336853027344,0.09359125047922134,0.032156482338905334,0.22725163400173187,0.35008883476257324,0.012125758454203606,0.011768009513616562,0.01248350739479065,1.9371401406824589,1.5178689695894718,1.9371401406824589,1.5178689695894718,4,4
5,4,0,-0.01580977812409401,131072,0,0,0.0,0.0,0.0,7.7846221923828125,7.7846221923828125,0.06964480131864548,0.008062070235610008,0.19437754154205322,0.026650667190551758,0.010845447075553238,0.010647673159837723,0.011043220991268754,1.9525401468078296,0.6973749821384748,1.9525401468078296,0.6973749821384748,3,3
5,4,1,-0.01580977812409401,131072,0,0,0.0,0.0,0.0,8.025118827819824,8.025118827819824,0.06821707636117935,0.007760508451610804,0.2058316022157669,0.03111398220062256,0.010845447075553238,0.010647673159837723,0.011043220991268754,1.9525401468078296,0.6973749821384748,1.9525401468078296,0.6973749821384748,3,3
6,5,0,-0.013689931482076645,131072,0,0,0.0,0.0,0.0,6.824547290802002,6.824547290802002,0.055663254112005234,0.008143983781337738,0.2030656635761261,0.02632725238800049,0.002126416889950633,0.002159867202863097,0.002092966577038169,1.5930869802832603,0.23975773039273918,1.5930869802832603,0.23975773039273918,4,4
6,5,1,-0.013689931482076645,131072,0,0,0.0,0.0,0.0,6.865380764007568,6.865380764007568,0.05123140290379524,0.007789828814566135,0.21706432104110718,0.03292489051818848,0.002126416889950633,0.002159867202863097,0.002092966577038169,1.5930869802832603,0.23975773039273918,1.5930869802832603,0.23975773039273918,4,4
7,6,0,-0.012936454266309738,131072,0,256,0.0,0.0,0.0,6.8912034034729,6.8912034034729,0.053299494087696075,0.04125433787703514,0.15163381397724152,0.2732158899307251,0.0050424354849383235,0.0049014040268957615,0.0051834669429808855,0.5172027638182044,3.172010190784931,0.5172027638182044,3.172010190784931,4,4
7,6,1,-0.012936454266309738,131072,0,256,0.0,0.00048828125,0.00032806396484375,6.057839393615723,6.045269012451172,0.05167396366596222,0.040014930069446564,0.15438401699066162,0.35726773738861084,0.0050424354849383235,0.0049014040268957615,0.0051834669429808855,0.5172027638182044,3.172010190784931,0.5172027638182044,3.172010190784931,4,4
8,7,0,-0.07247244566679001,131072,0,0,0.0,0.2531280517578125,0.1991424560546875,55.187522888183594,38.59357452392578,0.11176732927560806,0.08578195422887802,0.5494915843009949,0.4606591463088989,0.0023573093640152365,0.002388415450695902,0.002326203277334571,0.6747976988554001,12.742919214069843,0.6747976988554001,12.742919214069843,4,4
8,7,1,-0.07247244566679001,131072,0,0,0.0,0.232452392578125,0.18785858154296875,49.435508728027344,33.87892150878906,0.10591980814933777,0.08506761491298676,0.5212153196334839,0.4487529993057251,0.0023573093640152365,0.002388415450695902,0.002326203277334571,0.6747976988554001,12.742919214069843,0.6747976988554001,12.742919214069843,4,4
9,8,0,-0.04248693957924843,131072,0,0,0.0,0.0558319091796875,0.05204010009765625,26.58822250366211,22.264114379882812,0.07291267812252045,0.0884050577878952,0.35533568263053894,0.4445101022720337,0.002031803538557142,0.0019394606933929026,0.0021241463837213814,0.8287002500146627,1.8333809897303581,0.8287002500146627,1.8333809897303581,4,4
9,8,1,-0.04248693957924843,131072,0,0,0.0,0.0517730712890625,0.04740142822265625,24.152313232421875,20.22272491455078,0.06955839693546295,0.08552515506744385,0.3461723327636719,0.4415181875228882,0.002031803538557142,0.0019394606933929026,0.0021241463837213814,0.8287002500146627,1.8333809897303581,0.8287002500146627,1.8333809897303581,4,4
10,9,0,-0.020212378352880478,131072,0,0,0.0,0.00594329833984375,0.0051422119140625,10.578522682189941,9.928288459777832,0.04484397917985916,0.04151115566492081,0.28904443979263306,0.4398428201675415,0.0026711156533565372,0.002614320022985339,0.0027279112837277353,0.629124503582716,1.0267530903220177,0.629124503582716,1.0267530903220177,4,4
10,9,1,-0.020212378352880478,131072,0,0,0.0,0.01045989990234375,0.00791168212890625,10.800979614257812,10.284114837646484,0.045157596468925476,0.04080548882484436,0.29815754294395447,0.3898608684539795,0.0026711156533565372,0.002614320022985339,0.0027279112837277353,0.629124503582716,1.0267530903220177,0.629124503582716,1.0267530903220177,4,4
11,10,0,-0.014004835858941078,131072,0,0,0.0,0.0,0.0,6.702191352844238,6.702191352844238,0.03057074546813965,0.00816026609390974,0.2513883411884308,0.060796141624450684,0.0011725940858013928,0.0011107321188319474,0.0012344560527708381,0.8167111435905099,1.4150517052039504,0.8167111435905099,1.4150517052039504,4,4
11,10,1,-0.014004835858941078,131072,0,0,0.0,0.0,0.0,7.302612781524658,7.302612781524658,0.029298029839992523,0.008373984135687351,0.26061370968818665,0.08630836009979248,0.0011725940858013928,0.0011107321188319474,0.0012344560527708381,0.8167111435905099,1.4150517052039504,0.8167111435905099,1.4150517052039504,4,4
12,11,0,-0.014832206070423126,131072,0,0,0.0,0.0,0.0,7.015976428985596,7.015976428985596,0.028102831915020943,0.007725532166659832,0.2630181312561035,0.027565360069274902,0.001353327592369169,0.0013208991731517017,0.0013857560115866363,1.1532201003283262,1.505398347042501,1.1532201003283262,1.505398347042501,4,4
12,11,1,-0.014832206070423126,131072,0,0,0.0,0.0,0.0,7.816211700439453,7.816211700439453,0.028098009526729584,0.007828979752957821,0.27232810854911804,0.029149770736694336,0.001353327592369169,0.0013208991731517017,0.0013857560115866363,1.1532201003283262,1.505398347042501,1.1532201003283262,1.505398347042501,4,4
13,12,0,-0.01036669872701168,131072,0,256,0.0,0.0,0.0,5.018389701843262,5.018389701843262,0.03251755237579346,0.01951815001666546,0.19345220923423767,0.11142873764038086,0.0019420951721258461,0.0019555254257284105,0.0019286649185232818,0.9887345694005489,4.094785388559103,0.9887345694005489,4.094785388559103,4,4
13,12,1,-0.01036669872701168,131072,0,256,0.0,0.0,0.0,5.348311424255371,5.348311424255371,0.030827822163701057,0.018690934404730797,0.20203720033168793,0.14258348941802979,0.0019420951721258461,0.0019555254257284105,0.0019286649185232818,0.9887345694005489,4.094785388559103,0.9887345694005489,4.094785388559103,4,4
14,13,0,-0.04779244214296341,131072,0,0,0.0,0.13141632080078125,0.0841522216796875,29.999645233154297,25.119888305664062,0.07718533277511597,0.07572626322507858,0.4812692403793335,0.4303015470504761,0.0018145918584195897,0.0017914098571054637,0.0018377738597337157,0.5260792514309287,11.492124423384666,0.5260792514309287,11.492124423384666,4,4
14,13,1,-0.04779244214296341,131072,0,0,0.0,0.145233154296875,0.09601593017578125,30.019941329956055,22.672624588012695,0.07722608000040054,0.07710601389408112,0.49046292901039124,0.44356751441955566,0.0018145918584195897,0.0017914098571054637,0.0018377738597337157,0.5260792514309287,11.492124423384666,0.5260792514309287,11.492124423384666,4,4
15,14,0,-0.050791267305612564,131072,0,0,0.0,0.11203765869140625,0.08548736572265625,31.59814453125,25.219154357910156,0.07506442815065384,0.08736510574817657,0.4183092415332794,0.4320718050003052,0.003231015260098502,0.0031644550035707653,0.003297575516626239,0.7159839831292629,1.0535185374319553,0.7159839831292629,1.0535185374319553,4,4
15,14,1,-0.050791267305612564,131072,0,0,0.0,0.118255615234375,0.10041046142578125,33.00244140625,25.571861267089844,0.07229843735694885,0.08945221453905106,0.4069189429283142,0.4482690095901489,0.003231015260098502,0.0031644550035707653,0.003297575516626239,0.7159839831292629,1.0535185374319553,0.7159839831292629,1.0535185374319553,4,4
16,15,0,-0.015294071286916733,131072,0,0,0.0,0.01123809814453125,0.0067901611328125,8.411879539489746,8.089892387390137,0.036236293613910675,0.0493905171751976,0.2700536549091339,0.3909109830856323,0.003004677244462073,0.0028135592583566904,0.0031957952305674553,0.5629790257662535,3.1327828466892242,0.5629790257662535,3.1327828466892242,4,4
16,15,1,-0.015294071286916733,131072,0,0,0.0,0.00726318359375,0.0042877197265625,7.4610490798950195,7.204196929931641,0.033576712012290955,0.04781602695584297,0.257187157869339,0.3901289701461792,0.003004677244462073,0.0028135592583566904,0.0031957952305674553,0.5629790257662535,3.1327828466892242,0.5629790257662535,3.1327828466892242,4,4
17,16,0,-0.006928003393113613,131072,0,0,0.0,0.0,0.0,3.143033981323242,3.143033981323242,0.01934628374874592,0.011762196198105812,0.16435523331165314,0.18723821640014648,0.0051142483134754,0.004976508091203868,0.005251988535746932,1.1968053430318832,0.6919777181465179,1.1968053430318832,0.6919777181465179,4,4
17,16,1,-0.006928003393113613,131072,0,0,0.0,0.0,0.0,3.7849884033203125,3.7849884033203125,0.019195489585399628,0.010624010115861893,0.1784452348947525,0.1663224697113037,0.0051142483134754,0.004976508091203868,0.005251988535746932,1.1968053430318832,0.6919777181465179,1.1968053430318832,0.6919777181465179,4,4
18,17,0,-0.007599073462188244,131072,0,0,0.0,0.0,0.0,3.3450233936309814,3.3450233936309814,0.01856217533349991,0.007906947284936905,0.1722499579191208,0.032660484313964844,0.003810954513028264,0.003768202499486506,0.003853706526570022,0.9264267338439822,0.9327887520194054,0.9264267338439822,0.9327887520194054,4,4
18,17,1,-0.007599073462188244,131072,0,0,0.0,0.0,0.0,4.254045009613037,4.254045009613037,0.017810171470046043,0.007744429633021355,0.19153818488121033,0.0257798433303833,0.003810954513028264,0.003768202499486506,0.003853706526570022,0.9264267338439822,0.9327887520194054,0.9264267338439822,0.9327887520194054,4,4
19,18,0,-0.006367819383740425,131072,0,256,0.0,0.0,0.0,2.876896381378174,2.876896381378174,0.0244020763784647,0.0073603480122983456,0.1531849056482315,0.028589487075805664,0.0011410351435188204,0.0010549399594310671,0.0012271303276065737,0.8048209259286523,5.94021650403738,0.8048209259286523,5.94021650403738,4,4
19,18,1,-0.006367819383740425,131072,0,256,0.0,0.0,0.0,3.490933656692505,3.490933656692505,0.02390393801033497,0.007307772058993578,0.1664554327726364,0.026862740516662598,0.0011410351435188204,0.0010549399594310671,0.0012271303276065737,0.8048209259286523,5.94021650403738,0.8048209259286523,5.94021650403738,4,4
20,19,0,-0.026371188461780548,131072,0,0,0.0,0.044097900390625,0.02095794677734375,16.503793716430664,15.63683032989502,0.04870506376028061,0.07277943938970566,0.3764488399028778,0.39135658740997314,0.001828458083764417,0.0018623852156451903,0.0017945309518836439,0.6428920710459352,12.07854549586773,0.6428920710459352,12.07854549586773,4,4
20,19,1,-0.026371188461780548,131072,0,0,0.0,0.039794921875,0.021270751953125,11.7550048828125,10.734272956848145,0.046939022839069366,0.07139965891838074,0.37163621187210083,0.39348888397216797,0.001828458083764417,0.0018623852156451903,0.0017945309518836439,0.6428920710459352,12.07854549586773,0.6428920710459352,12.07854549586773,4,4
21,20,0,-0.057073816657066345,131072,0,0,0.0,0.1716766357421875,0.10616302490234375,36.22736358642578,30.128984451293945,0.08024825900793076,0.08256035298109055,0.5595541000366211,0.4036928415298462,0.0012751680333167315,0.0012949204101460055,0.0012554156564874575,0.914577154442668,2.7458068430423737,0.914577154442668,2.7458068430423737,4,4
21,20,1,-0.057073816657066345,131072,0,0,0.0,0.15477752685546875,0.1001434326171875,31.937419891357422,26.944766998291016,0.07347605377435684,0.07835452258586884,0.5422134399414062,0.40853261947631836,0.0012751680333167315,0.0012949204101460055,0.0012554156564874575,0.914577154442668,2.7458068430423737,0.914577154442668,2.7458068430423737,4,4
22,21,0,-0.015652036294341087,131072,0,0,0.0,0.00437164306640625,0.00173187255859375,8.070871353149414,8.028696060180664,0.030238550156354904,0.046221792697906494,0.29648223519325256,0.3566542863845825,0.0026197234983555973,0.002452435379382223,0.0027870116173289716,0.6009232271462679,1.0086356978863478,0.6009232271462679,1.0086356978863478,4,4
22,21,1,-0.015652036294341087,131072,0,0,0.0,0.00585174560546875,0.00399017333984375,7.780945301055908,7.623328685760498,0.03037991374731064,0.04730580374598503,0.30437010526657104,0.35664522647857666,0.0026197234983555973,0.002452435379382223,0.0027870116173289716,0.6009232271462679,1.0086356978863478,0.6009232271462679,1.0086356978863478,4,4
23,22,0,-0.013777956366539001,131072,0,0,0.0,0.0,0.0,6.93570613861084,6.93570613861084,0.020062949508428574,0.01777966134250164,0.2706526219844818,0.2495790719985962,0.0021943423489574343,0.0019599812221713364,0.002428703475743532,0.7214629473164678,0.9662913465872407,0.7214629473164678,0.9662913465872407,4,4
23,22,1,-0.013777956366539001,131072,0,0,0.0,0.0,0.0,6.842230796813965,6.842230796813965,0.02156774513423443,0.018513107672333717,0.27461904287338257,0.29217636585235596,0.0021943423489574343,0.0019599812221713364,0.002428703475743532,0.7214629473164678,0.9662913465872407,0.7214629473164678,0.9662913465872407,4,4
24,23,0,-0.018772996962070465,131072,0,0,0.0,0.0,0.0,9.521980285644531,9.521980285644531,0.021277226507663727,0.009246665053069592,0.3184231221675873,0.03773629665374756,0.0020869715663138777,0.0020003474201075733,0.002173595712520182,0.8846268216148019,2.916200887411833,0.8846268216148019,2.916200887411833,4,4
24,23,1,-0.018772996962070465,131072,0,0,0.0,0.0,0.0,9.251063346862793,9.251063346862793,0.02262994647026062,0.008631329983472824,0.312136709690094,0.03137505054473877,0.0020869715663138777,0.0020003474201075733,0.002173595712520182,0.8846268216148019,2.916200887411833,0.8846268216148019,2.916200887411833,4,4
25,24,0,-0.022930925711989403,131072,0,256,0.0,0.0,0.0,12.040047645568848,12.040047645568848,0.021409323439002037,0.008516214787960052,0.37052449584007263,0.039737701416015625,0.0005513467622222379,0.000519614972290583,0.0005830785521538928,0.8247005050070584,1.8983420319855213,0.8247005050070584,1.8983420319855213,4,4
25,24,1,-0.022930925711989403,131072,0,256,0.0,0.0,0.0,10.890863418579102,10.890863418579102,0.023109637200832367,0.008070663549005985,0.34768369793891907,0.03709423542022705,0.0005513467622222379,0.000519614972290583,0.0005830785521538928,0.8247005050070584,1.8983420319855213,0.8247005050070584,1.8983420319855213,4,4
26,25,0,-0.014340631663799286,131072,0,0,0.0,0.0010833740234375,0.0,8.590161323547363,8.590161323547363,0.03142700716853142,0.06265316158533096,0.23081424832344055,0.3176593780517578,0.0011946717713726684,0.0011625008773989975,0.0012268426653463393,0.9338813982903957,8.936693772673607,0.9338813982903957,8.936693772673607,4,4
26,25,1,-0.014340631663799286,131072,0,0,0.0,0.001617431640625,0.00022125244140625,5.754973888397217,5.750463008880615,0.03034489043056965,0.06387999653816223,0.23158994317054749,0.3419172763824463,0.0011946717713726684,0.0011625008773989975,0.0012268426653463393,0.9338813982903957,8.936693772673607,0.9338813982903957,8.936693772673607,4,4
27,26,0,-0.0553605780005455,131072,0,0,0.0,0.14202880859375,0.06273651123046875,28.301328659057617,26.004690170288086,0.07645746320486069,0.07691475749015808,0.6252279877662659,0.37889599800109863,0.002978614065796137,0.0028821241576224566,0.003075103973969817,1.1448647491633892,4.8971701338887215,1.1448647491633892,4.8971701338887215,4,4
27,26,1,-0.0553605780005455,131072,0,0,0.0,0.1786956787109375,0.11309051513671875,34.834197998046875,29.355710983276367,0.07953625172376633,0.0835801213979721,0.6553890705108643,0.3932926654815674,0.002978614065796137,0.0028821241576224566,0.003075103973969817,1.1448647491633892,4.8971701338887215,1.1448647491633892,4.8971701338887215,4,4
28,27,0,-0.022728336974978447,131072,0,0,0.0,0.00594329833984375,0.00146484375,11.779647827148438,11.72590446472168,0.033390842378139496,0.05932693928480148,0.3580010235309601,0.3574882745742798,0.0021582348563242704,0.002076926873996854,0.002239542838651687,0.7719219634309411,0.9877602308988571,0.7719219634309411,0.9877602308988571,4,4
28,27,1,-0.022728336974978447,131072,0,0,0.0,0.00635528564453125,0.003143310546875,11.143237113952637,11.00239086151123,0.03526187688112259,0.0599249042570591,0.3729707598686218,0.37930476665496826,0.0021582348563242704,0.002076926873996854,0.002239542838651687,0.7719219634309411,0.9877602308988571,0.7719219634309411,0.9877602308988571,4,4
29,28,0,-0.01620723307132721,131072,0,0,0.0,0.00138092041015625,0.0,8.255245208740234,8.255245208740234,0.02688717655837536,0.028046512976288795,0.30913716554641724,0.32739806175231934,0.0038415202870965004,0.003752270247787237,0.003930770326405764,0.9077957756817341,0.42878948990255594,0.9077957756817341,0.42878948990255594,4,4
29,28,1,-0.01620723307132721,131072,0,0,0.0,0.0,0.0,7.951955795288086,7.951955795288086,0.02735273540019989,0.026088956743478775,0.32049834728240967,0.27768802642822266,0.0038415202870965004,0.003752270247787237,0.003930770326405764,0.9077957756817341,0.42878948990255594,0.9077957756817341,0.42878948990255594,4,4
30,29,0,-0.017230084165930748,131072,0,0,0.0,0.0,0.0,8.379451751708984,8.379451751708984,0.02346993051469326,0.008848031982779503,0.29250603914260864,0.031005382537841797,0.0030328859575092793,0.002988147782161832,0.0030776241328567266,0.7771620471030474,2.7725870478898287,0.7771620471030474,2.7725870478898287,4,4
30,29,1,-0.017230084165930748,131072,0,0,0.0,0.0,0.0,8.850624084472656,8.850624084472656,0.025305645540356636,0.009781657718122005,0.3047034442424774,0.03447914123535156,0.0030328859575092793,0.002988147782161832,0.0030776241328567266,0.7771620471030474,2.7725870478898287,0.7771620471030474,2.7725870478898287,4,4
31,30,0,-0.01994234137237072,131072,0,0,0.0,0.0,0.0,9.315972328186035,9.315972328186035,0.021729053929448128,0.010476450435817242,0.3180540204048157,0.03924059867858887,0.003300366399344057,0.0031386319897137582,0.0034621008089743555,0.5445704525336623,4.331932660192251,0.5445704525336623,4.331932660192251,4,4
31,30,1,-0.01994234137237072,131072,0,0,0.0,0.0,0.0,10.626338958740234,10.626338958740234,0.024515707045793533,0.011512735858559608,0.34708264470100403,0.03696489334106445,0.003300366399344057,0.0031386319897137582,0.0034621008089743555,0.5445704525336623,4.331932660192251,0.5445704525336623,4.331932660192251,4,4
32,31,0,-0.012587158009409904,131072,0,256,0.0,0.0,0.0,6.534176826477051,6.534176826477051,0.024546604603528976,0.04071822762489319,0.20573647320270538,0.2591797113418579,0.004369296017102897,0.004323285771533847,0.0044153062626719475,0.7954169176518917,3.4897297769784927,0.7954169176518917,3.4897297769784927,4,4
32,31,1,-0.012587158009409904,131072,0,256,0.0,0.0,0.0,6.0529985427856445,6.0529985427856445,0.02462927997112274,0.04077763855457306,0.22159022092819214,0.253703236579895,0.004369296017102897,0.004323285771533847,0.0044153062626719475,0.7954169176518917,3.4897297769784927,0.7954169176518917,3.4897297769784927,4,4
33,32,0,-0.04634139686822891,131072,0,0,0.0,0.10101318359375,0.0478973388671875,25.659008026123047,23.522537231445312,0.07073432952165604,0.07995002716779709,0.6220481991767883,0.3828810453414917,0.0033673042489681393,0.003400148474611342,0.0033344600233249366,0.7099496712908149,7.208044853061438,0.7099496712908149,7.208044853061438,4,4
33,32,1,-0.04634139686822891,131072,0,0,0.0,0.12841033935546875,0.073272705078125,25.736434936523438,22.818889617919922,0.07457392662763596,0.08228380978107452,0.6632622480392456,0.398445725440979,0.0033673042489681393,0.003400148474611342,0.0033344600233249366,0.7099496712908149,7.208044853061438,0.7099496712908149,7.208044853061438,4,4
34,33,0,-0.03178983926773071,131072,0,0,0.0,0.023529052734375,0.01387786865234375,16.679889678955078,16.07802963256836,0.041120123118162155,0.0700572282075882,0.4835294783115387,0.38494884967803955,0.0007514074895880185,0.0007372072723228484,0.0007656077068531886,0.6201691459864378,2.809588313102722,0.6201691459864378,2.809588313102722,4,4
34,33,1,-0.03178983926773071,131072,0,0,0.0,0.02154541015625,0.013397216796875,16.209976196289062,15.711806297302246,0.04101322591304779,0.07002218812704086,0.4924357235431671,0.37277472019195557,0.0007514074895880185,0.0007372072723228484,0.0007656077068531886,0.6201691459864378,2.809588313102722,0.6201691459864378,2.809588313102722,4,4
35,34,0,-0.02324979193508625,131072,0,0,0.0,0.0,0.0,11.022564888000488,11.022564888000488,0.023646829649806023,0.033393725752830505,0.4115913510322571,0.2935667037963867,0.001376428350340575,0.0013991840241942555,0.0013536726764868945,0.8131257332861423,2.4229366909712553,0.8131257332861423,2.4229366909712553,4,4
35,34,1,-0.02324979193508625,131072,0,0,0.0,0.0,0.0,12.227141380310059,12.227141380310059,0.025519419461488724,0.03490181267261505,0.44424837827682495,0.2909008264541626,0.001376428350340575,0.0013991840241942555,0.0013536726764868945,0.8131257332861423,2.4229366909712553,0.8131257332861423,2.4229366909712553,4,4
36,35,0,-0.02999267354607582,131072,0,0,0.0,0.0,0.0,13.878032684326172,13.878032684326172,0.019974183291196823,0.009512240067124367,0.42829710245132446,0.04990041255950928,0.0036678340984508395,0.003710452001541853,0.003625216195359826,1.153225626796484,6.213771108537912,1.153225626796484,6.213771108537912,4,4
36,35,1,-0.02999267354607582,131072,0,0,0.0,0.0,0.0,16.114723205566406,16.114723205566406,0.020884698256850243,0.010268587619066238,0.46843889355659485,0.036760807037353516,0.0036678340984508395,0.003710452001541853,0.003625216195359826,1.153225626796484,6.213771108537912,1.153225626796484,6.213771108537912,4,4
37,36,0,-0.03391694277524948,131072,0,0,0.0,0.0,0.0,15.551506042480469,15.551506042480469,0.020799748599529266,0.007905235514044762,0.4656810164451599,0.03457212448120117,0.005468797928187996,0.005390532896853983,0.005547062959522009,1.8271417282521725,7.153742276132107,1.8271417282521725,7.153742276132107,4,4
37,36,1,-0.03391694277524948,131072,0,0,0.0,0.0,0.0,18.365415573120117,18.365415573120117,0.022966638207435608,0.008539626374840736,0.5179523825645447,0.027518391609191895,0.005468797928187996,0.005390532896853983,0.005547062959522009,1.8271417282521725,7.153742276132107,1.8271417282521725,7.153742276132107,4,4
38,37,0,-0.020097091794013977,131072,0,256,0.0,0.0,0.0,9.219125747680664,9.219125747680664,0.02469663880765438,0.018667155876755714,0.342516154050827,0.12785398960113525,0.0016748603084124625,0.0016779606230556965,0.0016717599937692285,0.6413982044905424,9.379511564970016,0.6413982044905424,9.379511564970016,4,4
38,37,1,-0.020097091794013977,131072,0,256,0.0,0.0,0.0,10.87783145904541,10.87783145904541,0.024273009970784187,0.019883086904883385,0.3867816627025604,0.12135326862335205,0.0016748603084124625,0.0016779606230556965,0.0016717599937692285,0.6413982044905424,9.379511564970016,0.6413982044905424,9.379511564970016,4,4
39,38,0,-0.036838166415691376,131072,0,0,0.0,0.07407379150390625,0.03455352783203125,21.807044982910156,20.52695655822754,0.05930551514029503,0.0785682201385498,0.5406237840652466,0.3884831666946411,0.001897076130262576,0.0018314129556529224,0.0019627393048722297,0.8991987369954586,7.568142715841532,0.8991987369954586,7.568142715841532,4,4
39,38,1,-0.036838166415691376,131072,0,0,0.0,0.07936859130859375,0.03742218017578125,17.75725746154785,16.311208724975586,0.0588236004114151,0.08118544518947601,0.5628660321235657,0.38420796394348145,0.001897076130262576,0.0018314129556529224,0.0019627393048722297,0.8991987369954586,7.568142715841532,0.8991987369954586,7.568142715841532,4,4
40,39,0,-0.04032617062330246,131072,0,0,0.0,0.06070709228515625,0.03226470947265625,20.99116325378418,19.699434280395508,0.05197965353727341,0.07519931346178055,0.5658584237098694,0.38710784912109375,0.0020054589986102656,0.0019539826025720686,0.0020569353946484625,0.8940305467694998,1.304571244865656,0.8940305467694998,1.304571244865656,4,4
40,39,1,-0.04032617062330246,131072,0,0,0.0,0.06627655029296875,0.04015350341796875,22.08772087097168,20.626680374145508,0.05392959713935852,0.0787089392542839,0.6181411743164062,0.37538397312164307,0.0020054589986102656,0.0019539826025720686,0.0020569353946484625,0.8940305467694998,1.304571244865656,0.8940305467694998,1.304571244865656,4,4
41,40,0,-0.02445365861058235,131072,0,0,0.0,0.00072479248046875,0.0,11.672478675842285,11.672478675842285,0.025297919288277626,0.04246744140982628,0.4040566384792328,0.31318700313568115,0.0005521500243048649,0.0005425891649792902,0.0005617108836304396,0.618182685226202,3.2127816788852215,0.618182685226202,3.2127816788852215,4,4
41,40,1,-0.02445365861058235,131072,0,0,0.0,0.00124359130859375,0.0001678466796875,12.78158950805664,12.781179428100586,0.02794969640672207,0.04341665655374527,0.44457942247390747,0.32899391651153564,0.0005521500243048649,0.0005425891649792902,0.0005617108836304396,0.618182685226202,3.2127816788852215,0.618182685226202,3.2127816788852215,4,4
42,41,0,-0.024848276749253273,131072,0,0,0.0,0.0,0.0,11.650684356689453,11.650684356689453,0.021497229114174843,0.010211742483079433,0.3807387053966522,0.15230846405029297,0.0032256187696475536,0.003113785060122609,0.003337452479172498,0.8353938404470682,3.285132732242346,0.8353938404470682,3.285132732242346,4,4
42,41,1,-0.024848276749253273,131072,0,0,0.0,0.0,0.0,13.197608947753906,13.197608947753906,0.023757202550768852,0.009672840125858784,0.4046132266521454,0.1668694019317627,0.0032256187696475536,0.003113785060122609,0.003337452479172498,0.8353938404470682,3.285132732242346,0.8353938404470682,3.285132732242346,4,4
43,42,0,-0.026074595749378204,131072,0,0,0.0,0.0,0.0,12.450971603393555,12.450971603393555,0.02021622471511364,0.008017346262931824,0.3948744535446167,0.029676079750061035,0.001740491672535427,0.0017187792400363833,0.0017622041050344706,0.4824643097817898,4.8851135186851025,0.4824643097817898,4.8851135186851025,4,4
43,42,1,-0.026074595749378204,131072,0,0,0.0,0.0,0.0,13.623677253723145,13.623677253723145,0.021350983530282974,0.007593543268740177,0.41227978467941284,0.025781869888305664,0.001740491672535427,0.0017187792400363833,0.0017622041050344706,0.4824643097817898,4.8851135186851025,0.4824643097817898,4.8851135186851025,4,4
44,43,0,-0.020513158291578293,131072,0,256,0.0,0.0,0.0,9.944089889526367,9.944089889526367,0.024303719401359558,0.007078607566654682,0.35364246368408203,0.03161501884460449,0.0017657941643847153,0.0018117619038093835,0.001719826424960047,0.525264460593462,8.279605887830257,0.525264460593462,8.279605887830257,4,4
44,43,1,-0.020513158291578293,131072,0,256,0.0,0.0,0.0,10.568974494934082,10.568974494934082,0.024723654612898827,0.006909798830747604,0.3614365756511688,0.027882933616638184,0.0017657941643847153,0.0018117619038093835,0.001719826424960047,0.525264460593462,8.279605887830257,0.525264460593462,8.279605887830257,4,4
45,44,0,-0.02409718930721283,131072,0,0,0.0,0.0222015380859375,0.0082244873046875,15.167442321777344,15.02471923828125,0.04712897166609764,0.07724222540855408,0.4156434237957001,0.3493856191635132,0.0032694210531190038,0.00316786568146199,0.0033709764247760177,0.8711584210395813,6.402713134884834,0.8711584210395813,6.402713134884834,4,4
45,44,1,-0.02409718930721283,131072,0,0,0.0,0.01886749267578125,0.00439453125,9.182076454162598,9.07251262664795,0.042914509773254395,0.0746408998966217,0.3904525339603424,0.3604515790939331,0.0032694210531190038,0.00316786568146199,0.0033709764247760177,0.8711584210395813,6.402713134884834,0.8711584210395813,6.402713134884834,4,4
46,45,0,-0.04648257791996002,131072,0,0,0.0,0.09345245361328125,0.0444488525390625,24.916481018066406,23.77700424194336,0.06893020123243332,0.07760991156101227,0.7107582092285156,0.3647376298904419,0.003121233225101605,0.0030377146904356778,0.0032047517597675323,0.8228013031184673,3.0175909623503685,0.8228013031184673,3.0175909623503685,4,4
46,45,1,-0.04648257791996002,131072,0,0,0.0,0.10395050048828125,0.0420379638671875,23.71898651123047,22.705509185791016,0.06640466302633286,0.07751794159412384,0.6876688599586487,0.3681330680847168,0.003121233225101605,0.0030377146904356778,0.0032047517597675323,0.8228013031184673,3.0175909623503685,0.8228013031184673,3.0175909623503685,4,4
47,46,0,-0.02980021759867668,131072,0,0,0.0,0.0013275146484375,0.0,15.48287582397461,15.48287582397461,0.029943589121103287,0.047143276780843735,0.5152453184127808,0.32249510288238525,0.0008038796440814622,0.0008216208079829812,0.0007861384801799431,0.5273423921316862,4.111035667359829,0.5273423921316862,4.111035667359829,4,4
47,46,1,-0.02980021759867668,131072,0,0,0.0,0.00433349609375,0.00174713134765625,14.377633094787598,14.317374229431152,0.029180534183979034,0.04565078392624855,0.48461535573005676,0.3600461483001709,0.0008038796440814622,0.0008216208079829812,0.0007861384801799431,0.5273423921316862,4.111035667359829,0.5273423921316862,4.111035667359829,4,4
48,47,0,-0.030802711844444275,131072,0,0,0.0,0.0,0.0,15.81477165222168,15.81477165222168,0.020746827125549316,0.016961172223091125,0.49156156182289124,0.24632716178894043,0.0027426413726061583,0.002833795500919223,0.0026514872442930937,0.6585701513104141,6.080072438344359,0.6585701513104141,6.080072438344359,4,4
48,47,1,-0.030802711844444275,131072,0,0,0.0,0.00043487548828125,0.0,14.987936019897461,14.987936019897461,0.022263627499341965,0.01830436661839485,0.46943676471710205,0.31286466121673584,0.0027426413726061583,0.002833795500919223,0.0026514872442930937,0.6585701513104141,6.080072438344359,0.6585701513104141,6.080072438344359,4,4
49,48,0,-0.03336922079324722,131072,0,0,0.0,0.0,0.0,16.899917602539062,16.899917602539062,0.01979251205921173,0.007509614806622267,0.48316124081611633,0.027827978134155273,0.0025599292712286115,0.0024787226575426757,0.002641135884914547,0.4575844877399504,14.340583473443985,0.4575844877399504,14.340583473443985,4,4
49,48,1,-0.03336922079324722,131072,0,0,0.0,0.0,0.0,16.469398498535156,16.469398498535156,0.020993733778595924,0.008223561570048332,0.4729841649532318,0.029159188270568848,0.0025599292712286115,0.0024787226575426757,0.002641135884914547,0.4575844877399504,14.340583473443985,0.4575844877399504,14.340583473443985,4,4
50,49,0,-0.033755525946617126,131072,0,256,0.0,0.0,0.0,16.750988006591797,16.750988006591797,0.0188688263297081,0.00778901157900691,0.482310026884079,0.02620565891265869,0.004185212368611246,0.003971071797423065,0.004399352939799428,0.8642445257864892,14.912134170532227,0.8642445257864892,14.912134170532227,4,4
50,49,1,-0.033755525946617126,131072,0,256,0.0,0.0,0.0,17.004392623901367,17.004392623901367,0.019515205174684525,0.008104384876787663,0.4888904094696045,0.027939915657043457,0.004185212368611246,0.003971071797423065,0.004399352939799428,0.8642445257864892,14.912134170532227,0.8642445257864892,14.912134170532227,4,4
51,50,0,-0.014109840616583824,131072,0,0,0.0,0.00064849853515625,0.0,8.732927322387695,8.732927322387695,0.03223535418510437,0.06367043405771255,0.23654812574386597,0.3185533285140991,0.0031081171764526516,0.0032183516304939985,0.0029978827224113047,0.5505494270473719,6.176350746303797,0.5505494270473719,6.176350746303797,4,4
51,50,1,-0.014109840616583824,131072,0,0,0.0,0.00052642822265625,0.0,5.376931190490723,5.376931190490723,0.030135124921798706,0.06193142756819725,0.22968287765979767,0.3147014379501343,0.0031081171764526516,0.0032183516304939985,0.0029978827224113047,0.5505494270473719,6.176350746303797,0.5505494270473719,6.176350746303797,4,4
52,51,0,-0.04015325754880905,131072,0,0,0.0,0.07895660400390625,0.02295684814453125,21.793853759765625,21.125171661376953,0.07185064256191254,0.07566303759813309,0.7405889630317688,0.36238670349121094,0.004273603612091392,0.004109419067390263,0.0044377881567925215,1.1246035769581795,2.1830104906111956,1.1246035769581795,2.1830104906111956,4,4
52,51,1,-0.04015325754880905,131072,0,0,0.0,0.078704833984375,0.03208160400390625,19.912220001220703,19.02814483642578,0.0692918598651886,0.07709112018346786,0.7120271325111389,0.3603503704071045,0.004273603612091392,0.004109419067390263,0.0044377881567925215,1.1246035769581795,2.1830104906111956,1.1246035769581795,2.1830104906111956,4,4
53,52,0,-0.029911912977695465,131072,0,0,0.0,0.00237274169921875,0.00014495849609375,15.41067886352539,15.410345077514648,0.029884036630392075,0.0527893528342247,0.5376218557357788,0.32642602920532227,0.0029392157157417387,0.002849386597517878,0.0030290448339655995,0.6862745862454176,6.749008387327194,0.6862745862454176,6.749008387327194,4,4
53,52,1,-0.029911912977695465,131072,0,0,0.0,0.00444793701171875,0.00032806396484375,14.503496170043945,14.501583099365234,0.03250785917043686,0.05288849398493767,0.5574019551277161,0.3291212320327759,0.0029392157157417387,0.002849386597517878,0.0030290448339655995,0.6862745862454176,6.749008387327194,0.6862745862454176,6.749008387327194,4,4
54,53,0,-0.03165081888437271,131072,0,0,0.0,0.0,0.0,15.761568069458008,15.761568069458008,0.02375728078186512,0.024088693782687187,0.533409833908081,0.2940027713775635,0.002629082737257704,0.002684992679860443,0.0025731727946549654,0.49933147616684437,7.591731250286102,0.49933147616684437,7.591731250286102,4,4
54,53,1,-0.03165081888437271,131072,0,0,0.0,4.57763671875e-05,0.0,15.889154434204102,15.889154434204102,0.02495255321264267,0.026718992739915848,0.5458155274391174,0.3034052848815918,0.002629082737257704,0.002684992679860443,0.0025731727946549654,0.49933147616684437,7.591731250286102,0.49933147616684437,7.591731250286102,4,4
55,54,0,-0.037060171365737915,131072,0,0,0.0,0.0,0.0,18.15329360961914,18.15329360961914,0.019516248255968094,0.007476876489818096,0.5200461745262146,0.026641011238098145,0.0033758249774109572,0.003068910853471607,0.0036827391013503075,0.6418145960196853,8.58222720399499,0.6418145960196853,8.58222720399499,4,4
55,54,1,-0.037060171365737915,131072,0,0,0.0,0.0,0.0,18.906667709350586,18.906667709350586,0.021273985505104065,0.008384635671973228,0.5287925601005554,0.027408480644226074,0.0033758249774109572,0.003068910853471607,0.0036827391013503075,0.6418145960196853,8.58222720399499,0.6418145960196853,8.58222720399499,4,4
56,55,0,-0.037593185901641846,131072,0,0,0.0,0.0,0.0,18.349349975585938,18.349349975585938,0.020061202347278595,0.008378632366657257,0.5207597017288208,0.030152559280395508,0.0011783798545366153,0.00126153469318524,0.0010952250158879906,0.37767075560986996,7.492116425186396,0.37767075560986996,7.492116425186396,4,4
56,55,1,-0.037593185901641846,131072,0,0,0.0,0.0,0.0,19.243764877319336,19.243764877319336,0.021414782851934433,0.009363280609250069,0.5328704118728638,0.02904808521270752,0.0011783798545366153,0.00126153469318524,0.0010952250158879906,0.37767075560986996,7.492116425186396,0.37767075560986996,7.492116425186396,4,4
57,56,0,-0.017334137111902237,131072,0,256,0.0,0.0,0.0,9.06734848022461,9.06734848022461,0.024444134905934334,0.04399028792977333,0.28600215911865234,0.24172067642211914,0.0029312497936189175,0.0027852755738422275,0.0030772240133956075,0.831699532456696,10.163686200976372,0.831699532456696,10.163686200976372,4,4
57,56,1,-0.017334137111902237,131072,0,256,0.0,0.0,0.0,8.266851425170898,8.266851425170898,0.02452876791357994,0.04193354398012161,0.2933382987976074,0.23608124256134033,0.0029312497936189175,0.0027852755738422275,0.0030772240133956075,0.831699532456696,10.163686200976372,0.831699532456696,10.163686200976372,4,4
58,57,0,-0.03457942605018616,131072,0,0,0.0,0.04854583740234375,0.01172637939453125,20.383691787719727,20.155813217163086,0.06784793734550476,0.08276987820863724,0.7077508568763733,0.36166441440582275,0.0038746674836147577,0.0038972816546447575,0.003852053312584758,0.9908905550837517,3.5466287955641747,0.9908905550837517,3.5466287955641747,4,4
58,57,1,-0.03457942605018616,131072,0,0,0.0,0.0419921875,0.012420654296875,14.734862327575684,14.423556327819824,0.0645163357257843,0.08210691809654236,0.6954696178436279,0.35100817680358887,0.0038746674836147577,0.0038972816546447575,0.003852053312584758,0.9908905550837517,3.5466287955641747,0.9908905550837517,3.5466287955641747,4,4
59,58,0,-0.033358603715896606,131072,0,0,0.0,0.0065460205078125,0.001617431640625,17.398107528686523,17.37665367126465,0.03690142184495926,0.06347516179084778,0.6443012356758118,0.33689773082733154,0.0018552688270574436,0.0018189258989877999,0.0018916117551270872,0.5845856377854943,4.386115409433842,0.5845856377854943,4.386115409433842,4,4
59,58,1,-0.033358603715896606,131072,0,0,0.0,0.0083465576171875,0.002777099609375,16.009765625,15.981921195983887,0.03606899082660675,0.06361608952283859,0.6348135471343994,0.3372381925582886,0.0018552688270574436,0.0018189258989877999,0.0018916117551270872,0.5845856377854943,4.386115409433842,0.5845856377854943,4.386115409433842,4,4
60,59,0,-0.03655896335840225,131072,0,0,0.0,0.002197265625,0.0,18.967859268188477,18.967859268188477,0.025597693398594856,0.03488640859723091,0.6081140637397766,0.3094834089279175,0.0006288827535172459,0.0006212777079781517,0.00063648779905634,0.5096719171851873,13.568071082234383,0.5096719171851873,13.568071082234383,4,4
60,59,1,-0.03655896335840225,131072,0,0,0.0,0.0,0.0,17.591140747070312,17.591140747070312,0.024951472878456116,0.034804586321115494,0.6023953557014465,0.2530972957611084,0.0006288827535172459,0.0006212777079781517,0.00063648779905634,0.5096719171851873,13.568071082234383,0.5096719171851873,13.568071082234383,4,4
61,60,0,-0.04285693168640137,131072,0,0,0.0,0.0,0.0,21.58807945251465,21.58807945251465,0.02068169414997101,0.007450053934007883,0.581968367099762,0.030275940895080566,0.003362396120792255,0.0032034037285484374,0.0035213885130360723,0.7172677954658866,16.820619076490402,0.7172677954658866,16.820619076490402,4,4
61,60,1,-0.04285693168640137,131072,0,0,0.0,0.0,0.0,21.26845359802246,21.26845359802246,0.022610202431678772,0.007790765725076199,0.581707239151001,0.029579997062683105,0.003362396120792255,0.0032034037285484374,0.0035213885130360723,0.7172677954658866,16.820619076490402,0.7172677954658866,16.820619076490402,4,4
62,61,0,-0.04257848113775253,131072,0,0,0.0,0.0,0.0,21.431005477905273,21.431005477905273,0.020589930936694145,0.00770676601678133,0.579138457775116,0.03335845470428467,0.001621074989088811,0.0015504740877076983,0.0016916758904699236,0.5584950414486229,13.935059316456318,0.5584950414486229,13.935059316456318,4,4
62,61,1,-0.04257848113775253,131072,0,0,0.0,0.0,0.0,21.147432327270508,21.147432327270508,0.022885290905833244,0.007372818887233734,0.5780584812164307,0.027205228805541992,0.001621074989088811,0.0015504740877076983,0.0016916758904699236,0.5584950414486229,13.935059316456318,0.5584950414486229,13.935059316456318,4,4
63,62,0,-0.023416124284267426,131072,0,256,0.0,0.0,0.0,11.899717330932617,11.899717330932617,0.02500537596642971,0.021401984617114067,0.4084825813770294,0.14837193489074707,0.0033775065385270864,0.00331808376358822,0.003436929313465953,0.9732104288414121,14.811948198825121,0.9732104288414121,14.811948198825121,4,4
63,62,1,-0.023416124284267426,131072,0,256,0.0,0.0,0.0,11.516382217407227,11.516382217407227,0.025436030700802803,0.021455315873026848,0.40531858801841736,0.15081512928009033,0.0033775065385270864,0.00331808376358822,0.003436929313465953,0.9732104288414121,14.811948198825121,0.9732104288414121,14.811948198825121,4,4
64,63,0,-0.028123408555984497,131072,0,0,0.0,0.01580810546875,0.0042572021484375,17.237327575683594,17.158483505249023,0.051869962364435196,0.08317246288061142,0.5955034494400024,0.3502877950668335,0.001923315692692995,0.0020150132768321782,0.001831618108553812,0.8183299992233515,8.611817419528961,0.8183299992233515,8.611817419528961,4,4
64,63,1,-0.028123408555984497,131072,0,0,0.0,0.0263214111328125,0.0061187744140625,11.094743728637695,10.964885711669922,0.05014653131365776,0.08240460604429245,0.5798500180244446,0.35372769832611084,0.001923315692692995,0.0020150132768321782,0.001831618108553812,0.8183299992233515,8.611817419528961,0.8183299992233515,8.611817419528961,4,4
65,64,0,-0.03377960994839668,131072,0,0,0.0,0.0135650634765625,0.003814697265625,17.862239837646484,17.750904083251953,0.04564252123236656,0.06685787439346313,0.7874477505683899,0.354689359664917,0.0045467279851436615,0.004296583938412368,0.004796872031874955,1.0006397999823093,5.498104438185692,1.0006397999823093,5.498104438185692,4,4
65,64,1,-0.03377960994839668,131072,0,0,0.0,0.02362060546875,0.0044403076171875,16.109188079833984,16.02878189086914,0.04453306645154953,0.06750114262104034,0.7665037512779236,0.34144866466522217,0.0045467279851436615,0.004296583938412368,0.004796872031874955,1.0006397999823093,5.498104438185692,1.0006397999823093,5.498104438185692,4,4
66,65,0,-0.04262114316225052,131072,0,0,0.0,0.00099945068359375,0.0,22.48479652404785,22.48479652404785,0.02832605130970478,0.04214177653193474,0.6853601336479187,0.32527291774749756,0.0009455312974750996,0.0008914807549444959,0.0009995818400057033,0.4786807205528021,16.499481596052647,0.4786807205528021,16.499481596052647,4,4
66,65,1,-0.04262114316225052,131072,0,0,0.0,0.0,0.0,20.13643455505371,20.13643455505371,0.028143171221017838,0.040583737194538116,0.6812844276428223,0.27206289768218994,0.0009455312974750996,0.0008914807549444959,0.0009995818400057033,0.4786807205528021,16.499481596052647,0.4786807205528021,16.499481596052647,4,4
67,66,0,-0.04879117012023926,131072,0,0,0.0,0.0,0.0,24.74735450744629,24.74735450744629,0.025099895894527435,0.008118527941405773,0.6661986708641052,0.1407989263534546,0.003418018954107538,0.0031906492658890784,0.0036453886423259974,0.9055125042796135,17.492648795247078,0.9055125042796135,17.492648795247078,4,4
67,66,1,-0.04879117012023926,131072,0,0,0.0,0.0,0.0,24.043798446655273,24.043798446655273,0.028493421152234077,0.008632136508822441,0.6574101448059082,0.14248859882354736,0.003418018954107538,0.0031906492658890784,0.0036453886423259974,0.9055125042796135,17.492648795247078,0.9055125042796135,17.492648795247078,4,4
68,67,0,-0.04946638643741608,131072,0,0,0.0,0.0,0.0,24.948307037353516,24.948307037353516,0.023369362577795982,0.0076776123605668545,0.6575078964233398,0.03149914741516113,0.003534420393407345,0.003472483833320439,0.0035963569534942508,0.9299706537276506,29.029034227132797,0.9299706537276506,29.029034227132797,4,4
68,67,1,-0.04946638643741608,131072,0,0,0.0,0.0,0.0,24.518144607543945,24.518144607543945,0.02689209021627903,0.008846480399370193,0.6501096487045288,0.03304290771484375,0.003534420393407345,0.003472483833320439,0.0035963569534942508,0.9299706537276506,29.029034227132797,0.9299706537276506,29.029034227132797,4,4
69,68,0,-0.03700682893395424,131072,0,256,0.0,0.0,0.0,18.518617630004883,18.518617630004883,0.024723263457417488,0.007731545716524124,0.5579007267951965,0.027105093002319336,0.0030997665890026838,0.0029691802919842303,0.0032303528860211372,0.807998351752758,23.385992512106895,0.807998351752758,23.385992512106895,4,4
69,68,1,-0.03700682893395424,131072,0,256,0.0,0.0,0.0,18.48811912536621,18.48811912536621,0.026346709579229355,0.009051359258592129,0.5593441128730774,0.035891175270080566,0.0030997665890026838,0.0029691802919842303,0.0032303528860211372,0.807998351752758,23.385992512106895,0.807998351752758,23.385992512106895,4,4
70,69,0,-0.02089690789580345,131072,0,0,0.0,0.00260162353515625,0.000640869140625,13.198284149169922,13.188774108886719,0.04061102122068405,0.07759624719619751,0.4297509491443634,0.3320338726043701,0.002155483995011309,0.0021759741139248945,0.002134993876097724,1.14830307289958,7.764663249254227,1.14830307289958,7.764663249254227,4,4
70,69,1,-0.02089690789580345,131072,0,0,0.0,0.00522613525390625,0.00157928466796875,7.734712600708008,7.708148956298828,0.039930928498506546,0.0761185884475708,0.41544967889785767,0.339272141456604,0.002155483995011309,0.0021759741139248945,0.002134993876097724,1.14830307289958,7.764663249254227,1.14830307289958,7.764663249254227,4,4
71,70,0,-0.030093654990196228,131072,0,0,0.0,0.0200042724609375,0.00382232666015625,15.99510669708252,15.95600414276123,0.05465872213244438,0.06828629225492477,0.8531379699707031,0.33378803730010986,0.0014285203360486776,0.001380805013468489,0.001476235658628866,0.7607059739530087,10.110990092158318,0.7607059739530087,10.110990092158318,4,4
71,70,1,-0.030093654990196228,131072,0,0,0.0,0.023834228515625,0.00757598876953125,14.287849426269531,14.137691497802734,0.05364570394158363,0.0712355375289917,0.8296331167221069,0.34247028827667236,0.0014285203360486776,0.001380805013468489,0.001476235658628866,0.7607059739530087,10.110990092158318,0.7607059739530087,10.110990092158318,4,4
72,71,0,-0.04211774840950966,131072,0,0,0.0,0.0,0.0,21.83742332458496,21.83742332458496,0.027232736349105835,0.04339992627501488,0.727936327457428,0.2836393117904663,0.002989897591760382,0.002788398298434913,0.003191396885085851,0.822924142703414,17.83896341919899,0.822924142703414,17.83896341919899,4,4
72,71,1,-0.04211774840950966,131072,0,0,0.0,0.0,0.0,20.280303955078125,20.280303955078125,0.028177497908473015,0.042964253574609756,0.7156363725662231,0.2904168367385864,0.002989897591760382,0.002788398298434913,0.003191396885085851,0.822924142703414,17.83896341919899,0.822924142703414,17.83896341919899,4,4
73,72,0,-0.05089714378118515,131072,0,0,0.0,0.0,0.00240325927734375,25.22356605529785,25.21634864807129,0.020887888967990875,0.016713878139853477,0.7225985527038574,0.2451537847518921,0.0011395312321837991,0.0010967565467581153,0.001182305917609483,0.5926390876993537,33.869720071554184,0.5926390876993537,33.869720071554184,4,4
73,72,1,-0.05089714378118515,131072,0,0,0.0,0.0,0.00102996826171875,25.69890594482422,25.6806640625,0.022165320813655853,0.018802812322974205,0.732756495475769,0.25184106826782227,0.0011395312321837991,0.0010967565467581153,0.001182305917609483,0.5926390876993537,33.869720071554184,0.5926390876993537,33.869720071554184,4,4
74,73,0,-0.05903135985136032,131072,0,0,0.0,0.0,0.00390625,28.65853500366211,28.637069702148438,0.019782861694693565,0.011034061200916767,0.7503304481506348,0.03432142734527588,0.000658547825878486,0.000678631360642612,0.0006384642911143601,0.7846940676681697,40.50871926546097,0.7846940676681697,40.50871926546097,4,4
74,73,1,-0.05903135985136032,131072,0,0,0.0,0.0,0.00390625,30.478052139282227,30.394243240356445,0.02135314792394638,0.013531356118619442,0.7892229557037354,0.04566788673400879,0.000658547825878486,0.000678631360642612,0.0006384642911143601,0.7846940676681697,40.50871926546097,0.7846940676681697,40.50871926546097,4,4
75,74,0,-0.06329773366451263,131072,0,256,0.0,0.0,0.008636474609375,30.16365623474121,30.11121940612793,0.020253269001841545,0.010872234590351582,0.7849915027618408,0.04282653331756592,0.0037351456994656473,0.0038176398957148194,0.0036526515032164752,0.5931901894509792,11.297843594104052,0.5931901894509792,11.297843594104052,4,4
75,74,1,-0.06329773366451263,131072,0,256,0.0,0.0,0.00390625,33.29225158691406,33.18647003173828,0.021747609600424767,0.013239646330475807,0.8592522144317627,0.03835725784301758,0.0037351456994656473,0.0038176398957148194,0.0036526515032164752,0.5931901894509792,11.297843594104052,0.5931901894509792,11.297843594104052,4,4
76,75,0,-0.013881570659577847,131072,0,0,0.0,0.0,0.0,8.46101188659668,8.46101188659668,0.028343502432107925,0.06298097223043442,0.2338438630104065,0.281046986579895,0.002370852875174023,0.0023396307951770723,0.002402074955170974,0.7752140183001757,18.83860620856285,0.7752140183001757,18.83860620856285,4,4
76,75,1,-0.013881570659577847,131072,0,0,0.0,0.000152587890625,0.0,5.420528411865234,5.420528411865234,0.028546346351504326,0.06549971550703049,0.2556341588497162,0.3113572597503662,0.002370852875174023,0.0023396307951770723,0.002402074955170974,0.7752140183001757,18.83860620856285,0.7752140183001757,18.83860620856285,4,4
77,76,0,-0.030261287465691566,131072,0,0,0.0,0.01288604736328125,0.00128936767578125,16.683696746826172,16.67721939086914,0.05998267978429794,0.07709788531064987,0.8452152013778687,0.32685160636901855,0.0034221952955704182,0.0032973120687529445,0.003547078522387892,0.8421196602284908,13.092712342739105,0.8421196602284908,13.092712342739105,4,4
77,76,1,-0.030261287465691566,131072,0,0,0.0,0.02146148681640625,0.00437164306640625,13.67897891998291,13.583958625793457,0.05867079645395279,0.08043278753757477,0.8625146746635437,0.34739649295806885,0.0034221952955704182,0.0032973120687529445,0.003547078522387892,0.8421196602284908,13.092712342739105,0.8421196602284908,13.092712342739105,4,4
78,77,0,-0.041328899562358856,131072,0,0,0.0,0.0,0.0,21.177438735961914,21.177438735961914,0.026666980236768723,0.05316832289099693,0.745718777179718,0.29201996326446533,0.002808483492117375,0.0028744988958351314,0.002742468088399619,0.7914140988141298,12.08657255768776,0.7914140988141298,12.08657255768776,4,4
78,77,1,-0.041328899562358856,131072,0,0,0.0,0.0,0.0,20.151409149169922,20.151409149169922,0.028599658980965614,0.05235189199447632,0.7919793725013733,0.2982912063598633,0.002808483492117375,0.0028744988958351314,0.002742468088399619,0.7914140988141298,12.08657255768776,0.7914140988141298,12.08657255768776,4,4
79,78,0,-0.05026034638285637,131072,0,0,0.0,0.0,0.0,24.68860626220703,24.68860626220703,0.023122314363718033,0.02377520315349102,0.7428551912307739,0.2707059383392334,0.0031174752803053707,0.0030236795428209007,0.0032112710177898407,0.7940451372414827,38.42219118028879,0.7940451372414827,38.42219118028879,4,4
79,78,1,-0.05026034638285637,131072,0,0,0.0,0.0,0.0,25.57182502746582,25.57182502746582,0.02375081554055214,0.022319629788398743,0.812443196773529,0.2248467206954956,0.0031174752803053707,0.0030236795428209007,0.0032112710177898407,0.7940451372414827,38.42219118028879,0.7940451372414827,38.42219118028879,4,4
80,79,0,-0.06071989983320236,131072,0,0,0.0,0.0,0.0,28.64228630065918,28.64228630065918,0.02055528573691845,0.00842835009098053,0.7226842045783997,0.03240692615509033,0.0008660874955239706,0.00086016277782619,0.0008720122132217512,0.6709855701774359,26.749966010451317,0.6709855701774359,26.749966010451317,4,4
80,79,1,-0.06071989983320236,131072,0,0,0.0,0.0,0.002899169921875,32.07892990112305,32.07767105102539,0.022792687639594078,0.009898372925817966,0.8313961625099182,0.03506600856781006,0.0008660874955239706,0.00086016277782619,0.0008720122132217512,0.6709855701774359,26.749966010451317,0.6709855701774359,26.749966010451317,4,4
81,80,0,-0.06005310267210007,131072,0,0,0.0,0.0,0.0,27.556211471557617,27.556211471557617,0.01944689266383648,0.008099489845335484,0.702263355255127,0.03995466232299805,0.005366308614611626,0.0052450892981141806,0.005487527931109071,1.588812755420804,62.518979370594025,1.588812755420804,62.518979370594025,4,4
81,80,1,-0.06005310267210007,131072,0,0,0.0,0.0,0.0028076171875,32.49982452392578,32.49681091308594,0.02164149284362793,0.00880814716219902,0.8470221161842346,0.029541373252868652,0.005366308614611626,0.0052450892981141806,0.005487527931109071,1.588812755420804,62.518979370594025,1.588812755420804,62.518979370594025,4,4
82,81,0,-0.0217159241437912,131072,0,256,0.0,0.0,0.0,10.664703369140625,10.664703369140625,0.023842645809054375,0.04205538332462311,0.3613004982471466,0.21143639087677002,0.003241225495003164,0.0031282681156881154,0.0033541828743182123,0.6351549029350281,54.0715429186821,0.6351549029350281,54.0715429186821,4,4
82,81,1,-0.0217159241437912,131072,0,256,0.0,0.0,0.00091552734375,11.052200317382812,11.05117416381836,0.025123339146375656,0.03976849094033241,0.44037485122680664,0.25543761253356934,0.003241225495003164,0.0031282681156881154,0.0033541828743182123,0.6351549029350281,54.0715429186821,0.6351549029350281,54.0715429186821,4,4
83,82,0,-0.02810738794505596,131072,0,0,0.0,0.015899658203125,0.00061798095703125,17.237606048583984,17.236629486083984,0.06413576751947403,0.08136499673128128,0.753119945526123,0.32281768321990967,0.0035717650898732245,0.0034881072933785617,0.0036554228863678873,1.0567790158092976,10.465188711881638,1.0567790158092976,10.465188711881638,4,4
83,82,1,-0.02810738794505596,131072,0,0,0.0,0.0181732177734375,0.0009613037109375,10.884183883666992,10.870895385742188,0.05572452023625374,0.08251584321260452,0.762194812297821,0.3349348306655884,0.0035717650898732245,0.0034881072933785617,0.0036554228863678873,1.0567790158092976,10.465188711881638,1.0567790158092976,10.465188711881638,4,4
84,83,0,-0.03569852560758591,131072,0,0,0.0,0.00060272216796875,0.0,18.888553619384766,18.888553619384766,0.03243741765618324,0.058967988938093185,0.7563616037368774,0.3091658353805542,0.0013711469000554644,0.0013554476317949593,0.0013868461683159694,0.5925431977957487,17.727315813302994,0.5925431977957487,17.727315813302994,4,4
84,83,1,-0.03569852560758591,131072,0,0,0.0,0.00124359130859375,0.0,16.810022354125977,16.810022354125977,0.03133128210902214,0.061416562646627426,0.8025690317153931,0.3182288408279419,0.0013711469000554644,0.0013554476317949593,0.0013868461683159694,0.5925431977957487,17.727315813302994,0.5925431977957487,17.727315813302994,4,4
85,84,0,-0.04392068833112717,131072,0,0,0.0,0.0003509521484375,0.0,22.052242279052734,22.052242279052734,0.025017064064741135,0.029469197615981102,0.7033366560935974,0.3056381940841675,0.0018314480257686228,0.001846294617280364,0.0018166014342568815,0.4612831911072135,30.839910686016083,0.4612831911072135,30.839910686016083,4,4
85,84,1,-0.04392068833112717,131072,0,0,0.0,0.0,0.0,21.868457794189453,21.868457794189453,0.02741956152021885,0.032650820910930634,0.7564814686775208,0.26033270359039307,0.0018314480257686228,0.001846294617280364,0.0018166014342568815,0.4612831911072135,30.839910686016083,0.4612831911072135,30.839910686016083,4,4
86,85,0,-0.050807081162929535,131072,0,0,0.0,0.0,0.0,24.620779037475586,24.620779037475586,0.02160828560590744,0.00991752278059721,0.6661823391914368,0.03527677059173584,0.003557405580068007,0.0036279952619224787,0.0034868158982135355,0.5914028016850352,12.42218878865242,0.5914028016850352,12.42218878865242,4,4
86,85,1,-0.050807081162929535,131072,0,0,0.0,0.0,0.001556396484375,26.186935424804688,26.186302185058594,0.023886343464255333,0.008763588033616543,0.7052375674247742,0.0389331579208374,0.003557405580068007,0.0036279952619224787,0.0034868158982135355,0.5914028016850352,12.42218878865242,0.5914028016850352,12.42218878865242,4,4
87,86,0,-0.0487317331135273,131072,0,0,0.0,0.0,0.00189971923828125,23.855453491210938,23.853626251220703,0.020833563059568405,0.011294981464743614,0.6555991768836975,0.04178452491760254,0.002026327929343097,0.0018830531334970146,0.002169602725189179,0.8102632183581591,25.31370835006237,0.8102632183581591,25.31370835006237,4,4
87,86,1,-0.0487317331135273,131072,0,0,0.0,0.0,0.00014495849609375,24.87825584411621,24.8781795501709,0.023089267313480377,0.00985883641988039,0.6739183664321899,0.04367411136627197,0.002026327929343097,0.0018830531334970146,0.002169602725189179,0.8102632183581591,25.31370835006237,0.8102632183581591,25.31370835006237,4,4
88,87,0,-0.02614634856581688,131072,0,256,0.0,0.0,0.001953125,12.878558158874512,12.872015953063965,0.024061566218733788,0.020312761887907982,0.46734094619750977,0.12681567668914795,0.0023612050572410226,0.0024245575186796486,0.0022978525958023965,0.5956775834783912,22.713448584079742,0.5956775834783912,22.713448584079742,4,4
88,87,1,-0.02614634856581688,131072,0,256,0.0,0.0,0.0001678466796875,13.274369239807129,13.27430248260498,0.025096578523516655,0.022640930488705635,0.4663699269294739,0.141371488571167,0.0023612050572410226,0.0024245575186796486,0.0022978525958023965,0.5956775834783912,22.713448584079742,0.5956775834783912,22.713448584079742,4,4
89,88,0,-0.026227828115224838,131072,0,0,0.0,0.00420379638671875,5.340576171875e-05,17.089595794677734,17.089588165283203,0.0542486198246479,0.08635392785072327,0.6470111608505249,0.32100582122802734,0.0017359999037580565,0.0015860657440498471,0.0018859340634662658,0.8846178837120533,16.070858657360077,0.8846178837120533,16.070858657360077,4,4
89,88,1,-0.026227828115224838,131072,0,0,0.0,0.00545501708984375,0.0,9.138355255126953,9.138355255126953,0.04945361241698265,0.08595719188451767,0.6461079120635986,0.31821656227111816,0.0017359999037580565,0.0015860657440498471,0.0018859340634662658,0.8846178837120533,16.070858657360077,0.8846178837120533,16.070858657360077,4,4
90,89,0,-0.03373320773243904,131072,0,0,0.0,0.004852294921875,0.0,18.11980438232422,18.11980438232422,0.0455719530582428,0.06734485179185867,0.9458622336387634,0.32089364528656006,0.004079620819538832,0.0040750461630523205,0.004084195476025343,1.072725024074316,12.770230084657669,1.072725024074316,12.770230084657669,4,4
90,89,1,-0.03373320773243904,131072,0,0,0.0,0.0066375732421875,0.0,15.61343765258789,15.61343765258789,0.04018469899892807,0.06706985086202621,0.9140220284461975,0.31971287727355957,0.004079620819538832,0.0040750461630523205,0.004084195476025343,1.072725024074316,12.770230084657669,1.072725024074316,12.770230084657669,4,4
91,90,0,-0.04895137622952461,131072,0,0,0.0,0.0,0.0,25.5407657623291,25.5407657623291,0.027828583493828773,0.040064550936222076,0.9132261872291565,0.2771033048629761,0.010187602485530078,0.010096246143803,0.010278958827257156,1.4994868338108063,16.433436036109924,1.4994868338108063,16.433436036109924,1,1
91,90,1,-0.04895137622952461,131072,0,0,0.0,0.0,0.0,23.410606384277344,23.410606384277344,0.026179451495409012,0.04045345261693001,0.8321543335914612,0.29587888717651367,0.010187602485530078,0.010096246143803,0.010278958827257156,1.4994868338108063,16.433436036109924,1.4994868338108063,16.433436036109924,1,1
92,91,0,-0.06125933304429054,131072,0,0,0.0,0.0,0.01674652099609375,32.17098617553711,31.92029571533203,0.020582208409905434,0.009894927963614464,0.8708832263946533,0.13360536098480225,0.011344069964252412,0.011246935464441776,0.011441204464063048,1.6053686663508415,59.96069669723511,1.6053686663508415,59.96069669723511,1,1
92,91,1,-0.06125933304429054,131072,0,0,0.0,0.0,0.00383758544921875,29.404857635498047,29.33916473388672,0.023225484415888786,0.009359627030789852,0.7822831869125366,0.1035376787185669,0.011344069964252412,0.011246935464441776,0.011441204464063048,1.6053686663508415,59.96069669723511,1.6053686663508415,59.96069669723511,1,1
93,92,0,-0.05707849562168121,131072,0,0,0.0,0.0,0.0164947509765625,30.411752700805664,30.182817459106445,0.020667387172579765,0.009474166668951511,0.815939724445343,0.03847765922546387,0.0016764940519351512,0.001510438887635246,0.0018425492162350565,0.5665985457599163,42.820722818374634,0.5665985457599163,42.820722818374634,4,4
93,92,1,-0.05707849562168121,131072,0,0,0.0,0.0,0.00390625,26.927867889404297,26.89575958251953,0.022930357605218887,0.010707687586545944,0.7122284173965454,0.03532218933105469,0.0016764940519351512,0.001510438887635246,0.0018425492162350565,0.5665985457599163,42.820722818374634,0.5665985457599163,42.820722818374634,4,4
94,93,0,-0.0382571816444397,131072,0,256,0.0,0.0,0.0087890625,20.585018157958984,20.475502014160156,0.024440865963697433,0.009277916513383389,0.6465649604797363,0.0389021635055542,0.0019134650356136262,0.0017945567960850894,0.002032373275142163,0.7418199144303799,23.525213062763214,0.7418199144303799,23.525213062763214,4,4
94,93,1,-0.0382571816444397,131072,0,256,0.0,0.0,0.000244140625,17.78167724609375,17.781494140625,0.02597137726843357,0.01016800757497549,0.5504562258720398,0.03682529926300049,0.0019134650356136262,0.0017945567960850894,0.002032373275142163,0.7418199144303799,23.525213062763214,0.7418199144303799,23.525213062763214,4,4
95,94,0,-0.021208055317401886,131072,0,0,0.0,0.00018310546875,0.0,13.815180778503418,13.815180778503418,0.04126482456922531,0.08017921447753906,0.4330524504184723,0.3019613027572632,0.002337605139473453,0.0023622189764864743,0.002312991302460432,1.1176695972681046,50.96254634857178,1.1176695972681046,50.96254634857178,4,4
95,94,1,-0.021208055317401886,131072,0,0,0.0,0.0,0.0,7.392872333526611,7.392872333526611,0.039038222283124924,0.07856645435094833,0.42007434368133545,0.29836952686309814,0.002337605139473453,0.0023622189764864743,0.002312991302460432,1.1176695972681046,50.96254634857178,1.1176695972681046,50.96254634857178,4,4
96,95,0,-0.027967365458607674,131072,0,0,0.0,0.00110626220703125,0.0,15.645401000976562,15.645401000976562,0.05832416191697121,0.07263295352458954,0.9099603891372681,0.3076413869857788,0.0032946293358691037,0.003108582692220807,0.0034806759795174003,1.0843606609851122,35.85454320907593,1.0843606609851122,35.85454320907593,4,4
96,95,1,-0.027967365458607674,131072,0,0,0.0,0.0078582763671875,0.0,12.321898460388184,12.321898460388184,0.05466431379318237,0.07275562733411789,0.9123055934906006,0.32552075386047363,0.0032946293358691037,0.003108582692220807,0.0034806759795174003,1.0843606609851122,35.85454320907593,1.0843606609851122,35.85454320907593,4,4
97,96,0,-0.044655416160821915,131072,0,0,0.0,0.0,0.0,23.22126579284668,23.22126579284668,0.02702276036143303,0.04926762729883194,0.7770445346832275,0.2655297517776489,0.003651637234725058,0.0034654654446057975,0.0038378090248443186,0.7297494690865278,23.19030763208866,0.7297494690865278,23.19030763208866,4,4
97,96,1,-0.044655416160821915,131072,0,0,0.0,0.0,0.0,21.434133529663086,21.434133529663086,0.026076966896653175,0.04694944992661476,0.765734851360321,0.2654837369918823,0.003651637234725058,0.0034654654446057975,0.0038378090248443186,0.7297494690865278,23.19030763208866,0.7297494690865278,23.19030763208866,4,4
98,97,0,-0.048886653035879135,131072,0,0,0.0,0.0,0.0,24.822507858276367,24.822507858276367,0.019954891875386238,0.0172054935246706,0.7160813212394714,0.2479398250579834,0.0014292116247816011,0.0014017982175573707,0.0014566250320058316,0.7776607908308506,22.454833939671516,0.7776607908308506,22.454833939671516,4,4
98,97,1,-0.048886653035879135,131072,0,0,0.0,0.0,0.0,24.064228057861328,24.064228057861328,0.02145819179713726,0.018442314118146896,0.7119417190551758,0.2574613094329834,0.0014292116247816011,0.0014017982175573707,0.0014566250320058316,0.7776607908308506,22.454833939671516,0.7776607908308506,22.454833939671516,4,4
99,98,0,-0.051776397973299026,131072,0,0,0.0,0.0,0.0,26.138601303100586,26.138601303100586,0.01904817670583725,0.012365035712718964,0.6811321973800659,0.0455096960067749,0.0018680926732486114,0.001828140637371689,0.0019080447091255337,0.6680635064840317,58.01362103223801,0.6680635064840317,58.01362103223801,4,4
99,98,1,-0.051776397973299026,131072,0,0,0.0,0.0,0.0,25.637731552124023,25.637731552124023,0.021143043413758278,0.014338472858071327,0.695308268070221,0.0476987361907959,0.0018680926732486114,0.001828140637371689,0.0019080447091255337,0.6680635064840317,58.01362103223801,0.6680635064840317,58.01362103223801,4,4
100,99,0,-0.05260314419865608,131072,0,256,0.0,0.0,0.0,26.064228057861328,26.064228057861328,0.018290802836418152,0.012575924396514893,0.6814929246902466,0.04224717617034912,0.0021372733172029257,0.0020569192129187286,0.0022176274214871228,0.4940920062363148,37.32533532381058,0.4940920062363148,37.32533532381058,4,4
100,99,1,-0.05260314419865608,131072,0,256,0.0,0.0,0.0,26.538894653320312,26.538894653320312,0.020289722830057144,0.014286494813859463,0.7197675704956055,0.04620015621185303,0.0021372733172029257,0.0020569192129187286,0.0022176274214871228,0.4940920062363148,37.32533532381058,0.4940920062363148,37.32533532381058,4,4
101,100,0,-0.014960523694753647,131072,0,0,0.0,0.0,0.0,9.190655708312988,9.190655708312988,0.03290756791830063,0.06519424915313721,0.2584228515625,0.2621157169342041,0.002252924066851847,0.0022031825210433453,0.0023026656126603484,0.6421943623572588,40.06071758270264,0.6421943623572588,40.06071758270264,4,4
101,100,1,-0.014960523694753647,131072,0,0,0.0,0.0,0.0,5.769857883453369,5.769857883453369,0.032284751534461975,0.0680791437625885,0.27115297317504883,0.2858809232711792,0.002252924066851847,0.0022031825210433453,0.0023026656126603484,0.6421943623572588,40.06071758270264,0.6421943623572588,40.06071758270264,4,4
102,101,0,-0.028167525306344032,131072,0,0,0.0,0.0,0.0,16.088783264160156,16.088783264160156,0.07277227938175201,0.0788927748799324,0.9448204040527344,0.2973390817642212,0.0028319495322648436,0.0028522242791950703,0.002811674785334617,0.753698542714119,13.741430044174194,0.753698542714119,13.741430044174194,4,4
102,101,1,-0.028167525306344032,131072,0,0,0.0,0.00449371337890625,0.0,12.078751564025879,12.078751564025879,0.06246002018451691,0.08226044476032257,0.9068633913993835,0.3125171661376953,0.0028319495322648436,0.0028522242791950703,0.002811674785334617,0.753698542714119,13.741430044174194,0.753698542714119,13.741430044174194,4,4
103,102,0,-0.044845715165138245,131072,0,0,0.0,0.0,0.0,23.425273895263672,23.425273895263672,0.027785077691078186,0.052203599363565445,0.862887442111969,0.291385293006897,0.0018284629040863365,0.001869175466708839,0.001787750341463834,1.3551071155816317,33.860875993967056,1.3551071155816317,33.860875993967056,4,4
103,102,1,-0.044845715165138245,131072,0,0,0.0,0.0,0.0,21.420358657836914,21.420358657836914,0.029171140864491463,0.0558968111872673,0.8092411160469055,0.28563880920410156,0.0018284629040863365,0.001869175466708839,0.001787750341463834,1.3551071155816317,33.860875993967056,1.3551071155816317,33.860875993967056,4,4
104,103,0,-0.05004649981856346,131072,0,0,0.0,0.0,0.0,26.30083656311035,26.30083656311035,0.021848101168870926,0.02330135554075241,0.8004838228225708,0.27525830268859863,0.0032768036471679807,0.0035258811549283564,0.003027726139407605,0.8663336616009474,26.899309866130352,0.8663336616009474,26.899309866130352,4,4
104,103,1,-0.05004649981856346,131072,0,0,0.0,0.0,0.0,23.74566078186035,23.74566078186035,0.02088979072868824,0.02532905898988247,0.7747577428817749,0.271175742149353,0.0032768036471679807,0.0035258811549283564,0.003027726139407605,0.8663336616009474,26.899309866130352,0.8663336616009474,26.899309866130352,4,4
105,104,0,-0.05445703864097595,131072,0,0,0.0,0.0,0.0,27.610994338989258,27.610994338989258,0.018484124913811684,0.010898198932409286,0.7192921042442322,0.04759669303894043,0.002702331286855042,0.002875620382837951,0.0025290421908721328,1.4724365826696157,43.10336773097515,1.4724365826696157,43.10336773097515,4,4
105,104,1,-0.05445703864097595,131072,0,0,0.0,0.0,0.0,26.846187591552734,26.846187591552734,0.020239559933543205,0.011588629335165024,0.7209147810935974,0.04136025905609131,0.002702331286855042,0.002875620382837951,0.0025290421908721328,1.4724365826696157,43.10336773097515,1.4724365826696157,43.10336773097515,4,4
106,105,0,-0.04876226186752319,131072,0,0,0.0,0.0,0.0,23.877023696899414,23.877023696899414,0.01836877316236496,0.010318960063159466,0.6438189148902893,0.03816235065460205,0.007496322912629694,0.0074962477665394545,0.007496398058719933,1.4962782394140959,58.949741929769516,1.4962782394140959,58.949741929769516,4,4
106,105,1,-0.04876226186752319,131072,0,0,0.0,0.0,0.0,24.885160446166992,24.885160446166992,0.02009795606136322,0.010193867608904839,0.6777715086936951,0.03543710708618164,0.007496322912629694,0.0074962477665394545,0.007496398058719933,1.4962782394140959,58.949741929769516,1.4962782394140959,58.949741929769516,4,4
107,106,0,-0.01852605864405632,131072,0,256,0.0,0.0,0.0,9.550074577331543,9.550074577331543,0.02399575710296631,0.04344962537288666,0.3165532052516937,0.20998990535736084,0.0017801023641368374,0.0016522340883966535,0.0019079706398770213,0.717535468749702,70.9053493142128,0.717535468749702,70.9053493142128,4,4
107,106,1,-0.01852605864405632,131072,0,256,0.0,0.0,0.0,8.976006507873535,8.976006507873535,0.023414580151438713,0.04244251176714897,0.34070077538490295,0.24057424068450928,0.0017801023641368374,0.0016522340883966535,0.0019079706398770213,0.717535468749702,70.9053493142128,0.717535468749702,70.9053493142128,4,4
108,107,0,-0.028110727667808533,131072,0,0,0.0,0.00058746337890625,0.0,18.052160263061523,18.052160263061523,0.06176421418786049,0.08915300667285919,0.8318842649459839,0.3026210069656372,0.0027486126055009663,0.002719256794080138,0.0027779684169217944,0.6710409075021744,14.049183934926987,0.6710409075021744,14.049183934926987,4,4
108,107,1,-0.028110727667808533,131072,0,0,0.0,0.0029754638671875,0.0,10.05861759185791,10.05861759185791,0.06014283001422882,0.08826211094856262,0.8389583230018616,0.3130093812942505,0.0027486126055009663,0.002719256794080138,0.0027779684169217944,0.6710409075021744,14.049183934926987,0.6710409075021744,14.049183934926987,4,4
109,108,0,-0.039952680468559265,131072,0,0,0.0,6.103515625e-05,0.0,21.427017211914062,21.427017211914062,0.03624351695179939,0.062363166362047195,0.8901780843734741,0.30077695846557617,0.0022240829275688156,0.0021987694781273603,0.002249396377010271,0.8108913023024797,26.74028578400612,0.8108913023024797,26.74028578400612,4,4
109,108,1,-0.039952680468559265,131072,0,0,0.0,4.57763671875e-05,0.0,18.525468826293945,18.525468826293945,0.03054969012737274,0.06077442690730095,0.8689076900482178,0.30219566822052,0.0022240829275688156,0.0021987694781273603,0.002249396377010271,0.8108913023024797,26.74028578400612,0.8108913023024797,26.74028578400612,4,4
110,109,0,-0.04607030749320984,131072,0,0,0.0,0.0,0.00026702880859375,23.684520721435547,23.682518005371094,0.022385921329259872,0.03336552530527115,0.764947772026062,0.2539858818054199,0.003996251442003995,0.0037937972228974104,0.00419870566111058,1.5337138585746288,37.55409801006317,1.5337138585746288,37.55409801006317,4,4
110,109,1,-0.04607030749320984,131072,0,0,0.0,0.0,0.0,22.38772201538086,22.38772201538086,0.022894326597452164,0.032892122864723206,0.7288461327552795,0.2892810106277466,0.003996251442003995,0.0037937972228974104,0.00419870566111058,1.5337138585746288,37.55409801006317,1.5337138585746288,37.55409801006317,4,4
111,110,0,-0.04537885636091232,131072,0,0,0.0,0.0,0.00390625,23.671205520629883,23.651823043823242,0.017966795712709427,0.013435767963528633,0.6454926133155823,0.05058300495147705,0.007307541964109987,0.006656316458247602,0.007958767469972372,2.3035042099654675,40.02172267436981,2.3035042099654675,40.02172267436981,4,4
111,110,1,-0.04537885636091232,131072,0,0,0.0,0.0,0.0,21.727182388305664,21.727182388305664,0.019033942371606827,0.013246544636785984,0.5928634405136108,0.05240976810455322,0.007307541964109987,0.006656316458247602,0.007958767469972372,2.3035042099654675,40.02172267436981,2.3035042099654675,40.02172267436981,4,4
112,111,0,-0.03715301305055618,131072,0,0,0.0,0.0,0.002655029296875,20.19550132751465,20.187559127807617,0.01804581843316555,0.013645661994814873,0.5778763294219971,0.06090056896209717,0.0014895157655701041,0.0012854156375396997,0.0016936158936005086,1.26755111804232,30.312514513731003,1.26755111804232,30.312514513731003,4,4
112,111,1,-0.03715301305055618,131072,0,0,0.0,0.0,0.0,16.96531867980957,16.96531867980957,0.018677080050110817,0.013842233456671238,0.4911451041698456,0.04874753952026367,0.0014895157655701041,0.0012854156375396997,0.0016936158936005086,1.26755111804232,30.312514513731003,1.26755111804232,30.312514513731003,4,4
113,112,0,-0.019600937142968178,131072,0,256,0.0,0.0,0.0,10.952169418334961,10.952169418334961,0.02343602292239666,0.023282479494810104,0.3979009985923767,0.14652955532073975,0.0017862738895928487,0.0014123117143753916,0.002160236064810306,1.0995946042239666,37.11283731460571,1.0995946042239666,37.11283731460571,4,4
113,112,1,-0.019600937142968178,131072,0,256,0.0,0.0,0.0,8.648783683776855,8.648783683776855,0.02307199127972126,0.023928016424179077,0.31981974840164185,0.11801707744598389,0.0017862738895928487,0.0014123117143753916,0.002160236064810306,1.0995946042239666,37.11283731460571,1.0995946042239666,37.11283731460571,4,4
114,113,0,-0.027900278568267822,131072,0,0,0.0,0.0002288818359375,0.0,18.248947143554688,18.248947143554688,0.060231633484363556,0.09163009375333786,0.6951421499252319,0.3008006811141968,0.002414882183074951,0.002489663747837767,0.0023401006183121353,0.8979939948767424,18.11767214536667,0.8979939948767424,18.11767214536667,4,4
114,113,1,-0.027900278568267822,131072,0,0,0.0,0.001617431640625,0.0,9.651275634765625,9.651275634765625,0.05309922620654106,0.08922573179006577,0.6750619411468506,0.31218254566192627,0.002414882183074951,0.002489663747837767,0.0023401006183121353,0.8979939948767424,18.11767214536667,0.8979939948767424,18.11767214536667,4,4
115,114,0,-0.03623872622847557,131072,0,0,0.0,0.00341033935546875,0.0,19.75745964050293,19.75745964050293,0.053948670625686646,0.07365474849939346,1.0161066055297852,0.3162412643432617,0.0013959519274067134,0.0014269409875851125,0.0013649628672283143,0.6358369179069996,13.675789952278137,0.6358369179069996,13.675789952278137,4,4
115,114,1,-0.03623872622847557,131072,0,0,0.0,0.0041351318359375,0.0,16.481346130371094,16.481346130371094,0.046812765300273895,0.06957442313432693,0.9863378405570984,0.31819403171539307,0.0013959519274067134,0.0014269409875851125,0.0013649628672283143,0.6358369179069996,13.675789952278137,0.6358369179069996,13.675789952278137,4,4
116,115,0,-0.044245753437280655,131072,0,0,0.0,0.0,0.0,22.876659393310547,22.876659393310547,0.029697267338633537,0.044907115399837494,0.8733698725700378,0.25682079792022705,0.0018190384580520913,0.0017808284028433263,0.0018572485132608563,0.45335240475833416,23.77977253496647,0.45335240475833416,23.77977253496647,4,4
116,115,1,-0.044245753437280655,131072,0,0,0.0,0.0,0.0,21.36910629272461,21.36910629272461,0.02648196928203106,0.04408741742372513,0.8602586984634399,0.2772355079650879,0.0018190384580520913,0.0017808284028433263,0.0018572485132608563,0.45335240475833416,23.77977253496647,0.45335240475833416,23.77977253496647,4,4
117,116,0,-0.058522216975688934,131072,0,0,0.0,0.0,0.0106353759765625,30.069011688232422,29.970966339111328,0.018850306048989296,0.017964685335755348,0.8294432759284973,0.16091656684875488,0.0018275319744134322,0.0018400910194031894,0.001814972929423675,0.7678789277561009,87.97559189796448,0.7678789277561009,87.97559189796448,4,4
117,116,1,-0.058522216975688934,131072,0,0,0.0,0.0,0.0028533935546875,28.64473533630371,28.551172256469727,0.0201216209679842,0.0160977765917778,0.7938215732574463,0.07676661014556885,0.0018275319744134322,0.0018400910194031894,0.001814972929423675,0.7678789277561009,87.97559189796448,0.7678789277561009,87.97559189796448,4,4
118,117,0,-0.062473639845848083,131072,0,0,0.0,0.0,0.00919342041015625,32.63357925415039,32.53305435180664,0.018816199153661728,0.013523854315280914,0.827975869178772,0.08025896549224854,0.00472063961206004,0.0048363382229581475,0.004604941001161933,1.3211257755756378,94.1623945236206,1.3211257755756378,94.1623945236206,4,4
118,117,1,-0.062473639845848083,131072,0,0,0.0,0.0,0.00390625,30.07018280029297,29.940624237060547,0.02018778957426548,0.01304139755666256,0.7765271067619324,0.054843902587890625,0.00472063961206004,0.0048363382229581475,0.004604941001161933,1.3211257755756378,94.1623945236206,1.3211257755756378,94.1623945236206,4,4
119,118,0,-0.05248361825942993,131072,0,256,0.0,0.0,0.005859375,27.593847274780273,27.520803451538086,0.023117676377296448,0.012567699886858463,0.7488895058631897,0.056574225425720215,0.0021245324896881357,0.0022231948969420046,0.002025870082434267,0.5670603662729263,39.38272321224213,0.5670603662729263,39.38272321224213,4,4
119,118,1,-0.05248361825942993,131072,0,256,0.0,0.0,0.0029296875,25.047405242919922,24.962726593017578,0.022954702377319336,0.011490569449961185,0.6941953897476196,0.04953503608703613,0.0021245324896881357,0.0022231948969420046,0.002025870082434267,0.5670603662729263,39.38272321224213,0.5670603662729263,39.38272321224213,4,4
120,119,0,-0.023157188668847084,131072,0,0,0.0,0.0,0.0,15.532968521118164,15.532968521118164,0.04631299152970314,0.08678823709487915,0.5111196637153625,0.2914334535598755,0.003704824746819213,0.0037352508516050875,0.0036743986420333385,1.1395309455692768,13.034712731838226,1.1395309455692768,13.034712731838226,4,4
120,119,1,-0.023157188668847084,131072,0,0,0.0,0.0,0.0,7.624217987060547,7.624217987060547,0.03955637663602829,0.0807863175868988,0.46677494049072266,0.2965421676635742,0.003704824746819213,0.0037352508516050875,0.0036743986420333385,1.1395309455692768,13.034712731838226,1.1395309455692768,13.034712731838226,4,4
121,120,0,-0.031969524919986725,131072,0,0,0.0,0.000579833984375,0.0,18.408536911010742,18.408536911010742,0.061211906373500824,0.07611975073814392,1.1025443077087402,0.3024982213973999,0.0024163086200132966,0.0025041588814929128,0.0023284583585336804,0.9617394041270018,12.59936785697937,0.9617394041270018,12.59936785697937,4,4
121,120,1,-0.031969524919986725,131072,0,0,0.0,0.00074005126953125,0.0,13.561014175415039,13.561014175415039,0.05278309807181358,0.07535231858491898,1.006205439567566,0.3027876615524292,0.0024163086200132966,0.0025041588814929128,0.0023284583585336804,0.9617394041270018,12.59936785697937,0.9617394041270018,12.59936785697937,4,4
122,121,0,-0.048712410032749176,131072,0,0,0.0,0.0,0.004547119140625,27.726903915405273,27.69554328918457,0.029106492176651955,0.049243200570344925,1.028151035308838,0.2677271366119385,0.0032770582765806466,0.0033705742680467665,0.0031835422851145267,0.6535933706909418,27.42334908246994,0.6535933706909418,27.42334908246994,4,4
122,121,1,-0.048712410032749176,131072,0,0,0.0,0.0,0.0001068115234375,21.0170841217041,21.016935348510742,0.025524400174617767,0.047849830240011215,0.929373025894165,0.2941610813140869,0.0032770582765806466,0.0033705742680467665,0.0031835422851145267,0.6535933706909418,27.42334908246994,0.6535933706909418,27.42334908246994,4,4
123,122,0,-0.06473048776388168,131072,0,0,0.0,0.0,0.0165863037109375,34.72715377807617,34.43276596069336,0.019002743065357208,0.019663071259856224,1.0168904066085815,0.22411751747131348,0.0006468184947152622,0.0005976586689939722,0.0006959783204365522,0.5226971097290516,38.12881037592888,0.5226971097290516,38.12881037592888,4,4
123,122,1,-0.06473048776388168,131072,0,0,0.0,0.0,0.00641632080078125,30.371381759643555,30.29776382446289,0.020080840215086937,0.017860576510429382,0.920285701751709,0.1995408535003662,0.0006468184947152622,0.0005976586689939722,0.0006959783204365522,0.5226971097290516,38.12881037592888,0.5226971097290516,38.12881037592888,4,4
124,123,0,-0.07547765970230103,131072,0,0,0.0,0.0,0.020904541015625,40.271244049072266,39.81410598754883,0.018667249009013176,0.012423633597791195,0.9965929985046387,0.06614196300506592,0.0003497093748592306,0.00035708338691620156,0.0003423353628022596,0.621371760033071,66.80447947978973,0.621371760033071,66.80447947978973,4,4
124,123,1,-0.07547765970230103,131072,0,0,0.0,0.0,0.01171875,35.77458190917969,35.663177490234375,0.02035321481525898,0.011721450835466385,0.8917341828346252,0.045110106468200684,0.0003497093748592306,0.00035708338691620156,0.0003423353628022596,0.621371760033071,66.80447947978973,0.621371760033071,66.80447947978973,4,4
125,124,0,-0.07746940106153488,131072,0,256,0.0,0.0,0.015625,41.87437057495117,41.39922332763672,0.01818472146987915,0.011262658052146435,0.9862293004989624,0.04593169689178467,0.002129931206582114,0.00218116061296314,0.002078701800201088,0.8967157667502761,36.049620509147644,0.8967157667502761,36.049620509147644,4,4
125,124,1,-0.07746940106153488,131072,0,256,0.0,0.0,0.00704193115234375,36.137332916259766,36.07004928588867,0.020432956516742706,0.01047713216394186,0.8613021969795227,0.034822702407836914,0.002129931206582114,0.00218116061296314,0.002078701800201088,0.8967157667502761,36.049620509147644,0.8967157667502761,36.049620509147644,4,4
126,125,0,-0.01601637713611126,131072,0,0,0.0,0.0,0.0,10.076224327087402,10.076224327087402,0.03313517943024635,0.06880155205726624,0.2770885229110718,0.2746361494064331,0.0020659641013480723,0.002259925182443112,0.0018720030202530324,1.5330944899469614,17.294849932193756,1.5330944899469614,17.294849932193756,4,4
126,125,1,-0.01601637713611126,131072,0,0,0.0,0.0,0.0,5.9401631355285645,5.9401631355285645,0.031394485384225845,0.06816144287586212,0.2766100764274597,0.27622950077056885,0.0020659641013480723,0.002259925182443112,0.0018720030202530324,1.5330944899469614,17.294849932193756,1.5330944899469614,17.294849932193756,4,4
127,126,0,-0.028471004217863083,131072,0,0,0.0,0.0,0.0,17.409381866455078,17.409381866455078,0.0647062137722969,0.08286511898040771,1.002699613571167,0.2997264862060547,0.0015561033360427245,0.001543398597277701,0.0015688080748077482,1.692685540765524,18.244551450014114,1.692685540765524,18.244551450014114,4,4
127,126,1,-0.028471004217863083,131072,0,0,0.0,0.00063323974609375,0.0,11.061646461486816,11.061646461486816,0.060171958059072495,0.0826219841837883,0.995596170425415,0.3091498613357544,0.0015561033360427245,0.001543398597277701,0.0015688080748077482,1.692685540765524,18.244551450014114,1.692685540765524,18.244551450014114,4,4
128,127,0,-0.046072062104940414,131072,0,0,0.0,0.0,0.00070953369140625,24.582656860351562,24.58187484741211,0.030819350853562355,0.06015906482934952,0.9343113899230957,0.28108716011047363,0.003285953775048256,0.0031576582696288824,0.0034142492804676294,1.8078588247299194,26.867573022842407,1.8078588247299194,26.867573022842407,4,4
128,127,1,-0.046072062104940414,131072,0,0,0.0,0.0,0.0,21.4902286529541,21.4902286529541,0.027416083961725235,0.05337325856089592,0.9071196913719177,0.26205694675445557,0.003285953775048256,0.0031576582696288824,0.0034142492804676294,1.8078588247299194,26.867573022842407,1.8078588247299194,26.867573022842407,4,4
129,128,0,-0.04875815287232399,131072,0,0,0.0,0.0,0.0036773681640625,24.498891830444336,24.41966438293457,0.022559422999620438,0.028940772637724876,0.8741514086723328,0.24254977703094482,0.015894168056547642,0.015550131909549236,0.016238204203546047,3.120956100523472,51.97128999233246,3.120956100523472,51.97128999233246,2,2
129,128,1,-0.04875815287232399,131072,0,0,0.0,0.0,0.005401611328125,24.374319076538086,24.338476181030273,0.022953158244490623,0.027360403910279274,0.8138011693954468,0.24045956134796143,0.015894168056547642,0.015550131909549236,0.016238204203546047,3.120956100523472,51.97128999233246,3.120956100523472,51.97128999233246,2,2
130,129,0,-0.04996517673134804,131072,0,0,0.0,0.0,0.00919342041015625,26.678007125854492,26.396474838256836,0.01838693954050541,0.015722982585430145,0.7451115846633911,0.06511127948760986,0.010007291217334569,0.009899647673591971,0.010114934761077166,1.4137777835130692,52.087942123413086,1.4137777835130692,52.087942123413086,1,1
130,129,1,-0.04996517673134804,131072,0,0,0.0,0.0,0.00530242919921875,23.5888614654541,23.56873893737793,0.019352620467543602,0.016111042350530624,0.6588757038116455,0.06017410755157471,0.010007291217334569,0.009899647673591971,0.010114934761077166,1.4137777835130692,52.087942123413086,1.4137777835130692,52.087942123413086,1,1
131,130,0,-0.035137467086315155,131072,0,0,0.0,0.0,0.00390625,19.532154083251953,19.292938232421875,0.01812773197889328,0.01650509051978588,0.5811407566070557,0.0538942813873291,0.024290794041007757,0.024092703592032194,0.02448888448998332,3.7498244643211365,10.017321228981018,3.7498244643211365,10.017321228981018,1,1
131,130,1,-0.035137467086315155,131072,0,0,0.0,0.0,0.0,15.84444808959961,15.84444808959961,0.01969693787395954,0.016773901879787445,0.48306477069854736,0.05744004249572754,0.024290794041007757,0.024092703592032194,0.02448888448998332,3.7498244643211365,10.017321228981018,3.7498244643211365,10.017321228981018,1,1
132,131,0,-0.013748185709118843,131072,0,256,0.0,0.0,0.0009765625,8.092177391052246,8.036322593688965,0.024994974955916405,0.045248374342918396,0.2646430432796478,0.21716773509979248,0.0013241669948911294,0.0013845710782334208,0.001263762911548838,0.5325419427827001,37.03318610787392,0.5325419427827001,37.03318610787392,4,4
132,131,1,-0.013748185709118843,131072,0,256,0.0,0.0,0.0,5.711816787719727,5.711816787719727,0.02365640178322792,0.04271131008863449,0.21351249516010284,0.24026894569396973,0.0013241669948911294,0.0013845710782334208,0.001263762911548838,0.5325419427827001,37.03318610787392,0.5325419427827001,37.03318610787392,4,4
133,132,0,-0.02784227952361107,131072,0,0,0.0,0.0032806396484375,0.00029754638671875,17.968475341796875,17.967178344726562,0.07043127715587616,0.08757490664720535,0.8528509140014648,0.32496178150177,0.001281302043935284,0.0013276865356601775,0.0012349175522103906,0.7068051621317863,19.049922734498978,0.7068051621317863,19.049922734498978,4,4
133,132,1,-0.02784227952361107,131072,0,0,0.0,0.0026092529296875,0.0,9.875167846679688,9.875167846679688,0.061688195914030075,0.08945661038160324,0.8450766205787659,0.3132692575454712,0.001281302043935284,0.0013276865356601775,0.0012349175522103906,0.7068051621317863,19.049922734498978,0.7068051621317863,19.049922734498978,4,4
134,133,0,-0.03919588029384613,131072,0,0,0.0,0.00032806396484375,0.0,20.463314056396484,20.463314056396484,0.03719784691929817,0.06386101245880127,0.8504261374473572,0.3035452365875244,0.001989154887269251,0.0018906148034147918,0.0020876949711237103,0.7705671526491642,27.579958856105804,0.7705671526491642,27.579958856105804,4,4
134,133,1,-0.03919588029384613,131072,0,0,0.0,0.0021209716796875,0.0,18.73250961303711,18.73250961303711,0.03538232669234276,0.06586996465921402,0.8821828961372375,0.3112187385559082,0.001989154887269251,0.0018906148034147918,0.0020876949711237103,0.7705671526491642,27.579958856105804,0.7705671526491642,27.579958856105804,4,4
135,134,0,-0.03454035520553589,131072,0,0,0.0,0.0,0.0,17.358844757080078,17.358844757080078,0.022102773189544678,0.03394120931625366,0.5935844779014587,0.2844792604446411,0.002627384033985436,0.0023920818930491805,0.0028626861749216914,0.683554844930768,23.949473157525063,0.683554844930768,23.949473157525063,4,4
135,134,1,-0.03454035520553589,131072,0,0,0.0,9.1552734375e-05,0.0,17.181453704833984,17.181453704833984,0.024527311325073242,0.03822554275393486,0.6431978940963745,0.3034780025482178,0.002627384033985436,0.0023920818930491805,0.0028626861749216914,0.683554844930768,23.949473157525063,0.683554844930768,23.949473157525063,4,4
136,135,0,-0.026282645761966705,131072,0,0,0.0,0.0,0.0,12.433905601501465,12.433905601501465,0.01842709258198738,0.018535297363996506,0.39479634165763855,0.08317971229553223,0.002453986497130245,0.002366838918533176,0.0025411340757273138,1.2525012167170644,12.68137775361538,1.2525012167170644,12.68137775361538,4,4
136,135,1,-0.026282645761966705,131072,0,0,0.0,0.0,0.0,13.848760604858398,13.848760604858398,0.018961938098073006,0.019987044855952263,0.4406275451183319,0.09010910987854004,0.002453986497130245,0.002366838918533176,0.0025411340757273138,1.2525012167170644,12.68137775361538,1.2525012167170644,12.68137775361538,4,4
137,136,0,-0.022049743682146072,131072,0,0,0.0,0.0,0.0,9.626133918762207,9.626133918762207,0.01761203072965145,0.013601813465356827,0.31672683358192444,0.07151162624359131,0.011755914776585996,0.011653085704892874,0.011858743848279119,1.0378009378910065,12.216833353042603,1.0378009378910065,12.216833353042603,1,1
137,136,1,-0.022049743682146072,131072,0,0,0.0,0.0,0.0,12.423636436462402,12.423636436462402,0.01842259243130684,0.015094244852662086,0.3781791031360626,0.08504116535186768,0.011755914776585996,0.011653085704892874,0.011858743848279119,1.0378009378910065,12.216833353042603,1.0378009378910065,12.216833353042603,1,1
138,137,0,-0.015063783153891563,131072,0,256,0.0,0.0,0.0,6.667888164520264,6.667888164520264,0.024190377444028854,0.021048206835985184,0.23260368406772614,0.14183008670806885,0.025779929477721453,0.02553287986665964,0.026026979088783264,4.13714973628521,11.866952896118164,4.13714973628521,11.866952896118164,1,1
138,137,1,-0.015063783153891563,131072,0,256,0.0,0.0,0.0,8.39592456817627,8.39592456817627,0.022301150485873222,0.01927771046757698,0.2868310213088989,0.12414264678955078,0.025779929477721453,0.02553287986665964,0.026026979088783264,4.13714973628521,11.866952896118164,4.13714973628521,11.866952896118164,1,1
139,138,0,-0.027541428804397583,131072,0,0,0.0,0.00373077392578125,0.00037384033203125,17.878629684448242,17.874704360961914,0.060578834265470505,0.08931497484445572,0.681547224521637,0.33075881004333496,0.0028157054039184004,0.0028829959919676185,0.0027484148158691823,0.6001601070165634,20.43893277645111,0.6001601070165634,20.43893277645111,4,4
139,138,1,-0.027541428804397583,131072,0,0,0.0,0.001953125,0.0,9.666711807250977,9.666711807250977,0.05617586523294449,0.09099683165550232,0.6862308979034424,0.3135780096054077,0.0028157054039184004,0.0028829959919676185,0.0027484148158691823,0.6001601070165634,20.43893277645111,0.6001601070165634,20.43893277645111,4,4
140,139,0,-0.03773938864469528,131072,0,0,0.0,0.00730133056640625,0.00113677978515625,20.043758392333984,20.028972625732422,0.05506538227200508,0.07124312967061996,1.0475412607192993,0.33625471591949463,0.001760499202646315,0.0019393039983697236,0.0015816944069229066,0.7581120375543833,14.196447968482971,0.7581120375543833,14.196447968482971,4,4
140,139,1,-0.03773938864469528,131072,0,0,0.0,0.002960205078125,0.00072479248046875,17.722909927368164,17.71034049987793,0.046704910695552826,0.07000923156738281,1.0225911140441895,0.33824920654296875,0.001760499202646315,0.0019393039983697236,0.0015816944069229066,0.7581120375543833,14.196447968482971,0.7581120375543833,14.196447968482971,4,4
141,140,0,-0.04482082277536392,131072,0,0,0.0,0.0002899169921875,0.0,22.574050903320312,22.574050903320312,0.025922583416104317,0.04163101315498352,0.8585271835327148,0.30126893520355225,0.0011810478317784145,0.0011435973574407399,0.0012184983061160892,1.1605959311127663,19.312755197286606,1.1605959311127663,19.312755197286606,4,4
141,140,1,-0.04482082277536392,131072,0,0,0.0,0.0,0.0,22.24660301208496,22.24660301208496,0.022919856011867523,0.040612366050481796,0.8611398339271545,0.2980142831802368,0.0011810478317784145,0.0011435973574407399,0.0012184983061160892,1.1605959311127663,19.312755197286606,1.1605959311127663,19.312755197286606,4,4
142,141,0,-0.06891141086816788,131072,0,0,0.0,0.0,0.005706787109375,33.026222229003906,32.972564697265625,0.018168212845921516,0.02116832509636879,0.8244945406913757,0.10128521919250488,0.0015374302020063624,0.0014590862847398967,0.001615774119272828,1.3364372784271836,68.60646471381187,1.3364372784271836,68.60646471381187,4,4
142,141,1,-0.06891141086816788,131072,0,0,0.0,0.0,0.002655029296875,35.94551086425781,35.938804626464844,0.018508749082684517,0.020433321595191956,0.8663522601127625,0.13996446132659912,0.0015374302020063624,0.0014590862847398967,0.001615774119272828,1.3364372784271836,68.60646471381187,1.3364372784271836,68.60646471381187,4,4
143,142,0,-0.08197938650846481,131072,0,0,0.0,0.0,0.00390625,38.98512268066406,38.96074676513672,0.017950281500816345,0.014269868843257427,0.87007075548172,0.05601787567138672,0.01729039312340319,0.01708936458453536,0.017491421662271023,2.266552597284317,75.54946458339691,2.266552597284317,75.54946458339691,1,1
143,142,1,-0.08197938650846481,131072,0,0,0.0,0.0,0.0,43.01860809326172,43.01860809326172,0.018358582630753517,0.015161587856709957,0.9391699433326721,0.07053792476654053,0.01729039312340319,0.01708936458453536,0.017491421662271023,2.266552597284317,75.54946458339691,2.266552597284317,75.54946458339691,1,1
144,143,0,-0.06973913311958313,131072,0,256,0.0,0.0,0.0029296875,33.139461517333984,33.12796401977539,0.023321999236941338,0.012536736205220222,0.8138119578361511,0.045960307121276855,0.0008033702470129356,0.0007295547111425549,0.0008771857828833163,0.5857079112902284,101.79737591743469,0.5857079112902284,101.79737591743469,4,4
144,143,1,-0.06973913311958313,131072,0,256,0.0,0.0,0.0,36.61012268066406,36.61012268066406,0.02200447954237461,0.012947611510753632,0.8867103457450867,0.05554318428039551,0.0008033702470129356,0.0007295547111425549,0.0008771857828833163,0.5857079112902284,101.79737591743469,0.5857079112902284,101.79737591743469,4,4
145,144,0,-0.02412153221666813,131072,0,0,0.0,0.000396728515625,0.0,15.083260536193848,15.083260536193848,0.046733878552913666,0.08379709720611572,0.4789484441280365,0.3061549663543701,0.0027280875656288117,0.002583783760201186,0.0028723913710564375,1.1437613051384687,34.18983933329582,1.1437613051384687,34.18983933329582,4,4
145,144,1,-0.02412153221666813,131072,0,0,0.0,0.00022125244140625,0.0,9.038254737854004,9.038254737854004,0.043107952922582626,0.08431293070316315,0.49662548303604126,0.3017958402633667,0.0027280875656288117,0.002583783760201186,0.0028723913710564375,1.1437613051384687,34.18983933329582,1.1437613051384687,34.18983933329582,4,4
146,145,0,-0.036812059581279755,131072,0,0,0.0,0.0129547119140625,0.003082275390625,19.93588638305664,19.908706665039062,0.06624682992696762,0.07733522355556488,1.0799392461776733,0.33589136600494385,0.0014935396175133064,0.0014835330948699266,0.0015035461401566863,0.6643206439912319,9.414977356791496,0.6643206439912319,9.414977356791496,4,4
146,145,1,-0.036812059581279755,131072,0,0,0.0,0.01895904541015625,0.003143310546875,16.955524444580078,16.903453826904297,0.06128615885972977,0.07472376525402069,1.1115784645080566,0.34465086460113525,0.0014935396175133064,0.0014835330948699266,0.0015035461401566863,0.6643206439912319,9.414977356791496,0.6643206439912319,9.414977356791496,4,4
147,146,0,-0.05435989052057266,131072,0,0,0.0,0.0,0.00495147705078125,26.714710235595703,26.683135986328125,0.029192188754677773,0.05264177918434143,1.0433372259140015,0.2905898094177246,0.0022578383213840425,0.002257988031487912,0.002257688611280173,0.9690226037055254,26.883834779262543,0.9690226037055254,26.883834779262543,4,4
147,146,1,-0.05435989052057266,131072,0,0,0.0,0.0,0.01779937744140625,27.7325496673584,27.676809310913086,0.027184266597032547,0.050504010170698166,1.1127398014068604,0.2556542158126831,0.0022578383213840425,0.002257988031487912,0.002257688611280173,0.9690226037055254,26.883834779262543,0.9690226037055254,26.883834779262543,4,4
148,147,0,-0.09760575741529465,131072,0,0,0.0,0.0,0.00952911376953125,46.548057556152344,46.468963623046875,0.019784947857260704,0.02654092200100422,1.1552289724349976,0.23022115230560303,0.0017431551532354206,0.0014337538159452379,0.0020525564905256033,0.47692854050546885,116.93761092424393,0.47692854050546885,116.93761092424393,4,4
148,147,1,-0.09760575741529465,131072,0,0,0.0,0.0,0.0410003662109375,51.578407287597656,51.136634826660156,0.018786175176501274,0.02736194245517254,1.273700475692749,0.2203599214553833,0.0017431551532354206,0.0014337538159452379,0.0020525564905256033,0.47692854050546885,116.93761092424393,0.47692854050546885,116.93761092424393,4,4
149,148,0,-0.13076770305633545,131072,0,0,0.0,0.0,0.01975250244140625,62.11994171142578,61.99028778076172,0.018179884180426598,0.016243278980255127,1.299078345298767,0.07317566871643066,0.0013709183840546757,0.0008731109846848994,0.001868725783424452,0.5822619274258614,193.21587681770325,0.5822619274258614,193.21587681770325,4,4
149,148,1,-0.13076770305633545,131072,0,0,0.0,0.0,0.0722198486328125,69.70149993896484,68.77782440185547,0.01814233511686325,0.017689047381281853,1.4501967430114746,0.0853118896484375,0.0013709183840546757,0.0008731109846848994,0.001868725783424452,0.5822619274258614,193.21587681770325,0.5822619274258614,193.21587681770325,4,4
150,149,0,-0.14291514456272125,131072,0,256,0.0,0.0,0.02056121826171875,67.75157928466797,67.62049102783203,0.01874362677335739,0.01079582143574953,1.3890832662582397,0.040706634521484375,0.0016673526261001825,0.0017799786000978202,0.001554726652102545,0.3805549540556967,197.85782366991043,0.3805549540556967,197.85782366991043,4,4
150,149,1,-0.14291514456272125,131072,0,256,0.0,0.0,0.08466339111328125,76.46717834472656,75.29460906982422,0.017994390800595284,0.011124379001557827,1.562680721282959,0.04755270481109619,0.0016673526261001825,0.0017799786000978202,0.001554726652102545,0.3805549540556967,197.85782366991043,0.3805549540556967,197.85782366991043,4,4
151,150,0,-0.017445681616663933,131072,0,0,0.0,0.0,0.0,10.171070098876953,10.171070098876953,0.036477506160736084,0.06870926171541214,0.29462388157844543,0.29615330696105957,0.0021586645452771336,0.0020170450734440237,0.0023002840171102434,0.45391051657497883,43.62079831957817,0.45391051657497883,43.62079831957817,4,4
151,150,1,-0.017445681616663933,131072,0,0,0.0,0.0,0.0,7.274618625640869,7.274618625640869,0.03356735035777092,0.07146641612052917,0.3098810613155365,0.28922128677368164,0.0021586645452771336,0.0020170450734440237,0.0023002840171102434,0.45391051657497883,43.62079831957817,0.45391051657497883,43.62079831957817,4,4
152,151,0,-0.03375907614827156,131072,0,0,0.0,0.0090789794921875,0.0004730224609375,19.45330810546875,19.450538635253906,0.07356519997119904,0.08326854556798935,1.0825753211975098,0.3284059762954712,0.0013881074992241338,0.0013353026297409087,0.0014409123687073588,0.7751499731093645,17.712299019098282,0.7751499731093645,17.712299019098282,4,4
152,151,1,-0.03375907614827156,131072,0,0,0.0,0.01259613037109375,0.0,14.308530807495117,14.308530807495117,0.06338004767894745,0.08344583958387375,1.0528793334960938,0.31600630283355713,0.0013881074992241338,0.0013353026297409087,0.0014409123687073588,0.7751499731093645,17.712299019098282,0.7751499731093645,17.712299019098282,4,4
153,152,0,-0.049624986946582794,131072,0,0,0.0,0.0001373291015625,0.0189056396484375,26.33598518371582,26.22569465637207,0.033048633486032486,0.056311629712581635,1.1354886293411255,0.3109440803527832,0.004138430987950414,0.004255696316249669,0.00402116565965116,0.9207585025578737,17.0168716609478,0.9207585025578737,17.0168716609478,4,4
153,152,1,-0.049624986946582794,131072,0,0,0.0,0.000152587890625,0.0184478759765625,23.464956283569336,23.39923667907715,0.03298945724964142,0.059508055448532104,1.153743863105774,0.3097304105758667,0.004138430987950414,0.004255696316249669,0.00402116565965116,0.9207585025578737,17.0168716609478,0.9207585025578737,17.0168716609478,4,4
154,153,0,-0.07718896865844727,131072,0,0,0.0,0.0,0.02704620361328125,39.285682678222656,39.04700469970703,0.02442268468439579,0.030692296102643013,1.1675231456756592,0.23781812191009521,0.0037481023464351892,0.0037909881211817265,0.003705216571688652,0.9571906626224518,53.27383327484131,0.9571906626224518,53.27383327484131,4,4
154,153,1,-0.07718896865844727,131072,0,0,0.0,0.0,0.03107452392578125,38.4622917175293,38.14186477661133,0.021441474556922913,0.03157586231827736,1.2122308015823364,0.269084095954895,0.0037481023464351892,0.0037909881211817265,0.003705216571688652,0.9571906626224518,53.27383327484131,0.9571906626224518,53.27383327484131,4,4
155,154,0,-0.11015695333480835,131072,0,0,0.0,0.0,0.02230072021484375,54.13804244995117,53.72188186645508,0.019982749596238136,0.015369854867458344,1.1811033487319946,0.07051169872283936,0.016984354937449098,0.016724353656172752,0.017244356218725443,2.1457816660404205,79.09201765060425,2.1457816660404205,79.09201765060425,1,1
155,154,1,-0.11015695333480835,131072,0,0,0.0,0.0,0.04674530029296875,57.14983367919922,56.43511199951172,0.017976146191358566,0.01547230314463377,1.2450052499771118,0.09037339687347412,0.016984354937449098,0.016724353656172752,0.017244356218725443,2.1457816660404205,79.09201765060425,2.1457816660404205,79.09201765060425,1,1
156,155,0,-0.11083081364631653,131072,0,0,0.0,0.0,0.00992584228515625,53.74744415283203,53.418983459472656,0.01960350014269352,0.012326392345130444,1.1442116498947144,0.04285752773284912,0.018892462132498622,0.01873173052445054,0.019053193740546703,3.6167232394218445,88.10327005386353,3.6167232394218445,88.10327005386353,1,1
156,155,1,-0.11083081364631653,131072,0,0,0.0,0.0,0.03173065185546875,57.92222213745117,57.4117317199707,0.01809886284172535,0.011543719097971916,1.2303954362869263,0.049466609954833984,0.018892462132498622,0.01873173052445054,0.019053193740546703,3.6167232394218445,88.10327005386353,3.6167232394218445,88.10327005386353,1,1
157,156,0,-0.03372146189212799,131072,0,256,0.0,0.0,0.0009765625,16.74356460571289,16.66568374633789,0.02688811533153057,0.04160669073462486,0.5520206689834595,0.2330564260482788,0.001610768973478116,0.0016313409723807126,0.0015901969745755196,0.42471752129495144,130.06954205036163,0.42471752129495144,130.06954205036163,4,4
157,156,1,-0.03372146189212799,131072,0,256,0.0,0.0,0.0051422119140625,17.152307510375977,17.055665969848633,0.023894159123301506,0.04301553964614868,0.6007131338119507,0.22782349586486816,0.001610768973478116,0.0016313409723807126,0.0015901969745755196,0.42471752129495144,130.06954205036163,0.42471752129495144,130.06954205036163,4,4
158,157,0,-0.029915567487478256,131072,0,0,0.0,0.0047454833984375,0.0006256103515625,18.619518280029297,18.618057250976562,0.07882598787546158,0.08769530802965164,0.828773558139801,0.32470977306365967,0.010125174536369741,0.009932399727404118,0.010317949345335364,1.4715866893529892,57.426066398620605,1.4715866893529892,57.426066398620605,1,1
158,157,1,-0.029915567487478256,131072,0,0,0.0,0.00078582763671875,0.0,11.297415733337402,11.297415733337402,0.07135291397571564,0.08867215365171432,0.8595786094665527,0.30399882793426514,0.010125174536369741,0.009932399727404118,0.010317949345335364,1.4715866893529892,57.426066398620605,1.4715866893529892,57.426066398620605,1,1
159,158,0,-0.038471974432468414,131072,0,0,0.0,0.00072479248046875,0.00023651123046875,19.81295394897461,19.811046600341797,0.04102780297398567,0.06819315999746323,0.8617236018180847,0.32901155948638916,0.017019508639350533,0.016865940298885107,0.01717307697981596,2.0753573179244995,32.11305391788483,2.0753573179244995,32.11305391788483,1,1
159,158,1,-0.038471974432468414,131072,0,0,0.0,0.0,0.0,18.66089630126953,18.66089630126953,0.03721971437335014,0.06440960615873337,0.9086636900901794,0.2952311038970947,0.017019508639350533,0.016865940298885107,0.01717307697981596,2.0753573179244995,32.11305391788483,2.0753573179244995,32.11305391788483,1,1
160,159,0,-0.03409760445356369,131072,0,0,0.0,0.0,0.0,16.30988311767578,16.30988311767578,0.024116843938827515,0.036295291036367416,0.6103726625442505,0.25155818462371826,0.017335986718535423,0.01726918015629053,0.017402793280780315,2.9448343217372894,33.245731830596924,2.9448343217372894,33.245731830596924,1,1
160,159,1,-0.03409760445356369,131072,0,0,0.0,0.0,0.0,17.7877254486084,17.7877254486084,0.024740049615502357,0.03768789768218994,0.6924232244491577,0.2630835771560669,0.017335986718535423,0.01726918015629053,0.017402793280780315,2.9448343217372894,33.245731830596924,2.9448343217372894,33.245731830596924,1,1
161,160,0,-0.029533550143241882,131072,0,0,0.0,0.0,0.0,13.273846626281738,13.273846626281738,0.017613381147384644,0.01740897446870804,0.4163392186164856,0.06397688388824463,0.02502686413936317,0.02487918036058545,0.025174547918140888,3.4187293350696564,6.153880745172501,3.4187293350696564,6.153880745172501,1,1
161,160,1,-0.029533550143241882,131072,0,0,0.0,0.0,0.0,16.259708404541016,16.259708404541016,0.018328147009015083,0.018945472314953804,0.4837203025817871,0.09061920642852783,0.02502686413936317,0.02487918036058545,0.025174547918140888,3.4187293350696564,6.153880745172501,3.4187293350696564,6.153880745172501,1,1
162,161,0,-0.014485080726444721,131072,0,0,0.0,0.0,0.0,6.293069839477539,6.293069839477539,0.018211159855127335,0.01684911549091339,0.24611791968345642,0.05435824394226074,0.02457556058652699,0.024377365596592426,0.024773755576461554,4.498618423938751,6.890749096870422,4.498618423938751,6.890749096870422,1,1
162,161,1,-0.014485080726444721,131072,0,0,0.0,0.0,0.0,8.192028999328613,8.192028999328613,0.018145600333809853,0.017626043409109116,0.2897512912750244,0.07109284400939941,0.02457556058652699,0.024377365596592426,0.024773755576461554,4.498618423938751,6.890749096870422,4.498618423938751,6.890749096870422,1,1
163,162,0,-0.0047926148399710655,131072,0,256,0.0,0.0,0.0,2.187976121902466,2.187976121902466,0.02256445586681366,0.023066846653819084,0.09531276673078537,0.1453648805618286,0.0011323452199576423,0.0012471590598579496,0.001017531380057335,0.8029265850782394,17.243932962417603,0.8029265850782394,17.243932962417603,4,4
163,162,1,-0.0047926148399710655,131072,0,256,0.0,0.0,0.0,2.6046535968780518,2.6046535968780518,0.022187743335962296,0.024685485288500786,0.11192537844181061,0.13803350925445557,0.0011323452199576423,0.0012471590598579496,0.001017531380057335,0.8029265850782394,17.243932962417603,0.8029265850782394,17.243932962417603,4,4
164,163,0,-0.026656290516257286,131072,0,0,0.0,0.00592803955078125,0.00058746337890625,16.60475730895996,16.59962272644043,0.05486791208386421,0.08450902253389359,0.6333487033843994,0.3285961151123047,0.00165018362167757,0.0014540788251906633,0.0018462884181644768,1.2917765099555254,19.311076402664185,1.2917765099555254,19.311076402664185,4,4
164,163,1,-0.026656290516257286,131072,0,0,0.0,0.01273345947265625,0.00142669677734375,10.067167282104492,10.05665397644043,0.05227663740515709,0.08540280908346176,0.6323850750923157,0.32693779468536377,0.00165018362167757,0.0014540788251906633,0.0018462884181644768,1.2917765099555254,19.311076402664185,1.2917765099555254,19.311076402664185,4,4
165,164,0,-0.03319168463349342,131072,0,0,0.0,0.00931549072265625,9.918212890625e-05,18.027618408203125,18.027488708496094,0.04994414746761322,0.0734207034111023,0.9445792436599731,0.32744014263153076,0.0036378446384333074,0.0035513628972694278,0.003724326379597187,1.26869922503829,24.422261834144592,1.26869922503829,24.422261834144592,4,4
165,164,1,-0.03319168463349342,131072,0,0,0.0,0.00688934326171875,0.001220703125,15.186052322387695,15.16427230834961,0.04232996702194214,0.07515840977430344,0.8947734832763672,0.3364778757095337,0.0036378446384333074,0.0035513628972694278,0.003724326379597187,1.26869922503829,24.422261834144592,1.26869922503829,24.422261834144592,4,4
166,165,0,-0.03475610911846161,131072,0,0,0.0,0.0,0.0,18.32038688659668,18.32038688659668,0.025300810113549232,0.04357193410396576,0.7316224575042725,0.25202763080596924,0.004174823290668428,0.004375964868813753,0.003973681712523103,1.6676122564822435,19.523659110069275,1.6676122564822435,19.523659110069275,4,4
166,165,1,-0.03475610911846161,131072,0,0,0.0,0.0,0.0,16.43562126159668,16.43562126159668,0.023471370339393616,0.044516075402498245,0.7033959627151489,0.29143083095550537,0.004174823290668428,0.004375964868813753,0.003973681712523103,1.6676122564822435,19.523659110069275,1.6676122564822435,19.523659110069275,4,4
167,166,0,-0.03443137928843498,131072,0,0,0.0,0.0,3.814697265625e-05,18.12419319152832,18.12416648864746,0.018119683489203453,0.01906178705394268,0.5418267250061035,0.14578473567962646,0.003808785433648154,0.00390895688906312,0.0037086139782331884,1.9392649605870247,48.91986957937479,1.9392649605870247,48.91986957937479,4,4
167,166,1,-0.03443137928843498,131072,0,0,0.0,0.0,0.0,16.307395935058594,16.307395935058594,0.018763795495033264,0.01975349336862564,0.515243649482727,0.17493784427642822,0.003808785433648154,0.00390895688906312,0.0037086139782331884,1.9392649605870247,48.91986957937479,1.9392649605870247,48.91986957937479,4,4
168,167,0,-0.020255666226148605,131072,0,0,0.0,0.0,0.0,11.037779808044434,11.037779808044434,0.017899859696626663,0.016746535897254944,0.35473766922950745,0.07179617881774902,0.013547040638513863,0.013536690967157483,0.013557390309870243,1.7067558318376541,24.777926802635193,1.7067558318376541,24.777926802635193,1,1
168,167,1,-0.020255666226148605,131072,0,0,0.0,0.0,0.0,9.217879295349121,9.217879295349121,0.01902872696518898,0.016343040391802788,0.3224819004535675,0.06819701194763184,0.013547040638513863,0.013536690967157483,0.013557390309870243,1.7067558318376541,24.777926802635193,1.7067558318376541,24.777926802635193,1,1
169,168,0,-0.006829314865171909,131072,0,256,0.0,0.0,0.0,3.8558850288391113,3.8558850288391113,0.022868258878588676,0.013884150423109531,0.17695839703083038,0.06359362602233887,0.0008077737875282764,0.0007227672904264182,0.0008927802846301347,0.46001110412180424,23.138073928654194,0.46001110412180424,23.138073928654194,4,4
169,168,1,-0.006829314865171909,131072,0,256,0.0,0.0,0.0,2.9734604358673096,2.9734604358673096,0.022245395928621292,0.013784057460725307,0.15521082282066345,0.06167185306549072,0.0008077737875282764,0.0007227672904264182,0.0008927802846301347,0.46001110412180424,23.138073928654194,0.46001110412180424,23.138073928654194,4,4
170,169,0,-0.019448287785053253,131072,0,0,0.0,0.0,0.0,12.517902374267578,12.517902374267578,0.04324168711900711,0.07549493759870529,0.407863974571228,0.29216039180755615,0.008147127111442387,0.008497753646224737,0.007796500576660037,1.4298828225582838,7.019189491868019,1.4298828225582838,7.019189491868019,4,4
170,169,1,-0.019448287785053253,131072,0,0,0.0,0.00038909912109375,0.0,6.930364608764648,6.930364608764648,0.03785031661391258,0.07880119234323502,0.4179908335208893,0.3056330680847168,0.008147127111442387,0.008497753646224737,0.007796500576660037,1.4298828225582838,7.019189491868019,1.4298828225582838,7.019189491868019,4,4
171,170,0,-0.0314311645925045,131072,0,0,0.0,0.00867462158203125,0.000213623046875,16.964357376098633,16.963472366333008,0.06490737199783325,0.07756902277469635,0.888753354549408,0.3251619338989258,0.0013406904763542116,0.0012636972242034972,0.001417683728504926,0.7699610181152821,14.319241136312485,0.7699610181152821,14.319241136312485,4,4
171,170,1,-0.0314311645925045,131072,0,0,0.0,0.01053619384765625,0.00299835205078125,14.534154891967773,14.4676513671875,0.06015782058238983,0.08127137273550034,0.8912888169288635,0.3485790491104126,0.0013406904763542116,0.0012636972242034972,0.001417683728504926,0.7699610181152821,14.319241136312485,0.7699610181152821,14.319241136312485,4,4
172,171,0,-0.029040656983852386,131072,0,0,0.0,0.0009918212890625,0.00012969970703125,15.165310859680176,15.165051460266113,0.02950902096927166,0.05227815359830856,0.6097844243049622,0.3223886489868164,0.0025086197711061686,0.0023192918160930276,0.0026979477261193097,0.7269093245267868,16.48281702399254,0.7269093245267868,16.48281702399254,4,4
172,171,1,-0.029040656983852386,131072,0,0,0.0,0.0,0.0,13.875575065612793,13.875575065612793,0.02564047835767269,0.052494894713163376,0.5908501744270325,0.2574270963668823,0.0025086197711061686,0.0023192918160930276,0.0026979477261193097,0.7269093245267868,16.48281702399254,0.7269093245267868,16.48281702399254,4,4
173,172,0,-0.01778901368379593,131072,0,0,0.0,0.0,0.0,9.622820854187012,9.622820854187012,0.01888137124478817,0.024198245257139206,0.4168207049369812,0.24941802024841309,0.0019814002444036305,0.0018752439646050334,0.0020875565242022276,1.3121752049773932,11.396856516599655,1.3121752049773932,11.396856516599655,4,4
173,172,1,-0.01778901368379593,131072,0,0,0.0,0.0,0.0021820068359375,8.193615913391113,8.16616153717041,0.019748153164982796,0.02342255599796772,0.39659157395362854,0.2086784839630127,0.0019814002444036305,0.0018752439646050334,0.0020875565242022276,1.3121752049773932,11.396856516599655,1.3121752049773932,11.396856516599655,4,4
174,173,0,-0.011817746795713902,131072,0,0,0.0,0.0,0.0,6.666865825653076,6.666865825653076,0.01864812895655632,0.013477830216288567,0.2584506571292877,0.06887650489807129,0.010050647892057896,0.010003848234191537,0.010097447549924254,1.9434008449316025,10.852843761444092,1.9434008449316025,10.852843761444092,1,1
174,173,1,-0.011817746795713902,131072,0,0,0.0,0.0,0.00070953369140625,5.153204917907715,5.1509294509887695,0.02063065581023693,0.013543719425797462,0.2426002323627472,0.06854009628295898,0.010050647892057896,0.010003848234191537,0.010097447549924254,1.9434008449316025,10.852843761444092,1.9434008449316025,10.852843761444092,1,1
175,174,0,-0.009271256625652313,131072,0,256,0.0,0.0,0.0,5.317739486694336,5.317739486694336,0.018401335924863815,0.009914901107549667,0.2095215767621994,0.05461263656616211,0.003364512580446899,0.0037140672793611884,0.0030149578815326095,0.5295678698457778,28.950382634997368,0.5295678698457778,28.950382634997368,4,4
175,174,1,-0.009271256625652313,131072,0,256,0.0,0.0,0.0,3.953505516052246,3.953505516052246,0.020319880917668343,0.010245225392282009,0.1872880905866623,0.06685900688171387,0.003364512580446899,0.0037140672793611884,0.0030149578815326095,0.5295678698457778,28.950382634997368,0.5295678698457778,28.950382634997368,4,4
176,175,0,-0.014190678484737873,131072,0,0,0.0,0.0,0.0,8.621904373168945,8.621904373168945,0.03206166997551918,0.06247520074248314,0.24256519973278046,0.27494800090789795,0.002401457095402293,0.0019982453959528357,0.00280466879485175,0.46759057603776455,28.74219736456871,0.46759057603776455,28.74219736456871,4,4
176,175,1,-0.014190678484737873,131072,0,0,0.0,0.0,0.0,5.568785190582275,5.568785190582275,0.031212469562888145,0.06411831080913544,0.251524418592453,0.286358118057251,0.002401457095402293,0.0019982453959528357,0.00280466879485175,0.46759057603776455,28.74219736456871,0.46759057603776455,28.74219736456871,4,4
177,176,0,-0.03324868902564049,131072,0,0,0.0,0.0154266357421875,0.00441741943359375,18.55696678161621,18.508604049682617,0.07219637185335159,0.08411158621311188,0.8843003511428833,0.3370528221130371,0.001039557762851473,0.0010724533058237284,0.0010066622198792174,0.8564718961715698,10.097747668623924,0.8564718961715698,10.097747668623924,4,4
177,176,1,-0.03324868902564049,131072,0,0,0.0,0.03270721435546875,0.01445770263671875,15.15731143951416,14.740124702453613,0.06766150146722794,0.08418766409158707,0.9407006502151489,0.3524153232574463,0.001039557762851473,0.0010724533058237284,0.0010066622198792174,0.8564718961715698,10.097747668623924,0.8564718961715698,10.097747668623924,4,4
178,177,0,-0.03407319635152817,131072,0,0,0.0,0.0,0.0,17.419240951538086,17.419240951538086,0.030267735943198204,0.06529057770967484,0.6847690343856812,0.2917978763580322,0.0010896889871219173,0.0009781278495211154,0.0012012501247227192,0.5754307620227337,9.173732474446297,0.5754307620227337,9.173732474446297,4,4
178,177,1,-0.03407319635152817,131072,0,0,0.0,0.00115966796875,0.00096893310546875,16.685041427612305,16.654008865356445,0.027927910909056664,0.06285591423511505,0.742402195930481,0.3420541286468506,0.0010896889871219173,0.0009781278495211154,0.0012012501247227192,0.5754307620227337,9.173732474446297,0.5754307620227337,9.173732474446297,4,4
179,178,0,-0.02892562747001648,131072,0,0,0.0,0.0,0.0,14.638716697692871,14.638716697692871,0.021268140524625778,0.030895553529262543,0.5327903628349304,0.24801850318908691,0.0024088482605293393,0.0023304251371882856,0.002487271383870393,0.8147139865905046,20.980136215686798,0.8147139865905046,20.980136215686798,4,4
179,178,1,-0.02892562747001648,131072,0,0,0.0,0.0,0.0,14.286933898925781,14.286933898925781,0.020983386784791946,0.0287702064961195,0.5573437809944153,0.24402987957000732,0.0024088482605293393,0.0023304251371882856,0.002487271383870393,0.8147139865905046,20.980136215686798,0.8147139865905046,20.980136215686798,4,4
180,179,0,-0.02421562559902668,131072,0,0,0.0,0.0,0.0,12.254013061523438,12.254013061523438,0.018042832612991333,0.01625620201230049,0.3550608158111572,0.07408440113067627,0.0143370310543105,0.014115473255515099,0.014558588853105903,2.7055132687091827,31.260470867156982,2.7055132687091827,31.260470867156982,1,1
180,179,1,-0.02421562559902668,131072,0,0,0.0,0.0,0.0,11.961566925048828,11.961566925048828,0.019918501377105713,0.016816219314932823,0.3707812428474426,0.09003424644470215,0.0143370310543105,0.014115473255515099,0.014558588853105903,2.7055132687091827,31.260470867156982,2.7055132687091827,31.260470867156982,1,1
181,180,0,-0.011066321283578873,131072,0,0,0.0,0.0,0.0,5.722249507904053,5.722249507904053,0.018078481778502464,0.01425196137279272,0.2153872847557068,0.05671072006225586,0.011726484983228147,0.011509227100759745,0.01194374286569655,2.0375211983919144,32.731826066970825,2.0375211983919144,32.731826066970825,1,1
181,180,1,-0.011066321283578873,131072,0,0,0.0,0.0,0.0,5.344047546386719,5.344047546386719,0.01918095350265503,0.014929129742085934,0.2162710428237915,0.06231117248535156,0.011726484983228147,0.011509227100759745,0.01194374286569655,2.0375211983919144,32.731826066970825,2.0375211983919144,32.731826066970825,1,1
182,181,0,-0.007472853176295757,131072,0,256,0.0,0.0,0.0,4.568272590637207,4.568272590637207,0.025384977459907532,0.0417485348880291,0.12810885906219482,0.2129969596862793,0.0004813900013687089,0.0006570739788003266,0.00030570602393709123,0.5370014412328601,24.641003251075745,0.5370014412328601,24.641003251075745,4,4
182,181,1,-0.007472853176295757,131072,0,256,0.0,0.0,0.0,2.9045917987823486,2.9045917987823486,0.02264033630490303,0.03619854152202606,0.10906274616718292,0.21390032768249512,0.0004813900013687089,0.0006570739788003266,0.00030570602393709123,0.5370014412328601,24.641003251075745,0.5370014412328601,24.641003251075745,4,4
183,182,0,-0.027585484087467194,131072,0,0,0.0,0.0062713623046875,0.00079345703125,18.049644470214844,18.038379669189453,0.06617962568998337,0.08764452487230301,0.8203152418136597,0.3365687131881714,0.0016248294850811362,0.0016502344515174627,0.0015994245186448097,0.6046744314953685,14.196848064661026,0.6046744314953685,14.196848064661026,4,4
183,182,1,-0.027585484087467194,131072,0,0,0.0,0.00659942626953125,0.001007080078125,9.56517505645752,9.547120094299316,0.05606060475111008,0.0863686352968216,0.7737135887145996,0.34413647651672363,0.0016248294850811362,0.0016502344515174627,0.0015994245186448097,0.6046744314953685,14.196848064661026,0.6046744314953685,14.196848064661026,4,4
184,183,0,-0.034727200865745544,131072,0,0,0.0,0.00260162353515625,0.00035858154296875,19.32622718811035,19.321027755737305,0.03999060019850731,0.07389689981937408,0.7778496146202087,0.33784258365631104,0.0021315967314876616,0.0022480253828689456,0.0020151680801063776,0.7205590344965458,13.32490286231041,0.7205590344965458,13.32490286231041,4,4
184,183,1,-0.034727200865745544,131072,0,0,0.0,0.003143310546875,0.00102996826171875,15.434818267822266,15.406021118164062,0.033101148903369904,0.07086160778999329,0.7508159875869751,0.3465113639831543,0.0021315967314876616,0.0022480253828689456,0.0020151680801063776,0.7205590344965458,13.32490286231041,0.7205590344965458,13.32490286231041,4,4
185,184,0,-0.019041381776332855,131072,0,0,0.0,0.0,0.0,9.72966480255127,9.72966480255127,0.023735247552394867,0.038062624633312225,0.4571816921234131,0.2446897029876709,0.0037038888258393854,0.0036761529627256095,0.0037316246889531612,0.766254024580121,14.263636469841003,0.766254024580121,14.263636469841003,4,4
185,184,1,-0.019041381776332855,131072,0,0,0.0,0.0,0.0,9.311746597290039,9.311746597290039,0.021913008764386177,0.03913268819451332,0.4154086410999298,0.27553224563598633,0.0037038888258393854,0.0036761529627256095,0.0037316246889531612,0.766254024580121,14.263636469841003,0.766254024580121,14.263636469841003,4,4
186,185,0,-0.006967509165406227,131072,0,0,0.0,0.0,0.00252532958984375,3.936246395111084,3.909010410308838,0.018353845924139023,0.017285799607634544,0.2332501858472824,0.08026492595672607,0.0024202463100664318,0.0024438738473691046,0.002396618772763759,0.8515762910246849,11.205046748742461,0.8515762910246849,11.205046748742461,4,4
186,185,1,-0.006967509165406227,131072,0,0,0.0,0.0,0.0,3.0585103034973145,3.0585103034973145,0.019337056204676628,0.016476759687066078,0.1763937622308731,0.0967026948928833,0.0024202463100664318,0.0024438738473691046,0.002396618772763759,0.8515762910246849,11.205046748742461,0.8515762910246849,11.205046748742461,4,4
187,186,0,-0.0027893241494894028,131072,0,0,0.0,0.0,0.0,1.6879807710647583,1.6879807710647583,0.01833777315914631,0.010305104777216911,0.1342780590057373,0.07671380043029785,0.0026895519404206425,0.0026296572759747505,0.0027494466048665345,0.8662314061075449,15.07938994653523,0.8662314061075449,15.07938994653523,4,4
187,186,1,-0.0027893241494894028,131072,0,0,0.0,0.0,0.0,1.1013463735580444,1.1013463735580444,0.02096955105662346,0.00930281076580286,0.0876580998301506,0.04440903663635254,0.0026895519404206425,0.0026296572759747505,0.0027494466048665345,0.8662314061075449,15.07938994653523,0.8662314061075449,15.07938994653523,4,4
188,187,0,-0.0031813718378543854,131072,0,256,0.0,0.0,0.0,1.8086680173873901,1.8086680173873901,0.022725822404026985,0.019640164449810982,0.08351070433855057,0.16109025478363037,0.000665736515657045,0.0006456400587921962,0.0006858329725218937,0.5695306975394487,19.924635112285614,0.5695306975394487,19.924635112285614,4,4
188,187,1,-0.0031813718378543854,131072,0,256,0.0,0.0,0.0,1.372704267501831,1.372704267501831,0.022717606276273727,0.018734419718384743,0.05961214378476143,0.1550302505493164,0.000665736515657045,0.0006456400587921962,0.0006858329725218937,0.5695306975394487,19.924635112285614,0.5695306975394487,19.924635112285614,4,4
189,188,0,-0.026309480890631676,131072,0,0,0.0,0.005645751953125,0.00249481201171875,16.86163330078125,16.762792587280273,0.05348324403166771,0.08472196012735367,0.6218312382698059,0.36118972301483154,0.002038170045125298,0.002126333536580205,0.0019500065536703914,0.6292147981002927,11.572123989462852,0.6292147981002927,11.572123989462852,4,4
189,188,1,-0.026309480890631676,131072,0,0,0.0,0.0097198486328125,0.00203704833984375,9.570547103881836,9.546605110168457,0.04992157593369484,0.08439013361930847,0.6141541004180908,0.34001970291137695,0.002038170045125298,0.002126333536580205,0.0019500065536703914,0.6292147981002927,11.572123989462852,0.6292147981002927,11.572123989462852,4,4
190,189,0,-0.03349990397691727,131072,0,0,0.0,0.01186370849609375,0.00530242919921875,18.199743270874023,17.967180252075195,0.04534493014216423,0.07483650743961334,0.8608384728431702,0.36227667331695557,0.0012996020523132756,0.0013613016926683486,0.0012379024119582027,0.6113805305212736,6.193411409854889,0.6113805305212736,6.193411409854889,4,4
190,189,1,-0.03349990397691727,131072,0,0,0.0,0.014923095703125,0.00672149658203125,15.688018798828125,15.532726287841797,0.04192180186510086,0.07537619769573212,0.8479363918304443,0.34959733486175537,0.0012996020523132756,0.0013613016926683486,0.0012379024119582027,0.6113805305212736,6.193411409854889,0.6113805305212736,6.193411409854889,4,4
191,190,0,-0.026747336611151695,131072,0,0,0.0,0.0,0.0,14.151355743408203,14.151355743408203,0.024113712832331657,0.04356418177485466,0.5897482633590698,0.27167415618896484,0.001496973418397829,0.001541429664939642,0.001452517171856016,0.6575305191799998,8.513763315975666,0.6575305191799998,8.513763315975666,4,4
191,190,1,-0.026747336611151695,131072,0,0,0.0,0.0,0.0,12.595967292785645,12.595967292785645,0.024633944034576416,0.04089716076850891,0.5389809608459473,0.2978990077972412,0.001496973418397829,0.001541429664939642,0.001452517171856016,0.6575305191799998,8.513763315975666,0.6575305191799998,8.513763315975666,4,4
192,191,0,-0.01717378944158554,131072,0,0,0.0,0.0,0.0,9.363256454467773,9.363256454467773,0.018464531749486923,0.019971109926700592,0.36427077651023865,0.14808547496795654,0.002697916905162856,0.00250126764876768,0.002894566161558032,0.9330536294728518,20.63287197612226,0.9330536294728518,20.63287197612226,4,4
192,191,1,-0.01717378944158554,131072,0,0,0.0,0.0,0.0,7.810570240020752,7.810570240020752,0.020456844940781593,0.018623191863298416,0.3194701075553894,0.1256701946258545,0.002697916905162856,0.00250126764876768,0.002894566161558032,0.9330536294728518,20.63287197612226,0.9330536294728518,20.63287197612226,4,4
193,192,0,-0.006430076900869608,131072,0,0,0.0,0.0,0.0,3.4599831104278564,3.4599831104278564,0.017994944006204605,0.014334624633193016,0.1806960254907608,0.07025158405303955,0.0009726862917887047,0.0008802546071819961,0.0010651179763954133,0.760741613805294,12.907864954322577,0.760741613805294,12.907864954322577,4,4
193,192,1,-0.006430076900869608,131072,0,0,0.0,0.0,0.0,2.97009539604187,2.97009539604187,0.020212698727846146,0.01350303553044796,0.1616024672985077,0.05478382110595703,0.0009726862917887047,0.0008802546071819961,0.0010651179763954133,0.760741613805294,12.907864954322577,0.760741613805294,12.907864954322577,4,4
194,193,0,-0.0019756213296204805,131072,0,256,0.0,0.0,0.0,1.0266259908676147,1.0266259908676147,0.02225673384964466,0.009420625865459442,0.07666844874620438,0.05823242664337158,0.0027211052365601063,0.0029064250993542373,0.0025357853737659752,0.6262607621029019,18.795718491077423,0.6262607621029019,18.795718491077423,4,4
194,193,1,-0.0019756213296204805,131072,0,256,0.0,0.0,0.0,0.9489914774894714,0.9489914774894714,0.022166401147842407,0.00968131422996521,0.07247105985879898,0.04198777675628662,0.0027211052365601063,0.0029064250993542373,0.0025357853737659752,0.6262607621029019,18.795718491077423,0.6262607621029019,18.795718491077423,4,4
195,194,0,-0.020495256409049034,131072,0,0,0.0,0.001190185546875,0.0,13.195428848266602,13.195428848266602,0.043936587870121,0.07755684852600098,0.4298916459083557,0.3193063735961914,0.002973669601487927,0.0029788535903207958,0.0029684856126550585,0.5969394873827696,18.737260460853577,0.5969394873827696,18.737260460853577,4,4
195,194,1,-0.020495256409049034,131072,0,0,0.0,0.0018157958984375,0.00048828125,7.303941249847412,7.299862384796143,0.03892061859369278,0.07524789124727249,0.3953251540660858,0.3263523578643799,0.002973669601487927,0.0029788535903207958,0.0029684856126550585,0.5969394873827696,18.737260460853577,0.5969394873827696,18.737260460853577,4,4
196,195,0,-0.030541367828845978,131072,0,0,0.0,0.01111602783203125,0.0022125244140625,17.080440521240234,17.061355590820312,0.061756305396556854,0.07887599617242813,0.9096989631652832,0.3344275951385498,0.00242443653405644,0.0023984916042536497,0.0024503814638592303,0.6370545197278261,5.174773760139942,0.6370545197278261,5.174773760139942,4,4
196,195,1,-0.030541367828845978,131072,0,0,0.0,0.0140838623046875,0.0023040771484375,13.508604049682617,13.479923248291016,0.05737271532416344,0.07681586593389511,0.879067599773407,0.3353121280670166,0.00242443653405644,0.0023984916042536497,0.0024503814638592303,0.6370545197278261,5.174773760139942,0.6370545197278261,5.174773760139942,4,4
197,196,0,-0.02859177067875862,131072,0,0,0.0,0.0,0.0,15.052830696105957,15.052830696105957,0.030977625399827957,0.0530792661011219,0.5996851921081543,0.29586637020111084,0.0010806423160829581,0.0011446198332123458,0.0010166647989535704,0.6132736597210169,6.184629522264004,0.6132736597210169,6.184629522264004,4,4
197,196,1,-0.02859177067875862,131072,0,0,0.0,0.0,0.0,13.538968086242676,13.538968086242676,0.028595423325896263,0.05468561500310898,0.5858233571052551,0.28258001804351807,0.0010806423160829581,0.0011446198332123458,0.0010166647989535704,0.6132736597210169,6.184629522264004,0.6132736597210169,6.184629522264004,4,4
198,197,0,-0.014785245060920715,131072,0,0,0.0,0.0,0.0,7.647006034851074,7.647006034851074,0.01979624480009079,0.022752342745661736,0.37969735264778137,0.23933148384094238,0.010182362515479326,0.009777251165360212,0.01058747386559844,1.2824667915701866,6.769566357135773,1.2824667915701866,6.769566357135773,1,1
198,197,1,-0.014785245060920715,131072,0,0,0.0,0.0,0.00260162353515625,7.162641525268555,7.138238906860352,0.01974436454474926,0.024487275630235672,0.3477121591567993,0.24852526187896729,0.010182362515479326,0.009777251165360212,0.01058747386559844,1.2824667915701866,6.769566357135773,1.2824667915701866,6.769566357135773,1,1
199,198,0,-0.005712146405130625,131072,0,0,0.0,0.0,0.0,3.1549131870269775,3.1549131870269775,0.018276898190379143,0.01603216677904129,0.18828576803207397,0.08373057842254639,0.016441591549664736,0.016067434567958117,0.016815748531371355,1.555718407034874,6.561623215675354,1.555718407034874,6.561623215675354,1,1
199,198,1,-0.005712146405130625,131072,0,0,0.0,0.0,5.340576171875e-05,2.557229995727539,2.557218074798584,0.01865500956773758,0.015046773478388786,0.17211969196796417,0.0663985013961792,0.016441591549664736,0.016067434567958117,0.016815748531371355,1.555718407034874,6.561623215675354,1.555718407034874,6.561623215675354,1,1
200,199,0,-0.004352981224656105,131072,0,256,0.0,0.0,0.0,1.7180771827697754,1.7180771827697754,0.017972316592931747,0.01452888734638691,0.11545386910438538,0.07047855854034424,0.0010564464901108295,0.0012259057548362762,0.0008869872253853828,0.528095412068069,7.890792574733496,0.528095412068069,7.890792574733496,4,4
200,199,1,-0.004352981224656105,131072,0,256,0.0,0.0,0.0,2.634901285171509,2.634901285171509,0.018750948831439018,0.014314163476228714,0.14922918379306793,0.06102883815765381,0.0010564464901108295,0.0012259057548362762,0.0008869872253853828,0.528095412068069,7.890792574733496,0.528095412068069,7.890792574733496,4,4
201,200,0,-0.01427041832357645,131072,0,0,0.0,0.0,0.0,8.63058853149414,8.63058853149414,0.035139456391334534,0.062457818537950516,0.24238719046115875,0.26752567291259766,0.002359344041906297,0.0022493325523100793,0.002469355531502515,0.6148467119783163,18.57629242539406,0.6148467119783163,18.57629242539406,4,4
201,200,1,-0.01427041832357645,131072,0,0,0.0,0.0,0.0,5.6398420333862305,5.6398420333862305,0.03164605051279068,0.06405414640903473,0.2482486516237259,0.28463101387023926,0.002359344041906297,0.0022493325523100793,0.002469355531502515,0.6148467119783163,18.57629242539406,0.6148467119783163,18.57629242539406,4,4
202,201,0,-0.028471000492572784,131072,0,0,0.0,0.00051116943359375,0.0,17.043855667114258,17.043855667114258,0.0667656734585762,0.08277732878923416,0.9001484513282776,0.30423200130462646,0.0026848807465285063,0.0030657995375804603,0.0023039619554765522,0.924096368253231,5.38266234099865,0.924096368253231,5.38266234099865,4,4
202,201,1,-0.028471000492572784,131072,0,0,0.0,0.00321197509765625,0.0,11.427083015441895,11.427083015441895,0.0606379508972168,0.0808044895529747,0.9147524237632751,0.31507349014282227,0.0026848807465285063,0.0030657995375804603,0.0023039619554765522,0.924096368253231,5.38266234099865,0.924096368253231,5.38266234099865,4,4
203,202,0,-0.03381659835577011,131072,0,0,0.0,0.0,0.0,17.37388801574707,17.37388801574707,0.03010418266057968,0.06064867973327637,0.6276934146881104,0.2672712802886963,0.0032516624487470835,0.003140351385809481,0.003362973511684686,0.600214596837759,9.08498878031969,0.600214596837759,9.08498878031969,4,4
203,202,1,-0.03381659835577011,131072,0,0,0.0,0.0,0.0,16.442642211914062,16.442642211914062,0.026298632845282555,0.05895915627479553,0.6439162492752075,0.28147590160369873,0.0032516624487470835,0.003140351385809481,0.003362973511684686,0.600214596837759,9.08498878031969,0.600214596837759,9.08498878031969,4,4
204,203,0,-0.018896235153079033,131072,0,0,0.0,0.0,0.0,9.033441543579102,9.033441543579102,0.022757915779948235,0.030910028144717216,0.4015812575817108,0.28967511653900146,0.004748460138216615,0.0044760804157704115,0.005020839860662818,1.1959393955767155,5.331061210483313,1.1959393955767155,5.331061210483313,4,4
204,203,1,-0.018896235153079033,131072,0,0,0.0,0.0,0.0,9.862789154052734,9.862789154052734,0.020924542099237442,0.029991665855050087,0.3922717571258545,0.21216130256652832,0.004748460138216615,0.0044760804157704115,0.005020839860662818,1.1959393955767155,5.331061210483313,1.1959393955767155,5.331061210483313,4,4
205,204,0,-0.017042625695466995,131072,0,0,0.0,0.0,0.0,7.123676776885986,7.123676776885986,0.01806931011378765,0.017330631613731384,0.2546849250793457,0.07726001739501953,0.01653650519438088,0.016444587614387274,0.016628422774374485,2.120112344622612,5.573065340518951,2.120112344622612,5.573065340518951,1,1
205,204,1,-0.017042625695466995,131072,0,0,0.0,0.0,0.0,9.918920516967773,9.918920516967773,0.019444916397333145,0.016711637377738953,0.3021417260169983,0.0824052095413208,0.01653650519438088,0.016444587614387274,0.016628422774374485,2.120112344622612,5.573065340518951,2.120112344622612,5.573065340518951,1,1
206,205,0,-0.02614029124379158,131072,0,0,0.0,0.0,0.0,11.190179824829102,11.190179824829102,0.01792297698557377,0.013666401617228985,0.31730881333351135,0.053441643714904785,0.022182137239724398,0.022025410551577806,0.02233886392787099,4.256526976823807,15.833634376525879,4.256526976823807,15.833634376525879,1,1
206,205,1,-0.02614029124379158,131072,0,0,0.0,0.0,0.0,14.950149536132812,14.950149536132812,0.018921907991170883,0.014235325157642365,0.3875565230846405,0.06897842884063721,0.022182137239724398,0.022025410551577806,0.02233886392787099,4.256526976823807,15.833634376525879,4.256526976823807,15.833634376525879,1,1
207,206,0,-0.01646794006228447,131072,0,256,0.0,0.0,0.0,8.138067245483398,8.138067245483398,0.02725224941968918,0.04308275133371353,0.22670628130435944,0.2011023759841919,0.00041183646862918977,0.0003985235161962919,0.00042514942106208764,0.6856752149760723,7.488046191632748,0.6856752149760723,7.488046191632748,4,4
207,206,1,-0.01646794006228447,131072,0,256,0.0,0.0,0.0,8.329910278320312,8.329910278320312,0.02398988977074623,0.0424865297973156,0.26310428977012634,0.20782434940338135,0.00041183646862918977,0.0003985235161962919,0.00042514942106208764,0.6856752149760723,7.488046191632748,0.6856752149760723,7.488046191632748,4,4
208,207,0,-0.029240164905786514,131072,0,0,0.0,0.0,0.0,18.408771514892578,18.408771514892578,0.07079961150884628,0.08870594948530197,0.8887941837310791,0.2983732223510742,0.0029028719291090965,0.0030104664037935436,0.0027952774544246495,0.7637757789343596,8.544109538197517,0.7637757789343596,8.544109538197517,4,4
208,207,1,-0.029240164905786514,131072,0,0,0.0,0.00113677978515625,0.0,10.831315994262695,10.831315994262695,0.059354014694690704,0.08580898493528366,0.8327706456184387,0.31112372875213623,0.0029028719291090965,0.0030104664037935436,0.0027952774544246495,0.7637757789343596,8.544109538197517,0.7637757789343596,8.544109538197517,4,4
209,208,0,-0.0386538952589035,131072,0,0,0.0,0.0,0.0,21.23141098022461,21.23141098022461,0.0361143983900547,0.07386399805545807,0.9091945886611938,0.2862272262573242,0.0010142422543140128,0.001119582768296823,0.0009089017403312027,0.6007309453561902,6.4993085116147995,0.6007309453561902,6.4993085116147995,4,4
209,208,1,-0.0386538952589035,131072,0,0,0.0,0.00048065185546875,0.0,17.422523498535156,17.422523498535156,0.030577845871448517,0.07088693976402283,0.8889572620391846,0.30683815479278564,0.0010142422543140128,0.001119582768296823,0.0009089017403312027,0.6007309453561902,6.4993085116147995,0.6007309453561902,6.4993085116147995,4,4
210,209,0,-0.03970639780163765,131072,0,0,0.0,0.0,0.0,19.846153259277344,19.846153259277344,0.025981197133660316,0.041329458355903625,0.7258087396621704,0.2781805992126465,0.0038991769833955914,0.003706876712385565,0.004091477254405618,0.9991943091154099,10.786952443420887,0.9991943091154099,10.786952443420887,4,4
210,209,1,-0.03970639780163765,131072,0,0,0.0,0.0,0.0005340576171875,19.860998153686523,19.86026954650879,0.022445213049650192,0.04022374749183655,0.7703161835670471,0.24818944931030273,0.0038991769833955914,0.003706876712385565,0.004091477254405618,0.9991943091154099,10.786952443420887,0.9991943091154099,10.786952443420887,4,4
211,210,0,-0.06179751455783844,131072,0,0,0.0,0.0,0.0,28.511167526245117,28.511167526245117,0.019235769286751747,0.01957586221396923,0.6669862270355225,0.12181520462036133,0.004638286598492414,0.004228590987622738,0.00504798220936209,0.7129187257960439,42.957585483789444,0.7129187257960439,42.957585483789444,4,4
211,210,1,-0.06179751455783844,131072,0,0,0.0,0.0,0.0,33.28620529174805,33.28620529174805,0.017918633297085762,0.018552040681242943,0.7498258352279663,0.08702623844146729,0.004638286598492414,0.004228590987622738,0.00504798220936209,0.7129187257960439,42.957585483789444,0.7129187257960439,42.957585483789444,4,4
212,211,0,-0.07069694995880127,131072,0,0,0.0,0.0,0.0,32.666709899902344,32.666709899902344,0.01895633153617382,0.011537328362464905,0.7180195450782776,0.06271743774414062,0.011521312757395208,0.011337267234921455,0.01170535827986896,1.6408808082342148,44.66515612602234,1.6408808082342148,44.66515612602234,1,1
212,211,1,-0.07069694995880127,131072,0,0,0.0,0.0,0.0,38.03007888793945,38.03007888793945,0.017976945266127586,0.011593316681683064,0.8181588649749756,0.05552399158477783,0.011521312757395208,0.011337267234921455,0.01170535827986896,1.6408808082342148,44.66515612602234,1.6408808082342148,44.66515612602234,1,1
213,212,0,-0.04127173498272896,131072,0,256,0.0,0.0,0.0,19.258636474609375,19.258636474609375,0.02516654133796692,0.02297521010041237,0.5482587218284607,0.15670084953308105,0.003137717110803351,0.003047626290936023,0.0032278079306706786,0.8558549266308546,42.89469896256924,0.8558549266308546,42.89469896256924,4,4
213,212,1,-0.04127173498272896,131072,0,256,0.0,0.0,0.0,22.012920379638672,22.012920379638672,0.02264673076570034,0.023707497864961624,0.6220561265945435,0.14159703254699707,0.003137717110803351,0.003047626290936023,0.0032278079306706786,0.8558549266308546,42.89469896256924,0.8558549266308546,42.89469896256924,4,4
214,213,0,-0.03107393905520439,131072,0,0,0.0,0.005828857421875,0.00016021728515625,19.432931900024414,19.432538986206055,0.06375780701637268,0.09260311722755432,0.7279012203216553,0.3233160972595215,0.0015001197607489303,0.0014596274413634092,0.0015406120801344514,0.6139899855479598,18.931864827871323,0.6139899855479598,18.931864827871323,4,4
214,213,1,-0.03107393905520439,131072,0,0,0.0,0.0028076171875,0.0,11.641422271728516,11.641422271728516,0.05730718746781349,0.09152010828256607,0.7246126532554626,0.3132592439651489,0.0015001197607489303,0.0014596274413634092,0.0015406120801344514,0.6139899855479598,18.931864827871323,0.6139899855479598,18.931864827871323,4,4
215,214,0,-0.04016020894050598,131072,0,0,0.0,0.0027008056640625,0.001312255859375,20.566987991333008,20.56065559387207,0.05163981020450592,0.07564792037010193,1.1573314666748047,0.32577359676361084,0.0015032820228952914,0.0014402952510863543,0.0015662687947042286,0.5132215619087219,8.843178436160088,0.5132215619087219,8.843178436160088,4,4
215,214,1,-0.04016020894050598,131072,0,0,0.0,0.0063629150390625,0.001861572265625,19.613971710205078,19.599552154541016,0.045186810195446014,0.07821238040924072,1.103111743927002,0.32705366611480713,0.0015032820228952914,0.0014402952510863543,0.0015662687947042286,0.5132215619087219,8.843178436160088,0.5132215619087219,8.843178436160088,4,4
216,215,0,-0.053742822259664536,131072,0,0,0.0,0.0,0.0006561279296875,27.00290870666504,27.00130271911621,0.02904652990400791,0.04510080814361572,1.0646963119506836,0.26315224170684814,0.0032119321986101568,0.0032851971336640418,0.003138667263556272,0.6559378113597631,27.068661153316498,0.6559378113597631,27.068661153316498,4,4
216,215,1,-0.053742822259664536,131072,0,0,0.0,0.0,0.001556396484375,26.746517181396484,26.74152374267578,0.024459779262542725,0.04833070561289787,1.0330754518508911,0.2648136615753174,0.0032119321986101568,0.0032851971336640418,0.003138667263556272,0.6559378113597631,27.068661153316498,0.6559378113597631,27.068661153316498,4,4
217,216,0,-0.09159085154533386,131072,0,0,0.0,0.0,0.010711669921875,44.84365463256836,44.485618591308594,0.019421350210905075,0.020594477653503418,1.0206708908081055,0.13177895545959473,0.005465639929752797,0.005714412895031273,0.00521686696447432,1.7267371732741594,45.807923562824726,1.7267371732741594,45.807923562824726,4,4
217,216,1,-0.09159085154533386,131072,0,0,0.0,0.0,0.00994110107421875,47.18925094604492,47.10502243041992,0.0178611408919096,0.019660087302327156,1.0447317361831665,0.1571178436279297,0.005465639929752797,0.005714412895031273,0.00521686696447432,1.7267371732741594,45.807923562824726,1.7267371732741594,45.807923562824726,4,4
218,217,0,-0.09351158142089844,131072,0,0,0.0,0.0,0.00774383544921875,44.6144905090332,44.28525161743164,0.018655704334378242,0.012923837639391422,0.9619268178939819,0.06489479541778564,0.022644326090812683,0.022472412791103125,0.02281623939052224,3.7730982452630997,59.652918100357056,3.7730982452630997,59.652918100357056,1,1
218,217,1,-0.09351158142089844,131072,0,0,0.0,0.0,0.00283050537109375,49.236507415771484,49.22617721557617,0.01799215003848076,0.011991320177912712,1.0352874994277954,0.06631052494049072,0.022644326090812683,0.022472412791103125,0.02281623939052224,3.7730982452630997,59.652918100357056,3.7730982452630997,59.652918100357056,1,1
219,218,0,-0.06476759910583496,131072,0,256,0.0,0.0,0.0029296875,30.298736572265625,30.078582763671875,0.02341749519109726,0.012757634744048119,0.7545924782752991,0.05823087692260742,0.0012002822913927957,0.0012633118021767586,0.0011372527806088328,0.43222321243956685,45.94105997681618,0.43222321243956685,45.94105997681618,4,4
219,218,1,-0.06476759910583496,131072,0,256,0.0,0.0,0.0,34.68857192993164,34.68857192993164,0.02166944183409214,0.012081625871360302,0.8381373882293701,0.07185626029968262,0.0012002822913927957,0.0012633118021767586,0.0011372527806088328,0.43222321243956685,45.94105997681618,0.43222321243956685,45.94105997681618,4,4
220,219,0,-0.02267855405807495,131072,0,0,0.0,0.0,0.0,14.299809455871582,14.299809455871582,0.050242744386196136,0.08061663806438446,0.44989079236984253,0.2946436405181885,0.004102692997548729,0.004309428273700178,0.0038959577213972807,0.6529375053942204,10.327985674142838,0.6529375053942204,10.327985674142838,4,4
220,219,1,-0.02267855405807495,131072,0,0,0.0,0.00026702880859375,0.0,8.378786087036133,8.378786087036133,0.04547325521707535,0.08065012097358704,0.46656301617622375,0.3025902509689331,0.004102692997548729,0.004309428273700178,0.0038959577213972807,0.6529375053942204,10.327985674142838,0.6529375053942204,10.327985674142838,4,4
221,220,0,-0.03276275470852852,131072,0,0,0.0,0.0023345947265625,0.0,18.345623016357422,18.345623016357422,0.06636802852153778,0.07942068576812744,1.009958028793335,0.31405866146087646,0.004144931794144213,0.004351140931248665,0.0039387226570397615,1.2039119526743889,7.639597997069359,1.2039119526743889,7.639597997069359,4,4
221,220,1,-0.03276275470852852,131072,0,0,0.0,0.001495361328125,0.0,14.417146682739258,14.417146682739258,0.05485684052109718,0.07877419143915176,0.9935344457626343,0.3121788501739502,0.004144931794144213,0.004351140931248665,0.0039387226570397615,1.2039119526743889,7.639597997069359,1.2039119526743889,7.639597997069359,4,4
222,221,0,-0.034691426903009415,131072,0,0,0.0,0.0,0.0,17.847454071044922,17.847454071044922,0.0310157872736454,0.054021965712308884,0.7036223411560059,0.2623293399810791,0.014864776283502579,0.014635910978540778,0.01509364158846438,1.8177971690893173,14.837809085845947,1.8177971690893173,14.837809085845947,1,1
222,221,1,-0.034691426903009415,131072,0,0,0.0,0.0,0.0,16.843843460083008,16.843843460083008,0.02967388927936554,0.05182186886668205,0.7807931303977966,0.27748095989227295,0.014864776283502579,0.014635910978540778,0.01509364158846438,1.8177971690893173,14.837809085845947,1.8177971690893173,14.837809085845947,1,1
223,222,0,-0.03497875854372978,131072,0,0,0.0,0.0,0.0,15.178105354309082,15.178105354309082,0.021401461213827133,0.0254427008330822,0.4995127320289612,0.25926733016967773,0.015296615660190582,0.015066251857206225,0.01552697946317494,2.3563728630542755,22.817347049713135,2.3563728630542755,22.817347049713135,1,1
223,222,1,-0.03497875854372978,131072,0,0,0.0,0.0,0.00214385986328125,19.815824508666992,19.8006534576416,0.019657772034406662,0.026327500119805336,0.6140434741973877,0.27361321449279785,0.015296615660190582,0.015066251857206225,0.01552697946317494,2.3563728630542755,22.817347049713135,2.3563728630542755,22.817347049713135,1,1
224,223,0,-0.029322054237127304,131072,0,0,0.0,0.0,0.0,12.014842987060547,12.014842987060547,0.01945815235376358,0.016194669529795647,0.34457799792289734,0.08227670192718506,0.015876744175329804,0.015512059442698956,0.016241428907960653,1.9180058240890503,12.65292364358902,1.9180058240890503,12.65292364358902,1,1
224,223,1,-0.029322054237127304,131072,0,0,0.0,0.0,0.0,17.307130813598633,17.307130813598633,0.0176653191447258,0.0170331671833992,0.4476269483566284,0.09111571311950684,0.015876744175329804,0.015512059442698956,0.016241428907960653,1.9180058240890503,12.65292364358902,1.9180058240890503,12.65292364358902,1,1
225,224,0,-0.015313430689275265,131072,0,256,0.0,0.0,0.0,5.326841831207275,5.326841831207275,0.019075479358434677,0.013893211260437965,0.20528170466423035,0.07232773303985596,0.0011504681679070927,0.0007787624927004799,0.0015221738431137055,0.8425515443086624,4.045876517891884,0.8425515443086624,4.045876517891884,4,4
225,224,1,-0.015313430689275265,131072,0,256,0.0,0.0,0.0,9.986579895019531,9.986579895019531,0.018337560817599297,0.01431696955114603,0.29871782660484314,0.06752502918243408,0.0011504681679070927,0.0007787624927004799,0.0015221738431137055,0.8425515443086624,4.045876517891884,0.8425515443086624,4.045876517891884,4,4
226,225,0,-0.01431665662676096,131072,0,0,0.0,0.0,0.0,9.067334175109863,9.067334175109863,0.0362418107688427,0.06312526017427444,0.2446288913488388,0.2664583921432495,0.0009118757516262121,0.0009136506705544889,0.0009101008326979354,0.5450490098446608,17.03075221180916,0.5450490098446608,17.03075221180916,4,4
226,225,1,-0.01431665662676096,131072,0,0,0.0,0.0,0.0,5.249342441558838,5.249342441558838,0.03332195058465004,0.06070167198777199,0.23904721438884735,0.26507246494293213,0.0009118757516262121,0.0009136506705544889,0.0009101008326979354,0.5450490098446608,17.03075221180916,0.5450490098446608,17.03075221180916,4,4
227,226,0,-0.029066890478134155,131072,0,0,0.0,0.0009002685546875,0.0,17.856929779052734,17.856929779052734,0.0744904950261116,0.08545830845832825,0.9300813674926758,0.3055914640426636,0.002028451912337914,0.002276303479447961,0.0017806003452278674,0.7066638069227338,4.913782902061939,0.7066638069227338,4.913782902061939,4,4
227,226,1,-0.029066890478134155,131072,0,0,0.0,0.00312042236328125,0.0,11.210058212280273,11.210058212280273,0.05761462450027466,0.08223696798086166,0.8449327349662781,0.3112657070159912,0.002028451912337914,0.002276303479447961,0.0017806003452278674,0.7066638069227338,4.913782902061939,0.7066638069227338,4.913782902061939,4,4
228,227,0,-0.03229953721165657,131072,0,0,0.0,0.0,0.0,17.673742294311523,17.673742294311523,0.03626257926225662,0.065034881234169,0.6870181560516357,0.2827709913253784,0.001190070281154476,0.001241678633959964,0.0011384619283489883,0.6032620370388031,7.6734800934791565,0.6032620370388031,7.6734800934791565,4,4
228,227,1,-0.03229953721165657,131072,0,0,0.0,0.00018310546875,0.0,14.625797271728516,14.625797271728516,0.03056268021464348,0.06478068977594376,0.5897120237350464,0.30268657207489014,0.001190070281154476,0.001241678633959964,0.0011384619283489883,0.6032620370388031,7.6734800934791565,0.6032620370388031,7.6734800934791565,4,4
229,228,0,-0.014065897092223167,131072,0,0,0.0,0.0,0.0,7.827200889587402,7.827200889587402,0.025012707337737083,0.033937953412532806,0.4056384265422821,0.2554931640625,0.0021857460087630898,0.002176856272853911,0.0021946357446722686,0.573861489072442,18.45985171198845,0.573861489072442,18.45985171198845,4,4
229,228,1,-0.014065897092223167,131072,0,0,0.0,0.0,0.0,6.2386794090271,6.2386794090271,0.022271044552326202,0.03233970329165459,0.34966588020324707,0.2407587766647339,0.0021857460087630898,0.002176856272853911,0.0021946357446722686,0.573861489072442,18.45985171198845,0.573861489072442,18.45985171198845,4,4
230,229,0,-0.005001661833375692,131072,0,0,0.0,0.0,0.0,2.9912402629852295,2.9912402629852295,0.019695648923516273,0.01642877794802189,0.17599332332611084,0.08546388149261475,0.0031594567408319563,0.0028077553724870086,0.003511158109176904,0.47543382551521063,9.242124568670988,0.47543382551521063,9.242124568670988,4,4
230,229,1,-0.005001661833375692,131072,0,0,0.0,0.0,0.0,2.0104172229766846,2.0104172229766846,0.01773243211209774,0.01498537976294756,0.14407722651958466,0.08068537712097168,0.0031594567408319563,0.0028077553724870086,0.003511158109176904,0.47543382551521063,9.242124568670988,0.47543382551521063,9.242124568670988,4,4
231,230,0,-0.002041392493993044,131072,0,0,0.0,0.0,0.0,1.2917414903640747,1.2917414903640747,0.0184099730104208,0.009712050668895245,0.09969491511583328,0.06013965606689453,0.003270894259912893,0.004021129920147359,0.002520658599678427,1.2936585694551468,10.092318832874298,1.2936585694551468,10.092318832874298,4,4
231,230,1,-0.002041392493993044,131072,0,0,0.0,0.0,0.0,0.7496507167816162,0.7496507167816162,0.018317842856049538,0.00960775651037693,0.07173167914152145,0.05034065246582031,0.003270894259912893,0.004021129920147359,0.002520658599678427,1.2936585694551468,10.092318832874298,1.2936585694551468,10.092318832874298,4,4
232,231,0,-0.007180182263255119,131072,0,256,0.0,0.0,0.0,4.190519332885742,4.190519332885742,0.025376111268997192,0.03976478800177574,0.11974190920591354,0.2544724941253662,0.0010400819446658716,0.0007754727266728878,0.0013046911626588553,0.650757510215044,11.818995751440525,0.650757510215044,11.818995751440525,4,4
232,231,1,-0.007180182263255119,131072,0,256,0.0,0.0,0.0,2.989672899246216,2.989672899246216,0.023392891511321068,0.03851962462067604,0.1085759624838829,0.242545485496521,0.0010400819446658716,0.0007754727266728878,0.0013046911626588553,0.650757510215044,11.818995751440525,0.650757510215044,11.818995751440525,4,4
233,232,0,-0.026541817933321,131072,0,0,0.0,0.00107574462890625,0.0,16.876544952392578,16.876544952392578,0.0640716701745987,0.08403868973255157,0.7727434635162354,0.3130316734313965,0.002156140501028858,0.002149994805222377,0.002162286196835339,0.8116644341498613,5.59549143910408,0.8116644341498613,5.59549143910408,4,4
233,232,1,-0.026541817933321,131072,0,0,0.0,0.0018157958984375,0.0,9.665288925170898,9.665288925170898,0.05848979949951172,0.08446422219276428,0.7765144109725952,0.3196866512298584,0.002156140501028858,0.002149994805222377,0.002162286196835339,0.8116644341498613,5.59549143910408,0.8116644341498613,5.59549143910408,4,4
234,233,0,-0.031533367931842804,131072,0,0,0.0,4.57763671875e-05,0.0,16.618173599243164,16.618173599243164,0.03564402833580971,0.0707007572054863,0.7242938280105591,0.300320029258728,0.0015940371522447094,0.0014874076296109706,0.0017006666748784482,0.6730584651231766,4.580425128340721,0.6730584651231766,4.580425128340721,4,4
234,233,1,-0.031533367931842804,131072,0,0,0.0,0.000274658203125,0.0,14.915181159973145,14.915181159973145,0.031251613050699234,0.07204533368349075,0.6908739805221558,0.30175817012786865,0.0015940371522447094,0.0014874076296109706,0.0017006666748784482,0.6730584651231766,4.580425128340721,0.6730584651231766,4.580425128340721,4,4
235,234,0,-0.014623617753386497,131072,0,0,0.0,0.0,0.0,8.024523735046387,8.024523735046387,0.023008953779935837,0.039003998041152954,0.38704800605773926,0.24828708171844482,0.002748713013716042,0.002929599431809038,0.002567826595623046,0.7346686255186796,11.553915522992611,0.7346686255186796,11.553915522992611,4,4
235,234,1,-0.014623617753386497,131072,0,0,0.0,0.0,0.0,6.599077224731445,6.599077224731445,0.023326681926846504,0.03986138477921486,0.3471313416957855,0.25956273078918457,0.002748713013716042,0.002929599431809038,0.002567826595623046,0.7346686255186796,11.553915522992611,0.7346686255186796,11.553915522992611,4,4
236,235,0,-0.004362551029771566,131072,0,0,0.0,0.0,0.0,2.474581718444824,2.474581718444824,0.018510455265641212,0.016893215477466583,0.15243792533874512,0.09231579303741455,0.0057005289127118886,0.005978068569675088,0.005422989255748689,0.9472180055454373,7.739843390882015,0.9472180055454373,7.739843390882015,4,4
236,235,1,-0.004362551029771566,131072,0,0,0.0,0.0,0.0,1.887951374053955,1.887951374053955,0.020952686667442322,0.016261978074908257,0.12422869354486465,0.09538924694061279,0.0057005289127118886,0.005978068569675088,0.005422989255748689,0.9472180055454373,7.739843390882015,0.9472180055454373,7.739843390882015,4,4
237,236,0,-0.001326015219092369,131072,0,0,0.0,0.0,0.0,0.6516134738922119,0.6516134738922119,0.018016235902905464,0.010127210058271885,0.06602256000041962,0.05122387409210205,0.0020196935947751626,0.0023343959474004805,0.0017049912421498448,0.831835831515491,8.07411552965641,0.831835831515491,8.07411552965641,4,4
237,236,1,-0.001326015219092369,131072,0,0,0.0,0.0,0.0,0.6744112968444824,0.6744112968444824,0.020303335040807724,0.009732834063470364,0.06256434321403503,0.04554951190948486,0.0020196935947751626,0.0023343959474004805,0.0017049912421498448,0.831835831515491,8.07411552965641,0.831835831515491,8.07411552965641,4,4
238,237,0,-0.0027264973614364862,131072,0,256,0.0,0.0,0.0,1.2955224514007568,1.2955224514007568,0.021648848429322243,0.018626965582370758,0.05325622111558914,0.12762653827667236,0.003888943960191682,0.003555941570084542,0.004221946350298822,0.6179313026368618,6.11263445392251,0.6179313026368618,6.11263445392251,4,4
238,237,1,-0.0027264973614364862,131072,0,256,0.0,0.0,0.0,1.4309725761413574,1.4309725761413574,0.022701425477862358,0.018396610394120216,0.06283889710903168,0.128220796585083,0.003888943960191682,0.003555941570084542,0.004221946350298822,0.6179313026368618,6.11263445392251,0.6179313026368618,6.11263445392251,4,4
239,238,0,-0.023110244423151016,131072,0,0,0.0,0.0,0.0,15.150833129882812,15.150833129882812,0.05420391261577606,0.08182568103075027,0.5865567326545715,0.2841700315475464,0.0013176092179492116,0.0013274526572786272,0.001307765778619796,0.6987243266776204,10.465619459748268,0.6987243266776204,10.465619459748268,4,4
239,238,1,-0.023110244423151016,131072,0,0,0.0,0.0,0.0,7.959473609924316,7.959473609924316,0.05253421142697334,0.08342259377241135,0.6074274778366089,0.2945438623428345,0.0013176092179492116,0.0013274526572786272,0.001307765778619796,0.6987243266776204,10.465619459748268,0.6987243266776204,10.465619459748268,4,4
240,239,0,-0.031040683388710022,131072,0,0,0.0,0.0,0.0,16.48746109008789,16.48746109008789,0.04431963339447975,0.07330882549285889,0.8521982431411743,0.29593098163604736,0.002652782539371401,0.0024304896942339838,0.0028750753845088184,0.6813446376472712,7.050376690924168,0.6813446376472712,7.050376690924168,4,4
240,239,1,-0.031040683388710022,131072,0,0,0.0,0.00226593017578125,0.0,14.553230285644531,14.553230285644531,0.041313499212265015,0.07388149946928024,0.8782728910446167,0.31716597080230713,0.002652782539371401,0.0024304896942339838,0.0028750753845088184,0.6813446376472712,7.050376690924168,0.6813446376472712,7.050376690924168,4,4
241,240,0,-0.023050909861922264,131072,0,0,0.0,0.0,0.0,11.723636627197266,11.723636627197266,0.02585289627313614,0.045976415276527405,0.49138161540031433,0.2635211944580078,0.0022690596524626017,0.00233862959430553,0.002199489710619673,0.5677931290119886,17.48354336619377,0.5677931290119886,17.48354336619377,4,4
241,240,1,-0.023050909861922264,131072,0,0,0.0,0.0,0.0,11.32730770111084,11.32730770111084,0.023923799395561218,0.045578934252262115,0.47103703022003174,0.26381564140319824,0.0022690596524626017,0.00233862959430553,0.002199489710619673,0.5677931290119886,17.48354336619377,0.5677931290119886,17.48354336619377,4,4
242,241,0,-0.008094306103885174,131072,0,0,0.0,0.0,0.0,4.278560161590576,4.278560161590576,0.018357766792178154,0.020456694066524506,0.2346356213092804,0.11726760864257812,0.0015771680336911231,0.0015841522254049778,0.0015701838419772685,0.5136155942454934,8.128052733838558,0.5136155942454934,8.128052733838558,4,4
242,241,1,-0.008094306103885174,131072,0,0,0.0,0.0,0.0,3.815718650817871,3.815718650817871,0.019354891031980515,0.020076574757695198,0.2208191156387329,0.13213014602661133,0.0015771680336911231,0.0015841522254049778,0.0015701838419772685,0.5136155942454934,8.128052733838558,0.5136155942454934,8.128052733838558,4,4
243,242,0,-0.0020114141516387463,131072,0,0,0.0,0.0,0.0,1.0408070087432861,1.0408070087432861,0.01785247214138508,0.010388447903096676,0.09396585077047348,0.0729367733001709,0.0024696931650396436,0.002459932758938521,0.002479453571140766,0.44166532065719366,6.248911555856466,0.44166532065719366,6.248911555856466,4,4
243,242,1,-0.0020114141516387463,131072,0,0,0.0,0.0,0.0,0.9706025123596191,0.9706025123596191,0.019015073776245117,0.010245054960250854,0.08374638110399246,0.07793033123016357,0.0024696931650396436,0.002459932758938521,0.002479453571140766,0.44166532065719366,6.248911555856466,0.44166532065719366,6.248911555856466,4,4
244,243,0,-0.0012470530346035957,131072,0,256,0.0,0.0,0.0,0.6478968858718872,0.6478968858718872,0.021111713722348213,0.007653361652046442,0.054384995251894,0.040024518966674805,0.0033812590991146863,0.0028216742794029415,0.003940843918826431,0.42379275523126125,8.065077155828476,0.42379275523126125,8.065077155828476,4,4
244,243,1,-0.0012470530346035957,131072,0,256,0.0,0.0,0.0,0.5991592407226562,0.5991592407226562,0.022135673090815544,0.007332713808864355,0.047713976353406906,0.031034111976623535,0.0033812590991146863,0.0028216742794029415,0.003940843918826431,0.42379275523126125,8.065077155828476,0.42379275523126125,8.065077155828476,4,4
245,244,0,-0.02019883692264557,131072,0,0,0.0,0.0,0.0,12.96103572845459,12.96103572845459,0.04879130423069,0.07629474997520447,0.41398975253105164,0.280331015586853,0.0030982529278844595,0.003005314851179719,0.0031911910045892,0.6126542305573821,8.965059626847506,0.6126542305573821,8.965059626847506,4,4
245,244,1,-0.02019883692264557,131072,0,0,0.0,0.0,0.0,7.237829208374023,7.237829208374023,0.040542151778936386,0.0783686414361,0.43908798694610596,0.2753065824508667,0.0030982529278844595,0.003005314851179719,0.0031911910045892,0.6126542305573821,8.965059626847506,0.6126542305573821,8.965059626847506,4,4
246,245,0,-0.027614375576376915,131072,0,0,0.0,0.0,0.0,15.896865844726562,15.896865844726562,0.05897316709160805,0.07653237134218216,0.9804543852806091,0.2859448194503784,0.0009997202650993131,0.0010042551148217171,0.000995185415376909,0.7733878940343857,4.556591555476189,0.7733878940343857,4.556591555476189,4,4
246,245,1,-0.027614375576376915,131072,0,0,0.0,9.918212890625e-05,0.0,11.717606544494629,11.717606544494629,0.05030767619609833,0.07755231112241745,0.9810592532157898,0.30042266845703125,0.0009997202650993131,0.0010042551148217171,0.000995185415376909,0.7733878940343857,4.556591555476189,0.7733878940343857,4.556591555476189,4,4
247,246,0,-0.036246709525585175,131072,0,0,0.0,0.0,0.0,18.412437438964844,18.412437438964844,0.026470111683011055,0.05379148945212364,0.6962070465087891,0.25329434871673584,0.0021086150081828237,0.002142708166502416,0.002074521849863231,0.6062020920217037,5.113097198307514,0.6062020920217037,5.113097198307514,4,4
247,246,1,-0.036246709525585175,131072,0,0,0.0,0.0,0.0,17.834270477294922,17.834270477294922,0.02769271843135357,0.05346046760678291,0.704257071018219,0.2814077138900757,0.0021086150081828237,0.002142708166502416,0.002074521849863231,0.6062020920217037,5.113097198307514,0.6062020920217037,5.113097198307514,4,4
248,247,0,-0.022551972419023514,131072,0,0,0.0,0.0,0.0009765625,10.907674789428711,10.903827667236328,0.018771203234791756,0.022833023220300674,0.4584437906742096,0.20377063751220703,0.0011153818195452914,0.0012495947885327041,0.0009811688505578786,0.6064896723255515,5.679707571864128,0.6064896723255515,5.679707571864128,4,4
248,247,1,-0.022551972419023514,131072,0,0,0.0,0.0,0.00311279296875,11.669332504272461,11.648202896118164,0.019835270941257477,0.025035366415977478,0.4836258590221405,0.23423516750335693,0.0011153818195452914,0.0012495947885327041,0.0009811688505578786,0.6064896723255515,5.679707571864128,0.6064896723255515,5.679707571864128,4,4
249,248,0,-0.011953430250287056,131072,0,0,0.0,0.0,0.0,5.612316131591797,5.612316131591797,0.018228264525532722,0.015217800624668598,0.26359087228775024,0.07689642906188965,0.00510790036059916,0.004835781408473849,0.005380019312724471,1.2046225387603045,17.985300943255424,1.2046225387603045,17.985300943255424,4,4
249,248,1,-0.011953430250287056,131072,0,0,0.0,0.0,0.0,6.341058254241943,6.341058254241943,0.019460953772068024,0.015202071517705917,0.2861577570438385,0.07530045509338379,0.00510790036059916,0.004835781408473849,0.005380019312724471,1.2046225387603045,17.985300943255424,1.2046225387603045,17.985300943255424,4,4
250,249,0,-0.004288170952349901,131072,0,256,0.0,0.0,0.0,1.869735836982727,1.869735836982727,0.01814139634370804,0.011007964611053467,0.13861912488937378,0.07121598720550537,0.0013383592595346272,0.0011537540412973613,0.0015229644777718931,0.5624304413795471,8.033072926104069,0.5624304413795471,8.033072926104069,4,4
250,249,1,-0.004288170952349901,131072,0,256,0.0,0.0,0.0,2.4184324741363525,2.4184324741363525,0.019651195034384727,0.011373762041330338,0.1637893170118332,0.06792318820953369,0.0013383592595346272,0.0011537540412973613,0.0015229644777718931,0.5624304413795471,8.033072926104069,0.5624304413795471,8.033072926104069,4,4
251,250,0,-0.014132053591310978,131072,0,0,0.0,0.0,0.0,9.012238502502441,9.012238502502441,0.033438049256801605,0.06353717297315598,0.2442609965801239,0.24768531322479248,0.0023918901570141315,0.0024087505880743265,0.0023750297259539366,0.42586960550397635,15.453922986984253,0.42586960550397635,15.453922986984253,4,4
251,250,1,-0.014132053591310978,131072,0,0,0.0,0.0,0.0,5.119808197021484,5.119808197021484,0.030922479927539825,0.060987140983343124,0.23942099511623383,0.27268970012664795,0.0023918901570141315,0.0024087505880743265,0.0023750297259539366,0.42586960550397635,15.453922986984253,0.42586960550397635,15.453922986984253,4,4
252,251,0,-0.026563221588730812,131072,0,0,0.0,0.0,0.0,17.021564483642578,17.021564483642578,0.06836771219968796,0.08366542309522629,0.9896727800369263,0.2948354482650757,0.003199397324351594,0.0030708556878380477,0.00332793896086514,0.7048913864418864,7.106924578547478,0.7048913864418864,7.106924578547478,4,4
252,251,1,-0.026563221588730812,131072,0,0,0.0,0.00070953369140625,0.0,9.54166316986084,9.54166316986084,0.0575391910970211,0.08028773218393326,0.9257736802101135,0.3030667304992676,0.003199397324351594,0.0030708556878380477,0.00332793896086514,0.7048913864418864,7.106924578547478,0.7048913864418864,7.106924578547478,4,4
253,252,0,-0.03971676528453827,131072,0,0,0.0,0.0,0.0,21.7946834564209,21.7946834564209,0.029764292761683464,0.0625372976064682,0.7980796098709106,0.25819170475006104,0.0015497006534133106,0.0016072220460046083,0.001492179260822013,0.6834809090942144,4.442082267254591,0.6834809090942144,4.442082267254591,4,4
253,252,1,-0.03971676528453827,131072,0,0,0.0,0.0,0.0,17.922168731689453,17.922168731689453,0.03044094890356064,0.06095648556947708,0.7408053278923035,0.29202497005462646,0.0015497006534133106,0.0016072220460046083,0.001492179260822013,0.6834809090942144,4.442082267254591,0.6834809090942144,4.442082267254591,4,4
254,253,0,-0.023111555725336075,131072,0,0,0.0,0.0,0.0,12.237162590026855,12.237162590026855,0.022863587364554405,0.033829089254140854,0.4807390570640564,0.24565505981445312,0.0011913845519302413,0.0010144015250261873,0.0013683675788342953,0.9116397090256214,6.028795391321182,0.9116397090256214,6.028795391321182,4,4
254,253,1,-0.023111555725336075,131072,0,0,0.0,0.0,0.0,10.874353408813477,10.874353408813477,0.022003285586833954,0.03329698368906975,0.48902201652526855,0.2691744565963745,0.0011913845519302413,0.0010144015250261873,0.0013683675788342953,0.9116397090256214,6.028795391321182,0.9116397090256214,6.028795391321182,4,4
255,254,0,-0.009094717912375927,131072,0,0,0.0,0.0,0.0,4.427393436431885,4.427393436431885,0.018528223037719727,0.01732655055820942,0.22528597712516785,0.0871727466583252,0.01015481143258512,0.009847192326560616,0.010462430538609624,1.8798480033874512,5.9809063374996185,1.8798480033874512,5.9809063374996185,1,1
255,254,1,-0.009094717912375927,131072,0,0,0.0,0.0,0.0,4.667321681976318,4.667321681976318,0.02023438736796379,0.01676359958946705,0.23774445056915283,0.07775390148162842,0.01015481143258512,0.009847192326560616,0.010462430538609624,1.8798480033874512,5.9809063374996185,1.8798480033874512,5.9809063374996185,1,1
256,255,0,-0.002941286191344261,131072,0,0,0.0,0.0,0.0,1.3722892999649048,1.3722892999649048,0.018473558127880096,0.012066500261425972,0.11177757382392883,0.06511819362640381,0.019868160597980022,0.01937884883955121,0.020357472356408834,2.380860075354576,6.002573370933533,2.380860075354576,6.002573370933533,1,1
256,255,1,-0.002941286191344261,131072,0,0,0.0,0.0,0.0,1.5689923763275146,1.5689923763275146,0.01943649724125862,0.01196617353707552,0.11750783026218414,0.06179225444793701,0.019868160597980022,0.01937884883955121,0.020357472356408834,2.380860075354576,6.002573370933533,2.380860075354576,6.002573370933533,1,1
257,256,0,-0.007322103716433048,131072,0,256,0.0,0.0,0.0,3.8786025047302246,3.8786025047302246,0.023955339565873146,0.03855929896235466,0.11196364462375641,0.23823249340057373,0.0015440850547747687,0.0014252000983105972,0.00166297001123894,0.6751215178519487,18.416726253926754,0.6751215178519487,18.416726253926754,4,4
257,256,1,-0.007322103716433048,131072,0,256,0.0,0.0,0.0,3.443510055541992,3.443510055541992,0.023103855550289154,0.04016619920730591,0.12131787836551666,0.2331385612487793,0.0015440850547747687,0.0014252000983105972,0.00166297001123894,0.6751215178519487,18.416726253926754,0.6751215178519487,18.416726253926754,4,4
258,257,0,-0.027201557531952858,131072,0,0,0.0,0.0,0.0,17.997583389282227,17.997583389282227,0.06898409128189087,0.08868858963251114,0.8404054641723633,0.29765570163726807,0.0025445808132644743,0.002498901158105582,0.0025902604684233665,0.6035285443067551,8.449217721819878,0.6035285443067551,8.449217721819878,4,4
258,257,1,-0.027201557531952858,131072,0,0,0.0,0.0,0.0,9.204082489013672,9.204082489013672,0.06128876656293869,0.08739243447780609,0.8333050012588501,0.29704248905181885,0.0025445808132644743,0.002498901158105582,0.0025902604684233665,0.6035285443067551,8.449217721819878,0.6035285443067551,8.449217721819878,4,4
259,258,0,-0.036964450031518936,131072,0,0,0.0,0.0,0.0,20.073345184326172,20.073345184326172,0.03209979832172394,0.07016635686159134,0.8381324410438538,0.28715384006500244,0.001075910680810921,0.0010660023399395868,0.001085819021682255,0.585607934743166,5.315913960337639,0.585607934743166,5.315913960337639,4,4
259,258,1,-0.036964450031518936,131072,0,0,0.0,0.0,0.0,16.89113426208496,16.89113426208496,0.030652819201350212,0.07074539363384247,0.8300285935401917,0.29794883728027344,0.001075910680810921,0.0010660023399395868,0.001085819021682255,0.585607934743166,5.315913960337639,0.585607934743166,5.315913960337639,4,4
260,259,0,-0.0252381619066,131072,0,0,0.0,0.0,0.0,12.750844955444336,12.750844955444336,0.021902086213231087,0.038866132497787476,0.48952001333236694,0.25034308433532715,0.003951750899432227,0.003876516071613878,0.004026985727250576,1.2314297538250685,5.411017641425133,1.2314297538250685,5.411017641425133,4,4
260,259,1,-0.0252381619066,131072,0,0,0.0,0.0,0.0,12.487394332885742,12.487394332885742,0.021893911063671112,0.04003529995679855,0.49459320306777954,0.27372586727142334,0.003951750899432227,0.003876516071613878,0.004026985727250576,1.2314297538250685,5.411017641425133,1.2314297538250685,5.411017641425133,4,4
261,260,0,-0.0225972980260849,131072,0,0,0.0,0.0,0.0,10.89260196685791,10.89260196685791,0.017964717000722885,0.018919475376605988,0.330576628446579,0.08667981624603271,0.024114918429404497,0.02356953313574195,0.024660303723067045,4.219097524881363,13.937719166278839,4.219097524881363,13.937719166278839,1,1
261,260,1,-0.0225972980260849,131072,0,0,0.0,0.0,0.0,11.704737663269043,11.704737663269043,0.018624652177095413,0.01963774301111698,0.3435181975364685,0.10322463512420654,0.024114918429404497,0.02356953313574195,0.024660303723067045,4.219097524881363,13.937719166278839,4.219097524881363,13.937719166278839,1,1
262,261,0,-0.031349942088127136,131072,0,0,0.0,0.0,0.0,14.893505096435547,14.893505096435547,0.01778428629040718,0.013605616055428982,0.3874506950378418,0.06569063663482666,0.011058287229388952,0.010789185296744108,0.011327389162033796,2.6259639263153076,19.897380828857422,2.6259639263153076,19.897380828857422,1,1
262,261,1,-0.031349942088127136,131072,0,0,0.0,0.0,0.0,16.456396102905273,16.456396102905273,0.018712010234594345,0.014420900493860245,0.416128009557724,0.07463192939758301,0.011058287229388952,0.010789185296744108,0.011327389162033796,2.6259639263153076,19.897380828857422,2.6259639263153076,19.897380828857422,1,1
263,262,0,-0.02362421341240406,131072,0,256,0.0,0.0,0.0,11.472197532653809,11.472197532653809,0.021196117624640465,0.02454742230474949,0.3430097997188568,0.13703691959381104,0.0018673274898901582,0.0015015336102806032,0.002233121369499713,0.5239427732303739,16.70330947637558,0.5239427732303739,16.70330947637558,4,4
263,262,1,-0.02362421341240406,131072,0,256,0.0,0.0,0.0,12.15184497833252,12.15184497833252,0.02136305533349514,0.023239780217409134,0.3647374212741852,0.15823209285736084,0.0018673274898901582,0.0015015336102806032,0.002233121369499713,0.5239427732303739,16.70330947637558,0.5239427732303739,16.70330947637558,4,4
264,263,0,-0.026548901572823524,131072,0,0,0.0,0.00133514404296875,0.0,16.65137481689453,16.65137481689453,0.0562501922249794,0.08461328595876694,0.6412667632102966,0.30856382846832275,0.0018403559224680066,0.0018139842723030597,0.0018667275726329535,0.6938965134322643,10.943832620978355,0.6938965134322643,10.943832620978355,4,4
264,263,1,-0.026548901572823524,131072,0,0,0.0,0.00403594970703125,0.0,9.897555351257324,9.897555351257324,0.053397782146930695,0.08809510618448257,0.6614961624145508,0.3193552494049072,0.0018403559224680066,0.0018139842723030597,0.0018667275726329535,0.6938965134322643,10.943832620978355,0.6938965134322643,10.943832620978355,4,4
265,264,0,-0.03486023098230362,131072,0,0,0.0,0.00136566162109375,0.0,18.0750789642334,18.0750789642334,0.04720079526305199,0.07615996152162552,0.9830787777900696,0.3100332021713257,0.0017822363297455013,0.0017588165064807981,0.0018056561530102044,0.576253255829215,5.484646700322628,0.576253255829215,5.484646700322628,4,4
265,264,1,-0.03486023098230362,131072,0,0,0.0,0.00594329833984375,0.0002593994140625,16.786046981811523,16.785200119018555,0.04387222230434418,0.07562875002622604,1.0239874124526978,0.3243281841278076,0.0017822363297455013,0.0017588165064807981,0.0018056561530102044,0.576253255829215,5.484646700322628,0.576253255829215,5.484646700322628,4,4
266,265,0,-0.03673391044139862,131072,0,0,0.0,0.0,0.0,17.522462844848633,17.522462844848633,0.026440022513270378,0.050319526344537735,0.7716207504272461,0.24361908435821533,0.0007046524624456652,0.000715393660357222,0.0006939112645341083,0.5477143321186304,5.517359599471092,0.5477143321186304,5.517359599471092,4,4
266,265,1,-0.03673391044139862,131072,0,0,0.0,0.0,0.0,19.211376190185547,19.211376190185547,0.024324756115674973,0.0484207458794117,0.7928144335746765,0.2757824659347534,0.0007046524624456652,0.000715393660357222,0.0006939112645341083,0.5477143321186304,5.517359599471092,0.5477143321186304,5.517359599471092,4,4
267,266,0,-0.05520842596888542,131072,0,0,0.0,0.0,0.00164031982421875,26.47881507873535,26.465761184692383,0.01790943369269371,0.02267094887793064,0.6615967154502869,0.14321410655975342,0.0013007647503400221,0.0015153552812989801,0.0010861742193810642,0.4731235867366195,29.071414455771446,0.4731235867366195,29.071414455771446,4,4
267,266,1,-0.05520842596888542,131072,0,0,0.0,0.0,0.0004119873046875,28.74322509765625,28.742748260498047,0.01885167323052883,0.021432314068078995,0.6943758726119995,0.14016187191009521,0.0013007647503400221,0.0015153552812989801,0.0010861742193810642,0.4731235867366195,29.071414455771446,0.4731235867366195,29.071414455771446,4,4
268,267,0,-0.05887388065457344,131072,0,0,0.0,0.0,0.0,28.24091911315918,28.24091911315918,0.018066126853227615,0.011398007161915302,0.6378138065338135,0.08835792541503906,0.0006491976382676512,0.0006645267858402804,0.000633868490695022,0.6571830809116364,34.66607131808996,0.6571830809116364,34.66607131808996,4,4
268,267,1,-0.05887388065457344,131072,0,0,0.0,0.0,0.0,30.632966995239258,30.632966995239258,0.01915515959262848,0.011192128993570805,0.6812272667884827,0.07705390453338623,0.0006491976382676512,0.0006645267858402804,0.000633868490695022,0.6571830809116364,34.66607131808996,0.6571830809116364,34.66607131808996,4,4
269,268,0,-0.04357602447271347,131072,0,256,0.0,0.0,0.0,20.87136459350586,20.87136459350586,0.021383237093687057,0.007103691343218088,0.5369910597801208,0.05901336669921875,0.0007303904712898657,0.0006402894505299628,0.0008204914920497686,0.8911394537426531,31.76989710330963,0.8911394537426531,31.76989710330963,4,4
269,268,1,-0.04357602447271347,131072,0,256,0.0,0.0,0.0,22.704469680786133,22.704469680786133,0.021311001852154732,0.007135010790079832,0.576781153678894,0.045987725257873535,0.0007303904712898657,0.0006402894505299628,0.0008204914920497686,0.8911394537426531,31.76989710330963,0.8911394537426531,31.76989710330963,4,4
270,269,0,-0.022036343812942505,131072,0,0,0.0,0.0,0.0,13.74927806854248,13.74927806854248,0.04504716396331787,0.0796181708574295,0.4447890818119049,0.27854788303375244,0.0030043352162465453,0.0030383705743588507,0.00297029985813424,0.7877183835953474,12.995397180318832,0.7877183835953474,12.995397180318832,4,4
270,269,1,-0.022036343812942505,131072,0,0,0.0,0.0,0.0,8.287155151367188,8.287155151367188,0.04202187433838844,0.08134965598583221,0.4531943202018738,0.2917569875717163,0.0030043352162465453,0.0030383705743588507,0.00297029985813424,0.7877183835953474,12.995397180318832,0.7877183835953474,12.995397180318832,4,4
271,270,0,-0.03123391605913639,131072,0,0,0.0,0.00235748291015625,1.52587890625e-05,17.496673583984375,17.49666976928711,0.05734012648463249,0.07946337759494781,1.0526916980743408,0.31232750415802,0.0009509391238680109,0.0009471661469433457,0.0009547121007926762,1.661507248878479,9.724035784602165,1.661507248878479,9.724035784602165,4,4
271,270,1,-0.03123391605913639,131072,0,0,0.0,0.0036773681640625,0.0,13.737313270568848,13.737313270568848,0.05214521661400795,0.07887887954711914,1.0620933771133423,0.31572115421295166,0.0009509391238680109,0.0009471661469433457,0.0009547121007926762,1.661507248878479,9.724035784602165,1.661507248878479,9.724035784602165,4,4
272,271,0,-0.039859090000391006,131072,0,0,0.0,0.0,0.0,20.520950317382812,20.520950317382812,0.02971368096768856,0.05707446485757828,0.7999637722969055,0.26224446296691895,0.0010543396856519394,0.0010880713525693864,0.0010206080187344924,0.7334073120728135,7.258567437529564,0.7334073120728135,7.258567437529564,4,4
272,271,1,-0.039859090000391006,131072,0,0,0.0,0.0,0.0011749267578125,19.34082794189453,19.338085174560547,0.02822568640112877,0.054462071508169174,0.8477906584739685,0.28263235092163086,0.0010543396856519394,0.0010880713525693864,0.0010206080187344924,0.7334073120728135,7.258567437529564,0.7334073120728135,7.258567437529564,4,4
273,272,0,-0.04466941952705383,131072,0,0,0.0,0.0,0.0,21.575942993164062,21.575942993164062,0.018674738705158234,0.025619663298130035,0.6187257766723633,0.2175133228302002,0.0036056850221939385,0.003568924148567021,0.003642445895820856,0.9203213844448328,12.161800473928452,0.9203213844448328,12.161800473928452,4,4
273,272,1,-0.04466941952705383,131072,0,0,0.0,0.0,0.0011444091796875,23.09891700744629,23.093515396118164,0.019326671957969666,0.027502089738845825,0.6830339431762695,0.2339857816696167,0.0036056850221939385,0.003568924148567021,0.003642445895820856,0.9203213844448328,12.161800473928452,0.9203213844448328,12.161800473928452,4,4
274,273,0,-0.04825037717819214,131072,0,0,0.0,0.0,0.0,22.888704299926758,22.888704299926758,0.018265902996063232,0.01305522583425045,0.5385037064552307,0.1028585433959961,0.010949055897071958,0.010737536707893014,0.011160575086250901,1.389267921447754,27.933112859725952,1.389267921447754,27.933112859725952,1,1
274,273,1,-0.04825037717819214,131072,0,0,0.0,0.0,0.0,25.361610412597656,25.361610412597656,0.018699301406741142,0.014765181578695774,0.5899760127067566,0.07799947261810303,0.010949055897071958,0.010737536707893014,0.011160575086250901,1.389267921447754,27.933112859725952,1.389267921447754,27.933112859725952,1,1
275,274,0,-0.042717523872852325,131072,0,256,0.0,0.0,0.0,20.219921112060547,20.219921112060547,0.017861654981970787,0.009382928721606731,0.4820840656757355,0.04155588150024414,0.012147336266934872,0.011941691627725959,0.012352980906143785,3.419678434729576,20.439210176467896,3.419678434729576,20.439210176467896,1,1
275,274,1,-0.042717523872852325,131072,0,256,0.0,0.0,0.0,22.497577667236328,22.497577667236328,0.019123131409287453,0.010183658450841904,0.5247487425804138,0.0646514892578125,0.012147336266934872,0.011941691627725959,0.012352980906143785,3.419678434729576,20.439210176467896,3.419678434729576,20.439210176467896,1,1
276,275,0,-0.012592669576406479,131072,0,0,0.0,0.0,0.0,7.530235290527344,7.530235290527344,0.031669870018959045,0.057480309158563614,0.21760253608226776,0.2637162208557129,0.0009788365277927369,0.000979526390437968,0.0009781466651475057,0.5111784311011434,13.07591100037098,0.5111784311011434,13.07591100037098,4,4
276,275,1,-0.012592669576406479,131072,0,0,0.0,0.0,0.0,5.062459468841553,5.062459468841553,0.028866777196526527,0.05738302692770958,0.2213294506072998,0.25075626373291016,0.0009788365277927369,0.000979526390437968,0.0009781466651475057,0.5111784311011434,13.07591100037098,0.5111784311011434,13.07591100037098,4,4
277,276,0,-0.025228718295693398,131072,0,0,0.0,0.0,0.0,15.634160995483398,15.634160995483398,0.06230022385716438,0.0799870491027832,0.9186323881149292,0.29966723918914795,0.004386822285596281,0.004269457655027509,0.004504186916165054,0.7248845566064119,7.944702908396721,0.7248845566064119,7.944702908396721,4,4
277,276,1,-0.025228718295693398,131072,0,0,0.0,0.0008087158203125,0.0,9.59455394744873,9.59455394744873,0.05535658076405525,0.07767980545759201,0.8846917152404785,0.3018230199813843,0.004386822285596281,0.004269457655027509,0.004504186916165054,0.7248845566064119,7.944702908396721,0.7248845566064119,7.944702908396721,4,4
278,277,0,-0.03431558609008789,131072,0,0,0.0,0.0,0.0,18.608003616333008,18.608003616333008,0.026791967451572418,0.06431733816862106,0.6798760890960693,0.28052735328674316,0.0015478244749829173,0.001555427792482078,0.0015402211574837565,0.647384662181139,11.902419291436672,0.647384662181139,11.902419291436672,4,4
278,277,1,-0.03431558609008789,131072,0,0,0.0,0.0,0.0,15.70746898651123,15.70746898651123,0.026358503848314285,0.06373166292905807,0.7176102995872498,0.299655556678772,0.0015478244749829173,0.001555427792482078,0.0015402211574837565,0.647384662181139,11.902419291436672,0.647384662181139,11.902419291436672,4,4
279,278,0,-0.02089930698275566,131072,0,0,0.0,0.0,0.0,9.843838691711426,9.843838691711426,0.021707577630877495,0.03189704567193985,0.40318965911865234,0.22378146648406982,0.0007266051579790656,0.0008253380510723218,0.0006278722648858093,0.5702874688431621,13.242736589163542,0.5702874688431621,13.242736589163542,4,4
279,278,1,-0.02089930698275566,131072,0,0,0.0,0.0,0.0,11.055529594421387,11.055529594421387,0.022551659494638443,0.0341828390955925,0.45891833305358887,0.24541246891021729,0.0007266051579790656,0.0008253380510723218,0.0006278722648858093,0.5702874688431621,13.242736589163542,0.5702874688431621,13.242736589163542,4,4
280,279,0,-0.019778117537498474,131072,0,0,0.0,0.0,0.0,8.70650577545166,8.70650577545166,0.01967981830239296,0.013473521918058395,0.2733476459980011,0.07450342178344727,0.002680909034097567,0.002886448579374701,0.0024753694888204336,0.5982195902615786,10.293609246611595,0.5982195902615786,10.293609246611595,4,4
280,279,1,-0.019778117537498474,131072,0,0,0.0,0.0,0.0,11.071531295776367,11.071531295776367,0.022253647446632385,0.014930334873497486,0.31831663846969604,0.11092567443847656,0.002680909034097567,0.002886448579374701,0.0024753694888204336,0.5982195902615786,10.293609246611595,0.5982195902615786,10.293609246611595,4,4
281,280,0,-0.017946405336260796,131072,0,0,0.0,0.0,0.0,7.847919464111328,7.847919464111328,0.019096773117780685,0.007681405171751976,0.2519485056400299,0.03343164920806885,0.0022387922508642077,0.0020442481036297977,0.002433336398098618,1.0921623008325696,11.174600425176322,1.0921623008325696,11.174600425176322,4,4
281,280,1,-0.017946405336260796,131072,0,0,0.0,0.0,0.0,10.09850788116455,10.09850788116455,0.021218255162239075,0.008227238431572914,0.29231351613998413,0.0957036018371582,0.0022387922508642077,0.0020442481036297977,0.002433336398098618,1.0921623008325696,11.174600425176322,1.0921623008325696,11.174600425176322,4,4
282,281,0,-0.010205409489572048,131072,0,256,0.0,0.0,0.0,5.098778247833252,5.098778247833252,0.023185793310403824,0.03717053309082985,0.14875654876232147,0.20918357372283936,0.0011879759331350215,0.0011100239062216133,0.0012659279600484297,0.42197456024587154,17.758995860815048,0.42197456024587154,17.758995860815048,4,4
282,281,1,-0.010205409489572048,131072,0,256,0.0,0.0,0.0,5.10663366317749,5.10663366317749,0.02358265034854412,0.03807642310857773,0.17223671078681946,0.20622003078460693,0.0011879759331350215,0.0011100239062216133,0.0012659279600484297,0.42197456024587154,17.758995860815048,0.42197456024587154,17.758995860815048,4,4
283,282,0,-0.025592997670173645,131072,0,0,0.0,0.0,0.0,16.70519256591797,16.70519256591797,0.0688922107219696,0.08528481423854828,0.8508022427558899,0.28196847438812256,0.0044629445183090866,0.004796258988790214,0.004129630047827959,0.6978449523448944,6.987650588154793,0.6978449523448944,6.987650588154793,4,4
283,282,1,-0.025592997670173645,131072,0,0,0.0,0.0,0.0,8.887799263000488,8.887799263000488,0.0607617162168026,0.08838535845279694,0.8686475157737732,0.2886749505996704,0.0044629445183090866,0.004796258988790214,0.004129630047827959,0.6978449523448944,6.987650588154793,0.6978449523448944,6.987650588154793,4,4
284,283,0,-0.03784950450062752,131072,0,0,0.0,0.0,0.0,19.058502197265625,19.058502197265625,0.03155066817998886,0.06732065975666046,0.8944446444511414,0.2663828134536743,0.0023783907818142325,0.0022915767622180283,0.0024652048014104366,0.6645453423261642,11.046713098883629,0.6645453423261642,11.046713098883629,4,4
284,283,1,-0.03784950450062752,131072,0,0,0.0,0.0,0.0,18.791004180908203,18.791004180908203,0.03053165227174759,0.071315236389637,0.9334746599197388,0.28877711296081543,0.0023783907818142325,0.0022915767622180283,0.0024652048014104366,0.6645453423261642,11.046713098883629,0.6645453423261642,11.046713098883629,4,4
285,284,0,-0.024989929050207138,131072,0,0,0.0,0.0,0.0,11.91082763671875,11.91082763671875,0.023424644023180008,0.04320178180932999,0.49473366141319275,0.24393808841705322,0.0027244614029768854,0.002622555010020733,0.002826367795933038,1.0898937694728374,11.003000907599926,1.0898937694728374,11.003000907599926,4,4
285,284,1,-0.024989929050207138,131072,0,0,0.0,0.0,0.0,13.078990936279297,13.078990936279297,0.022415073588490486,0.04446963965892792,0.5109758377075195,0.25489652156829834,0.0027244614029768854,0.002622555010020733,0.002826367795933038,1.0898937694728374,11.003000907599926,1.0898937694728374,11.003000907599926,4,4
286,285,0,-0.01409900188446045,131072,0,0,0.0,0.0,0.0,5.970968723297119,5.970968723297119,0.018733298406004906,0.02087252587080002,0.23854486644268036,0.10138845443725586,0.023337510181590915,0.023248031735420227,0.023426988627761602,4.359264016151428,3.7966066747903824,4.359264016151428,3.7966066747903824,1,1
286,285,1,-0.01409900188446045,131072,0,0,0.0,0.0,0.0,8.128016471862793,8.128016471862793,0.021296294406056404,0.020778171718120575,0.2722046375274658,0.09056997299194336,0.023337510181590915,0.023248031735420227,0.023426988627761602,4.359264016151428,3.7966066747903824,4.359264016151428,3.7966066747903824,1,1
287,286,0,-0.007960968650877476,131072,0,0,0.0,0.0,0.0,2.849012613296509,2.849012613296509,0.018834346905350685,0.01102164201438427,0.1476980596780777,0.06438040733337402,0.005399735120590776,0.004502916592173278,0.006296553649008274,1.7832433693110943,6.6461605951189995,1.7832433693110943,6.6461605951189995,4,4
287,286,1,-0.007960968650877476,131072,0,0,0.0,0.0,0.0,5.111946105957031,5.111946105957031,0.021225672215223312,0.01120674330741167,0.19823598861694336,0.08683609962463379,0.005399735120590776,0.004502916592173278,0.006296553649008274,1.7832433693110943,6.6461605951189995,1.7832433693110943,6.6461605951189995,4,4
288,287,0,-0.003339113900437951,131072,0,256,0.0,0.0,0.0,1.296897530555725,1.296897530555725,0.021389279514551163,0.01698136143386364,0.06474298983812332,0.12398600578308105,0.0021538657165365294,0.0017108361644204706,0.002596895268652588,0.47954736184328794,5.143033564090729,0.47954736184328794,5.143033564090729,4,4
288,287,1,-0.003339113900437951,131072,0,256,0.0,0.0,0.0,2.0422234535217285,2.0422234535217285,0.02313212864100933,0.017765682190656662,0.09607376903295517,0.15233123302459717,0.0021538657165365294,0.0017108361644204706,0.002596895268652588,0.47954736184328794,5.143033564090729,0.47954736184328794,5.143033564090729,4,4
289,288,0,-0.024563519284129143,131072,0,0,0.0,0.0,0.0,16.485471725463867,16.485471725463867,0.06114129722118378,0.08596223592758179,0.6363199949264526,0.2806764841079712,0.0035579240939114243,0.003200278792064637,0.003915569395758212,1.5248993951827288,8.81188915669918,1.5248993951827288,8.81188915669918,4,4
289,288,1,-0.024563519284129143,131072,0,0,0.0,0.0,0.0,8.0780029296875,8.0780029296875,0.05442960187792778,0.08618529140949249,0.640682578086853,0.272518515586853,0.0035579240939114243,0.003200278792064637,0.003915569395758212,1.5248993951827288,8.81188915669918,1.5248993951827288,8.81188915669918,4,4
290,289,0,-0.032606951892375946,131072,0,0,0.0,0.0,0.0,17.574060440063477,17.574060440063477,0.04127427190542221,0.07041756063699722,0.9840618371963501,0.283611536026001,0.001699329528491944,0.0016169323353096843,0.0017817267216742039,1.0521600134670734,4.63491390645504,1.0521600134670734,4.63491390645504,4,4
290,289,1,-0.032606951892375946,131072,0,0,0.0,0.0,0.0,15.032943725585938,15.032943725585938,0.03771384060382843,0.07149939984083176,0.9536665081977844,0.27677881717681885,0.001699329528491944,0.0016169323353096843,0.0017817267216742039,1.0521600134670734,4.63491390645504,1.0521600134670734,4.63491390645504,4,4
291,290,0,-0.02743466943502426,131072,0,0,0.0,0.0,0.0,14.497358322143555,14.497358322143555,0.02386394515633583,0.048570871353149414,0.5460502505302429,0.2256486415863037,0.0022904592915438116,0.002178724098484963,0.00240219448460266,0.504425834864378,5.067409157752991,0.504425834864378,5.067409157752991,4,4
291,290,1,-0.02743466943502426,131072,0,0,0.0,0.0,0.0,12.937370300292969,12.937370300292969,0.02411896549165249,0.04824380949139595,0.5044153332710266,0.21776509284973145,0.0022904592915438116,0.002178724098484963,0.00240219448460266,0.504425834864378,5.067409157752991,0.504425834864378,5.067409157752991,4,4
292,291,0,-0.008804982528090477,131072,0,0,0.0,0.0,0.0,4.87998628616333,4.87998628616333,0.01950574666261673,0.02345467172563076,0.2508203983306885,0.1140974760055542,0.0011602890153881162,0.0011386194382794201,0.0011819585924968123,0.4600587673485279,15.072542924433947,0.4600587673485279,15.072542924433947,4,4
292,291,1,-0.008804982528090477,131072,0,0,0.0,0.0,0.0,3.9249696731567383,3.9249696731567383,0.02190057374536991,0.022310521453619003,0.23176857829093933,0.14085590839385986,0.0011602890153881162,0.0011386194382794201,0.0011819585924968123,0.4600587673485279,15.072542924433947,0.4600587673485279,15.072542924433947,4,4
293,292,0,-0.0037375809624791145,131072,0,0,0.0,0.0,0.0,1.9956018924713135,1.9956018924713135,0.01898057386279106,0.011001531034708023,0.13032780587673187,0.08412480354309082,0.001881631716969423,0.002125456347130239,0.001637807086808607,0.8233922962099314,8.348907932639122,0.8233922962099314,8.348907932639122,4,4
293,292,1,-0.0037375809624791145,131072,0,0,0.0,0.0,0.0,1.741978406906128,1.741978406906128,0.02084391377866268,0.010366125963628292,0.12631383538246155,0.0784456729888916,0.001881631716969423,0.002125456347130239,0.001637807086808607,0.8233922962099314,8.348907932639122,0.8233922962099314,8.348907932639122,4,4
294,293,0,-0.0025923973880708218,131072,0,256,0.0,0.0,0.0,1.3317967653274536,1.3317967653274536,0.02086988463997841,0.007467400282621384,0.09494530409574509,0.06293869018554688,0.0006241463743208442,0.0007098612550180405,0.0005384314936236478,0.903826043009758,8.562643770128489,0.903826043009758,8.562643770128489,4,4
294,293,1,-0.0025923973880708218,131072,0,256,0.0,0.0,0.0,1.2606056928634644,1.2606056928634644,0.02182742767035961,0.007435879670083523,0.0911119282245636,0.07105398178100586,0.0006241463743208442,0.0007098612550180405,0.0005384314936236478,0.903826043009758,8.562643770128489,0.903826043009758,8.562643770128489,4,4
295,294,0,-0.019912531599402428,131072,0,0,0.0,0.0,0.0,13.05974006652832,13.05974006652832,0.047106463462114334,0.07612712681293488,0.414681077003479,0.25401771068573,0.0029770028486382216,0.0029352770652621984,0.003018728632014245,0.6408240664750338,14.076129883527756,0.6408240664750338,14.076129883527756,4,4
295,294,1,-0.019912531599402428,131072,0,0,0.0,0.0,0.0,6.852757930755615,6.852757930755615,0.042992159724235535,0.0773487538099289,0.4244658648967743,0.2627732753753662,0.0029770028486382216,0.0029352770652621984,0.003018728632014245,0.6408240664750338,14.076129883527756,0.6408240664750338,14.076129883527756,4,4
296,295,0,-0.027342457324266434,131072,0,0,0.0,0.0,0.0,15.800323486328125,15.800323486328125,0.05542192608118057,0.07663895189762115,1.0631110668182373,0.2841973304748535,0.002708019019337371,0.002789534511975944,0.002626503526698798,0.6671732198446989,3.402446713298559,0.6671732198446989,3.402446713298559,4,4
296,295,1,-0.027342457324266434,131072,0,0,0.0,0.0,0.0,11.542120933532715,11.542120933532715,0.04971787706017494,0.07794880867004395,1.059133529663086,0.2929251194000244,0.002708019019337371,0.002789534511975944,0.002626503526698798,0.6671732198446989,3.402446713298559,0.6671732198446989,3.402446713298559,4,4
297,296,0,-0.039163850247859955,131072,0,0,0.0,0.0,0.0,19.933326721191406,19.933326721191406,0.029475616291165352,0.06006859987974167,0.7451665997505188,0.2513468265533447,0.0011186223273398355,0.0011443158145993948,0.0010929288400802761,0.5141929630190134,5.812782950699329,0.5141929630190134,5.812782950699329,4,4
297,296,1,-0.039163850247859955,131072,0,0,0.0,0.0,0.0,19.230579376220703,19.230579376220703,0.02513149566948414,0.058856554329395294,0.7103021144866943,0.24011623859405518,0.0011186223273398355,0.0011443158145993948,0.0010929288400802761,0.5141929630190134,5.812782950699329,0.5141929630190134,5.812782950699329,4,4
298,297,0,-0.018587395548820496,131072,0,0,0.0,0.0,0.0005645751953125,10.33040714263916,10.328925132751465,0.019022557884454727,0.032590534538030624,0.42747050523757935,0.17674720287322998,0.0026411963626742363,0.0025460944743826985,0.002736298250965774,0.6310791550204158,4.696501105092466,0.6310791550204158,4.696501105092466,4,4
298,297,1,-0.018587395548820496,131072,0,0,0.0,0.0,0.0,8.258520126342773,8.258520126342773,0.020314844325184822,0.032079774886369705,0.3636748790740967,0.2275524139404297,0.0026411963626742363,0.0025460944743826985,0.002736298250965774,0.6310791550204158,4.696501105092466,0.6310791550204158,4.696501105092466,4,4
299,298,0,-0.011688003316521645,131072,0,0,0.0,0.0,0.0,6.582300186157227,6.582300186157227,0.01894310675561428,0.01660067029297352,0.24316345155239105,0.12753963470458984,0.02083575027063489,0.020452548749744892,0.021218951791524887,2.2581969052553177,4.882167875766754,2.2581969052553177,4.882167875766754,1,1
299,298,1,-0.011688003316521645,131072,0,0,0.0,0.0,0.0,5.10571813583374,5.10571813583374,0.02121514454483986,0.014661627821624279,0.2070942223072052,0.1049872636795044,0.02083575027063489,0.020452548749744892,0.021218951791524887,2.2581969052553177,4.882167875766754,2.2581969052553177,4.882167875766754,1,1
300,299,0,-0.0061276620253920555,131072,0,256,0.0,0.0,0.0,3.5415475368499756,3.5415475368499756,0.0186948049813509,0.010536426678299904,0.16764263808727264,0.08856773376464844,0.001897449212265201,0.0014946440060157329,0.002300254418514669,0.7892058258876204,10.935112725943327,0.7892058258876204,10.935112725943327,4,4
300,299,1,-0.0061276620253920555,131072,0,256,0.0,0.0,0.0,2.58612060546875,2.58612060546875,0.021154168993234634,0.01079551875591278,0.13936974108219147,0.0679405927658081,0.001897449212265201,0.0014946440060157329,0.002300254418514669,0.7892058258876204,10.935112725943327,0.7892058258876204,10.935112725943327,4,4
301,300,0,-0.013258342631161213,131072,0,0,0.0,0.0,0.0,8.243708610534668,8.243708610534668,0.034583929926157,0.05979624763131142,0.22950761020183563,0.2614305019378662,0.0015261214357451536,0.0016874040011316538,0.0013648388703586534,0.4657328650355339,9.308906681835651,0.4657328650355339,9.308906681835651,4,4
301,300,1,-0.013258342631161213,131072,0,0,0.0,0.0,0.0,5.014595031738281,5.014595031738281,0.03065132163465023,0.057434018701314926,0.22940123081207275,0.25363218784332275,0.0015261214357451536,0.0016874040011316538,0.0013648388703586534,0.4657328650355339,9.308906681835651,0.4657328650355339,9.308906681835651,4,4
302,301,0,-0.025273818522691727,131072,0,0,0.0,0.0,0.0,16.851076126098633,16.851076126098633,0.06357305496931076,0.08506965637207031,0.973180890083313,0.2796989679336548,0.001357737710350193,0.0013481100904755294,0.0013673653302248567,0.8802605383098125,4.504993736743927,0.8802605383098125,4.504993736743927,4,4
302,301,1,-0.025273818522691727,131072,0,0,0.0,0.0,0.0,8.422809600830078,8.422809600830078,0.05474725365638733,0.08064720034599304,0.9400604367256165,0.2805112600326538,0.001357737710350193,0.0013481100904755294,0.0013673653302248567,0.8802605383098125,4.504993736743927,0.8802605383098125,4.504993736743927,4,4
303,302,0,-0.03823983296751976,131072,0,0,0.0,0.0,0.0,20.227598190307617,20.227598190307617,0.028613246977329254,0.06655572354793549,0.7754638195037842,0.24464786052703857,0.0013957009214209393,0.001374496379867196,0.0014169054629746825,1.3296987768262625,13.673750415444374,1.3296987768262625,13.673750415444374,4,4
303,302,1,-0.03823983296751976,131072,0,0,0.0,0.0,0.0,18.012155532836914,18.012155532836914,0.026209475472569466,0.06720100343227386,0.7886941432952881,0.2625972032546997,0.0013957009214209393,0.001374496379867196,0.0014169054629746825,1.3296987768262625,13.673750415444374,1.3296987768262625,13.673750415444374,4,4
304,303,0,-0.015765761956572533,131072,0,0,0.0,0.0,0.0,8.019123077392578,8.019123077392578,0.020367547869682312,0.03838710859417915,0.41569027304649353,0.22527897357940674,0.0008757684990996495,0.0007911703723948449,0.0009603666258044541,0.7663074061274529,13.149769127368927,0.7663074061274529,13.149769127368927,4,4
304,303,1,-0.015765761956572533,131072,0,0,0.0,0.0,0.0008392333984375,7.762228488922119,7.746626377105713,0.022950729355216026,0.03938798978924751,0.4441719949245453,0.2668142318725586,0.0008757684990996495,0.0007911703723948449,0.0009603666258044541,0.7663074061274529,13.149769127368927,0.7663074061274529,13.149769127368927,4,4
305,304,0,-0.004566528834402561,131072,0,0,0.0,0.0,0.0,2.2424397468566895,2.2424397468566895,0.01857190951704979,0.01840740069746971,0.149285227060318,0.13453495502471924,0.0012806403246941045,0.0010275826789438725,0.0015336979704443365,1.1026385724544525,12.669506654143333,1.1026385724544525,12.669506654143333,4,4
305,304,1,-0.004566528834402561,131072,0,0,0.0,0.0,0.00110626220703125,2.331953763961792,2.3240883350372314,0.02065271884202957,0.019973956048488617,0.16916503012180328,0.1056203842163086,0.0012806403246941045,0.0010275826789438725,0.0015336979704443365,1.1026385724544525,12.669506654143333,1.1026385724544525,12.669506654143333,4,4
306,305,0,-0.0014696093276143074,131072,0,0,0.0,0.0,0.0,0.7701297402381897,0.7701297402381897,0.018223287537693977,0.008351899683475494,0.07378146052360535,0.08464765548706055,0.012998486985452473,0.012922446941956878,0.013074527028948069,3.66830113530159,11.245784759521484,3.66830113530159,11.245784759521484,1,1
306,305,1,-0.0014696093276143074,131072,0,0,0.0,0.0,0.0,0.6994748115539551,0.6994748115539551,0.019858237355947495,0.009478437714278698,0.07217149436473846,0.09584677219390869,0.012998486985452473,0.012922446941956878,0.013074527028948069,3.66830113530159,11.245784759521484,3.66830113530159,11.245784759521484,1,1
307,306,0,-0.006553355138748884,131072,0,256,0.0,0.0,0.0,3.7304282188415527,3.7304282188415527,0.024193227291107178,0.037750162184238434,0.10935481637716293,0.2093818187713623,0.0014508774984278716,0.0016481444763485342,0.001253610520507209,0.7717219963669777,11.852019414305687,0.7717219963669777,11.852019414305687,4,4
307,306,1,-0.006553355138748884,131072,0,256,0.0,0.0,0.0,2.8229308128356934,2.8229308128356934,0.02341873198747635,0.03639201819896698,0.10012132674455643,0.21075594425201416,0.0014508774984278716,0.0016481444763485342,0.001253610520507209,0.7717219963669777,11.852019414305687,0.7717219963669777,11.852019414305687,4,4
308,307,0,-0.023945484310388565,131072,0,0,0.0,0.0,0.0,16.384017944335938,16.384017944335938,0.05242440104484558,0.08498557657003403,0.8087542057037354,0.26317453384399414,0.0018990881944773719,0.001965678238775581,0.0018324981501791626,0.7241290956735611,10.178557842969894,0.7241290956735611,10.178557842969894,4,4
308,307,1,-0.023945484310388565,131072,0,0,0.0,0.0,0.0,7.561387062072754,7.561387062072754,0.05033745989203453,0.0879441425204277,0.8492741584777832,0.2820526361465454,0.0018990881944773719,0.001965678238775581,0.0018324981501791626,0.7241290956735611,10.178557842969894,0.7241290956735611,10.178557842969894,4,4
309,308,0,-0.036892931908369064,131072,0,0,0.0,0.0,0.00045013427734375,18.511924743652344,18.510623931884766,0.030428212136030197,0.06637538969516754,0.9316192269325256,0.2629711627960205,0.00132348298211582,0.001258391741430387,0.0013885742228012532,0.6520809503272176,3.856515184044838,0.6520809503272176,3.856515184044838,4,4
309,308,1,-0.036892931908369064,131072,0,0,0.0,0.0,0.00023651123046875,18.382606506347656,18.38223648071289,0.02631155215203762,0.06733717024326324,0.9645010232925415,0.28225183486938477,0.00132348298211582,0.001258391741430387,0.0013885742228012532,0.6520809503272176,3.856515184044838,0.6520809503272176,3.856515184044838,4,4
310,309,0,-0.02329145558178425,131072,0,0,0.0,0.0,0.0007476806640625,11.409602165222168,11.40366268157959,0.022676987573504448,0.047874800860881805,0.5419310927391052,0.2303379774093628,0.0016705605230526999,0.0015849598275963217,0.001756161218509078,0.7155248541384935,3.093361485749483,0.7155248541384935,3.093361485749483,4,4
310,309,1,-0.02329145558178425,131072,0,0,0.0,0.0,0.0,11.887737274169922,11.887737274169922,0.024468399584293365,0.04922879487276077,0.5116161704063416,0.221266508102417,0.0016705605230526999,0.0015849598275963217,0.001756161218509078,0.7155248541384935,3.093361485749483,0.7155248541384935,3.093361485749483,4,4
311,310,0,-0.007361012510955334,131072,0,0,0.0,0.0,0.00135040283203125,3.6850438117980957,3.6783246994018555,0.020213473588228226,0.02332431636750698,0.24218258261680603,0.11354601383209229,0.00032282897154800594,0.00029374684527283534,0.00035191109782317653,1.0651237620040774,7.793713394552469,1.0651237620040774,7.793713394552469,4,4
311,310,1,-0.007361012510955334,131072,0,0,0.0,0.0,0.0,3.682668685913086,3.682668685913086,0.02275620587170124,0.022767148911952972,0.2005121111869812,0.11288082599639893,0.00032282897154800594,0.00029374684527283534,0.00035191109782317653,1.0651237620040774,7.793713394552469,1.0651237620040774,7.793713394552469,4,4
312,311,0,-0.002186059020459652,131072,0,0,0.0,0.0,0.0,0.9308809638023376,0.9308809638023376,0.02040981687605381,0.011473670601844788,0.09152798354625702,0.09609293937683105,0.022863588528707623,0.0223674182780087,0.023359758779406548,2.72234870493412,2.3019769564270973,2.72234870493412,2.3019769564270973,1,1
312,311,1,-0.002186059020459652,131072,0,0,0.0,0.0,0.0,1.255176305770874,1.255176305770874,0.023639343678951263,0.009702960960566998,0.09029349684715271,0.07586395740509033,0.022863588528707623,0.0223674182780087,0.023359758779406548,2.72234870493412,2.3019769564270973,2.72234870493412,2.3019769564270973,1,1
313,312,0,-0.002824564930051565,131072,0,256,0.0,0.0,0.0,1.1215648651123047,1.1215648651123047,0.021460920572280884,0.016332147642970085,0.049057602882385254,0.19325554370880127,0.000301596353892819,0.0002177199894504156,0.00038547271833522245,0.8000065349042416,7.600890427827835,0.8000065349042416,7.600890427827835,4,4
313,312,1,-0.002824564930051565,131072,0,256,0.0,0.0,0.0,1.7029999494552612,1.7029999494552612,0.023300370201468468,0.01956607587635517,0.07535091787576675,0.1651996374130249,0.000301596353892819,0.0002177199894504156,0.00038547271833522245,0.8000065349042416,7.600890427827835,0.8000065349042416,7.600890427827835,4,4
314,313,0,-0.024334795773029327,131072,0,0,0.0,0.0,0.0,16.284767150878906,16.284767150878906,0.06015339866280556,0.08577993512153625,0.6212193369865417,0.2624448537826538,0.0015408804174512625,0.0015151994593907148,0.0015665613755118102,0.6833818275481462,14.832683086395264,0.6833818275481462,14.832683086395264,4,4
314,313,1,-0.024334795773029327,131072,0,0,0.0,0.0,0.0,8.04993724822998,8.04993724822998,0.05259433761239052,0.08688513189554214,0.6413767337799072,0.27100062370300293,0.0015408804174512625,0.0015151994593907148,0.0015665613755118102,0.6833818275481462,14.832683086395264,0.6833818275481462,14.832683086395264,4,4
315,314,0,-0.03155476599931717,131072,0,0,0.0,0.0,0.00162506103515625,17.410877227783203,17.398460388183594,0.042719148099422455,0.06898069381713867,1.0787363052368164,0.26195192337036133,0.0013087507686577737,0.0011516385711729527,0.0014658629661425948,0.9411471895873547,2.443633697926998,0.9411471895873547,2.443633697926998,4,4
315,314,1,-0.03155476599931717,131072,0,0,0.0,0.0,0.00030517578125,14.156906127929688,14.156227111816406,0.03629761561751366,0.06827948242425919,1.0777431726455688,0.2701925039291382,0.0013087507686577737,0.0011516385711729527,0.0014658629661425948,0.9411471895873547,2.443633697926998,0.9411471895873547,2.443633697926998,4,4
316,315,0,-0.0348917692899704,131072,0,0,0.0,0.0,0.002593994140625,17.855863571166992,17.84063148498535,0.024777349084615707,0.055415406823158264,0.671839714050293,0.27689993381500244,0.0019483443757053465,0.001953895087353885,0.0019427936640568078,0.6473926641047001,4.266940236091614,0.6473926641047001,4.266940236091614,4,4
316,315,1,-0.0348917692899704,131072,0,0,0.0,0.0,0.0003204345703125,17.05152702331543,17.051225662231445,0.02439306117594242,0.05552951619029045,0.6539605855941772,0.23069775104522705,0.0019483443757053465,0.001953895087353885,0.0019427936640568078,0.6473926641047001,4.266940236091614,0.6473926641047001,4.266940236091614,4,4
317,316,0,-0.01465925108641386,131072,0,0,0.0,0.0,0.0,6.462345123291016,6.462345123291016,0.019559480249881744,0.02941078133881092,0.3046991527080536,0.11502349376678467,0.0022362036106642336,0.0021096576820127666,0.0023627495393157005,0.8677212931215763,4.0934799164533615,0.8677212931215763,4.0934799164533615,4,4
317,316,1,-0.01465925108641386,131072,0,0,0.0,0.0,0.0,8.196918487548828,8.196918487548828,0.02293025329709053,0.028894957154989243,0.324614554643631,0.12315702438354492,0.0022362036106642336,0.0021096576820127666,0.0023627495393157005,0.8677212931215763,4.0934799164533615,0.8677212931215763,4.0934799164533615,4,4
318,317,0,-0.0069089229218661785,131072,0,0,0.0,0.0,0.0,2.455397129058838,2.455397129058838,0.019083917140960693,0.012536944821476936,0.14217139780521393,0.08594381809234619,0.0012528491497505456,0.0010165796556975693,0.001489118643803522,1.794079476967454,3.938663549721241,1.794079476967454,3.938663549721241,4,4
318,317,1,-0.0069089229218661785,131072,0,0,0.0,0.0,0.0,4.453521728515625,4.453521728515625,0.02181830257177353,0.012207693420350552,0.18598344922065735,0.10436344146728516,0.0012528491497505456,0.0010165796556975693,0.001489118643803522,1.794079476967454,3.938663549721241,1.794079476967454,3.938663549721241,4,4
319,318,0,-0.00469133211299777,131072,0,256,0.0,0.0,0.0,1.719085454940796,1.719085454940796,0.020715035498142242,0.00721648009493947,0.11013934016227722,0.04658710956573486,0.003284839796833694,0.0029092375771142542,0.0036604420165531337,0.6038010893389583,3.720484621822834,0.6038010893389583,3.720484621822834,4,4
319,318,1,-0.00469133211299777,131072,0,256,0.0,0.0,0.0,2.972243547439575,2.972243547439575,0.022104350849986076,0.006859193090349436,0.14611057937145233,0.05879473686218262,0.003284839796833694,0.0029092375771142542,0.0036604420165531337,0.6038010893389583,3.720484621822834,0.6038010893389583,3.720484621822834,4,4
320,319,0,-0.02064930461347103,131072,0,0,0.0,0.0,0.0,13.52129077911377,13.52129077911377,0.05139821767807007,0.07776167243719101,0.4287013113498688,0.2628810405731201,0.0023613974772160873,0.0021221681963652372,0.0026006267580669373,0.6318355519324541,18.64182934165001,0.6318355519324541,18.64182934165001,4,4
320,319,1,-0.02064930461347103,131072,0,0,0.0,0.0,0.0,7.127983093261719,7.127983093261719,0.04396861046552658,0.07615592330694199,0.4141993820667267,0.27676689624786377,0.0023613974772160873,0.0021221681963652372,0.0026006267580669373,0.6318355519324541,18.64182934165001,0.6318355519324541,18.64182934165001,4,4
321,320,0,-0.027401402592658997,131072,0,0,0.0,0.0,0.0,16.35369110107422,16.35369110107422,0.05586110055446625,0.07499504834413528,1.0912426710128784,0.26936471462249756,0.0016132007585838437,0.00175621232483536,0.0014701891923323274,0.7339148800820112,3.744480811059475,0.7339148800820112,3.744480811059475,4,4
321,320,1,-0.027401402592658997,131072,0,0,0.0,0.0,0.00026702880859375,11.048108100891113,11.047635078430176,0.04956620931625366,0.07451950758695602,1.1060783863067627,0.2897908687591553,0.0016132007585838437,0.00175621232483536,0.0014701891923323274,0.7339148800820112,3.744480811059475,0.7339148800820112,3.744480811059475,4,4
322,321,0,-0.04260224103927612,131072,0,0,0.0,0.0,0.00701904296875,22.0362548828125,21.984272003173828,0.028978392481803894,0.06180807203054428,0.8038255572319031,0.24468278884887695,0.001161038744612597,0.0011044979910366237,0.0012175794981885701,0.7093115001916885,6.7438550144433975,0.7093115001916885,6.7438550144433975,4,4
322,321,1,-0.04260224103927612,131072,0,0,0.0,0.0,0.00751495361328125,20.670751571655273,20.617990493774414,0.026248430833220482,0.06177346035838127,0.8437358736991882,0.2552928924560547,0.001161038744612597,0.0011044979910366237,0.0012175794981885701,0.7093115001916885,6.7438550144433975,0.7093115001916885,6.7438550144433975,4,4
323,322,0,-0.020817279815673828,131072,0,0,0.0,0.0,0.0,9.204938888549805,9.204938888549805,0.018089517951011658,0.034674108028411865,0.42553237080574036,0.23249435424804688,0.00044421802886063233,0.0004512015511863865,0.00043723450653487816,1.5455947071313858,7.340375185012817,1.5455947071313858,7.340375185012817,4,4
323,322,1,-0.020817279815673828,131072,0,0,0.0,0.0,0.0,11.612274169921875,11.612274169921875,0.018633125349879265,0.03441719338297844,0.4956696927547455,0.25155913829803467,0.00044421802886063233,0.0004512015511863865,0.00043723450653487816,1.5455947071313858,7.340375185012817,1.5455947071313858,7.340375185012817,4,4
324,323,0,-0.008474208414554596,131072,0,0,0.0,0.0,0.0,3.0672948360443115,3.0672948360443115,0.017297545447945595,0.017239373177289963,0.16919291019439697,0.10765361785888672,0.005918778479099274,0.005855161231011152,0.005982395727187395,2.2895058803260326,12.51075042039156,2.2895058803260326,12.51075042039156,4,4
324,323,1,-0.008474208414554596,131072,0,0,0.0,0.0,0.0,5.4068922996521,5.4068922996521,0.017974529415369034,0.01896435208618641,0.2301662266254425,0.11187374591827393,0.005918778479099274,0.005855161231011152,0.005982395727187395,2.2895058803260326,12.51075042039156,2.2895058803260326,12.51075042039156,4,4
325,324,0,-0.004383347928524017,131072,0,256,0.0,0.0,0.0,1.4456384181976318,1.4456384181976318,0.017520299181342125,0.008202262222766876,0.10764642059803009,0.08999955654144287,0.0005618226059596054,0.0005328773986548185,0.0005907678132643923,1.8864870704710484,4.80147394631058,1.8864870704710484,4.80147394631058,4,4
325,324,1,-0.004383347928524017,131072,0,256,0.0,0.0,0.0,2.937716007232666,2.937716007232666,0.01849435642361641,0.009059649892151356,0.15156641602516174,0.08117103576660156,0.0005618226059596054,0.0005328773986548185,0.0005907678132643923,1.8864870704710484,4.80147394631058,1.8864870704710484,4.80147394631058,4,4
326,325,0,-0.01312042586505413,131072,0,0,0.0,0.0,0.0,7.941684246063232,7.941684246063232,0.0359773226082325,0.05878410488367081,0.23099108040332794,0.25592124462127686,0.004633462143829092,0.004587420262396336,0.004679504025261849,0.7806672723963857,10.84407689422369,0.7806672723963857,10.84407689422369,4,4
326,325,1,-0.01312042586505413,131072,0,0,0.0,0.0,0.0,5.178743839263916,5.178743839263916,0.03181077167391777,0.06074187159538269,0.22729848325252533,0.2567206621170044,0.004633462143829092,0.004587420262396336,0.004679504025261849,0.7806672723963857,10.84407689422369,0.7806672723963857,10.84407689422369,4,4
327,326,0,-0.025376873090863228,131072,0,0,0.0,0.0,0.0,16.4400634765625,16.4400634765625,0.06250714510679245,0.0844200998544693,1.016339659690857,0.2729761600494385,0.0017899018566822633,0.0017151667561847717,0.001864636957179755,1.3432944156229496,9.021509140729904,1.3432944156229496,9.021509140729904,4,4
327,326,1,-0.025376873090863228,131072,0,0,0.0,0.0,0.0,8.936851501464844,8.936851501464844,0.05564306303858757,0.08815503865480423,1.0761016607284546,0.2895115613937378,0.0017899018566822633,0.0017151667561847717,0.001864636957179755,1.3432944156229496,9.021509140729904,1.3432944156229496,9.021509140729904,4,4
328,327,0,-0.0446145161986351,131072,0,0,0.0,0.0,0.00142669677734375,22.227893829345703,22.223552703857422,0.02824748121201992,0.06551703065633774,0.8629934191703796,0.23829257488250732,0.002117283016559668,0.002023283130256459,0.0022112829028628767,0.6873843651264906,5.576926067471504,0.6873843651264906,5.576926067471504,4,4
328,327,1,-0.0446145161986351,131072,0,0,0.0,0.0,0.00209808349609375,22.401432037353516,22.39087677001953,0.026252014562487602,0.06843829154968262,0.9265234470367432,0.26242196559906006,0.002117283016559668,0.002023283130256459,0.0022112829028628767,0.6873843651264906,5.576926067471504,0.6873843651264906,5.576926067471504,4,4
329,328,0,-0.019423682242631912,131072,0,0,0.0,0.0,0.0,9.223013877868652,9.223013877868652,0.019235122948884964,0.040862005203962326,0.4394243657588959,0.20019984245300293,0.0035662640584632754,0.0038117566728033125,0.0033207714441232383,0.5970522463321686,4.197386685758829,0.5970522463321686,4.197386685758829,4,4
329,328,1,-0.019423682242631912,131072,0,0,0.0,0.0,0.00048828125,10.20255184173584,10.200726509094238,0.020522184669971466,0.043360088020563126,0.5091288089752197,0.2599625587463379,0.0035662640584632754,0.0038117566728033125,0.0033207714441232383,0.5970522463321686,4.197386685758829,0.5970522463321686,4.197386685758829,4,4
330,329,0,-0.004706121515482664,131072,0,0,0.0,0.0,0.0,1.9197832345962524,1.9197832345962524,0.01741734705865383,0.019405189901590347,0.13985344767570496,0.10746979713439941,0.0019459400355117396,0.0017767043609637767,0.0021151757100597024,0.5087651018984616,9.964389811269939,0.5087651018984616,9.964389811269939,4,4
330,329,1,-0.004706121515482664,131072,0,0,0.0,0.0,0.0,2.786332130432129,2.786332130432129,0.01854974962770939,0.02180408127605915,0.19950328767299652,0.12534332275390625,0.0019459400355117396,0.0017767043609637767,0.0021151757100597024,0.5087651018984616,9.964389811269939,0.5087651018984616,9.964389811269939,4,4
331,330,0,-0.001228676876053214,131072,0,0,0.0,0.0,0.0,0.6091486215591431,0.6091486215591431,0.017206352204084396,0.008171633817255497,0.06624952703714371,0.059613585472106934,0.01066264568362385,0.010561355156823993,0.010763936210423708,3.555988073348999,9.436587572097778,3.555988073348999,9.436587572097778,1,1
331,330,1,-0.001228676876053214,131072,0,0,0.0,0.0,0.0,0.6195270419120789,0.6195270419120789,0.017867598682641983,0.009796802885830402,0.06610438972711563,0.10114812850952148,0.01066264568362385,0.010561355156823993,0.010763936210423708,3.555988073348999,9.436587572097778,3.555988073348999,9.436587572097778,1,1
332,331,0,-0.006786917336285114,131072,0,256,0.0,0.0,0.0,3.800933599472046,3.800933599472046,0.02414611726999283,0.03866437450051308,0.10925651341676712,0.23493599891662598,0.00511669839033857,0.004751319531351328,0.005482077249325812,1.430216177366674,11.244907081127167,1.430216177366674,11.244907081127167,4,4
332,331,1,-0.006786917336285114,131072,0,256,0.0,0.0,0.0,2.9859845638275146,2.9859845638275146,0.024759814143180847,0.03950110822916031,0.11331095546483994,0.2372148036956787,0.00511669839033857,0.004751319531351328,0.005482077249325812,1.430216177366674,11.244907081127167,1.430216177366674,11.244907081127167,4,4
333,332,0,-0.02544628456234932,131072,0,0,0.0,0.0,0.0,16.74315071105957,16.74315071105957,0.06091202050447464,0.08698099106550217,0.8379186987876892,0.2754364013671875,0.0033231264096684754,0.003402985690627247,0.0032432671287097037,0.8669487405568361,12.084182679653168,0.8669487405568361,12.084182679653168,4,4
333,332,1,-0.02544628456234932,131072,0,0,0.0,0.0,0.0,8.703085899353027,8.703085899353027,0.055483121424913406,0.09107784181833267,0.8635500073432922,0.28695404529571533,0.0033231264096684754,0.003402985690627247,0.0032432671287097037,0.8669487405568361,12.084182679653168,0.8669487405568361,12.084182679653168,4,4
334,333,0,-0.038198523223400116,131072,0,0,0.0,0.0,0.001068115234375,19.664030075073242,19.661256790161133,0.031096769496798515,0.06602666527032852,0.9782766699790955,0.2742358446121216,0.0022885192011017352,0.002199310634750873,0.0023777277674525976,0.674749955534935,6.953866742551327,0.674749955534935,6.953866742551327,4,4
334,333,1,-0.038198523223400116,131072,0,0,0.0,0.0,0.00177764892578125,18.547931671142578,18.537242889404297,0.03038634918630123,0.07294324785470963,1.0134577751159668,0.2596844434738159,0.0022885192011017352,0.002199310634750873,0.0023777277674525976,0.674749955534935,6.953866742551327,0.674749955534935,6.953866742551327,4,4
335,334,0,-0.026536423712968826,131072,0,0,0.0,0.0,0.00060272216796875,12.751209259033203,12.750089645385742,0.021728260442614555,0.04764010012149811,0.5844466686248779,0.2530028820037842,0.002088623310555704,0.0021600491600111127,0.002017197461100295,0.7922414196655154,10.673381671309471,0.7922414196655154,10.673381671309471,4,4
335,334,1,-0.026536423712968826,131072,0,0,0.0,0.0,0.00083160400390625,13.793004035949707,13.786364555358887,0.02213343419134617,0.050663966685533524,0.6031748652458191,0.23580443859100342,0.002088623310555704,0.0021600491600111127,0.002017197461100295,0.7922414196655154,10.673381671309471,0.7922414196655154,10.673381671309471,4,4
336,335,0,-0.009112189523875713,131072,0,0,0.0,0.0,0.00156402587890625,4.597283840179443,4.587600231170654,0.01785956509411335,0.024201935157179832,0.26599353551864624,0.13734018802642822,0.0015418632392538711,0.0015929682413116097,0.0014907582371961325,0.5799541352316737,10.82829163968563,0.5799541352316737,10.82829163968563,4,4
336,335,1,-0.009112189523875713,131072,0,0,0.0,0.0,0.00023651123046875,4.524987697601318,4.524522304534912,0.01813640631735325,0.026495682075619698,0.2414417564868927,0.13303029537200928,0.0015418632392538711,0.0015929682413116097,0.0014907582371961325,0.5799541352316737,10.82829163968563,0.5799541352316737,10.82829163968563,4,4
337,336,0,-0.0028295766096562147,131072,0,0,0.0,0.0,0.0,1.8980789184570312,1.8980789184570312,0.01705997623503208,0.010685649700462818,0.14523665606975555,0.11900472640991211,0.00020635473265429027,0.00016608561054454185,0.0002466238547640387,1.3927018325775862,10.28811651468277,1.3927018325775862,10.28811651468277,4,4
337,336,1,-0.0028295766096562147,131072,0,0,0.0,0.0,0.0,0.9315138459205627,0.9315138459205627,0.018354378640651703,0.01078188605606556,0.08363525569438934,0.10684835910797119,0.00020635473265429027,0.00016608561054454185,0.0002466238547640387,1.3927018325775862,10.28811651468277,1.3927018325775862,10.28811651468277,4,4
338,337,0,-0.0030017346143722534,131072,0,256,0.0,0.0,0.0,1.7619012594223022,1.7619012594223022,0.02109438180923462,0.01839863322675228,0.08854443579912186,0.15883469581604004,0.0009167524258373305,0.0008608015778008848,0.0009727032738737762,1.3683898951858282,7.461179122328758,1.3683898951858282,7.461179122328758,4,4
338,337,1,-0.0030017346143722534,131072,0,256,0.0,0.0,0.0,1.2398391962051392,1.2398391962051392,0.020365795120596886,0.018086092546582222,0.05477456748485565,0.15376782417297363,0.0009167524258373305,0.0008608015778008848,0.0009727032738737762,1.3683898951858282,7.461179122328758,1.3683898951858282,7.461179122328758,4,4
339,338,0,-0.02472454309463501,131072,0,0,0.0,0.0,0.0,17.04163932800293,17.04163932800293,0.056766752153635025,0.08864598721265793,0.6545203924179077,0.2802466154098511,0.0027853269421029836,0.002757423382718116,0.002813230501487851,0.8394002644345164,17.954902052879333,0.8394002644345164,17.954902052879333,4,4
339,338,1,-0.02472454309463501,131072,0,0,0.0,0.0,0.0,7.682860851287842,7.682860851287842,0.05093704164028168,0.08805067092180252,0.668833315372467,0.272885799407959,0.0027853269421029836,0.002757423382718116,0.002813230501487851,0.8394002644345164,17.954902052879333,0.8394002644345164,17.954902052879333,4,4
340,339,0,-0.0328652486205101,131072,0,0,0.0,0.0,0.0,18.217012405395508,18.217012405395508,0.04223165288567543,0.07196459919214249,1.0734708309173584,0.28069138526916504,0.002092147260555066,0.0019433883717283607,0.0022409061493817717,0.72893694229424,3.8460682556033134,0.72893694229424,3.8460682556033134,4,4
340,339,1,-0.0328652486205101,131072,0,0,0.0,0.0,0.0,14.64820671081543,14.64820671081543,0.03816893696784973,0.07011332362890244,1.0931358337402344,0.2789865732192993,0.002092147260555066,0.0019433883717283607,0.0022409061493817717,0.72893694229424,3.8460682556033134,0.72893694229424,3.8460682556033134,4,4
341,340,0,-0.031836315989494324,131072,0,0,0.0,0.0,0.0,16.184326171875,16.184326171875,0.024243978783488274,0.05582619830965996,0.6513522863388062,0.24953007698059082,0.0035160022089257836,0.0034035718999803066,0.0036284325178712606,0.6746827140450478,6.415822729468346,0.6746827140450478,6.415822729468346,4,4
341,340,1,-0.031836315989494324,131072,0,0,0.0,0.0,0.0,15.651939392089844,15.651939392089844,0.022624259814620018,0.055828846991062164,0.6385255455970764,0.23835539817810059,0.0035160022089257836,0.0034035718999803066,0.0036284325178712606,0.6746827140450478,6.415822729468346,0.6746827140450478,6.415822729468346,4,4
342,341,0,-0.011043036356568336,131072,0,0,0.0,0.0,0.0,5.9553680419921875,5.9553680419921875,0.018081290647387505,0.027421891689300537,0.3153965473175049,0.14107179641723633,0.004410514608025551,0.004669446381740272,0.00415158283431083,0.5790727725252509,3.7085043471306562,0.5790727725252509,3.7085043471306562,4,4
342,341,1,-0.011043036356568336,131072,0,0,0.0,0.0,0.0,5.087686538696289,5.087686538696289,0.019304374232888222,0.027054689824581146,0.2772741913795471,0.13392913341522217,0.004410514608025551,0.004669446381740272,0.00415158283431083,0.5790727725252509,3.7085043471306562,0.5790727725252509,3.7085043471306562,4,4
343,342,0,-0.0032011200673878193,131072,0,0,0.0,0.0,0.0,2.0305542945861816,2.0305542945861816,0.017758427187800407,0.013160500675439835,0.14198185503482819,0.12200784683227539,0.001100033929105848,0.00149454633356072,0.0007055215246509761,0.6572783123701811,5.744739696383476,0.6572783123701811,5.744739696383476,4,4
343,342,1,-0.0032011200673878193,131072,0,0,0.0,0.0,0.0,1.1705602407455444,1.1705602407455444,0.018515050411224365,0.011917715892195702,0.10239896178245544,0.11550605297088623,0.001100033929105848,0.00149454633356072,0.0007055215246509761,0.6572783123701811,5.744739696383476,0.6572783123701811,5.744739696383476,4,4
344,343,0,-0.0013679114636033773,131072,0,256,0.0,0.0,0.0,0.8026449680328369,0.8026449680328369,0.020388634875416756,0.007450958248227835,0.06977535784244537,0.061644911766052246,0.0025125814136117697,0.0024127521901391447,0.0026124106370843947,0.7273569963872433,1.8711321675218642,0.7273569963872433,1.8711321675218642,4,4
344,343,1,-0.0013679114636033773,131072,0,256,0.0,0.0,0.0,0.5652723908424377,0.5652723908424377,0.020610596984624863,0.006767010781913996,0.051331665366888046,0.05737030506134033,0.0025125814136117697,0.0024127521901391447,0.0026124106370843947,0.7273569963872433,1.8711321675218642,0.7273569963872433,1.8711321675218642,4,4
345,344,0,-0.019643239676952362,131072,0,0,0.0,0.0,0.0,12.694172859191895,12.694172859191895,0.04414687678217888,0.07627502828836441,0.40657544136047363,0.24876081943511963,0.002032369768130593,0.0020539152319543064,0.0020108243043068796,0.512455590069294,15.698845699429512,0.512455590069294,15.698845699429512,4,4
345,344,1,-0.019643239676952362,131072,0,0,0.0,0.0,0.0,6.949054718017578,6.949054718017578,0.04188830778002739,0.08155504614114761,0.4453713595867157,0.2628943920135498,0.002032369768130593,0.0020539152319543064,0.0020108243043068796,0.512455590069294,15.698845699429512,0.512455590069294,15.698845699429512,4,4
346,345,0,-0.02750847116112709,131072,0,0,0.0,0.0,0.0,15.596619606018066,15.596619606018066,0.048534587025642395,0.07469774037599564,1.067407250404358,0.26854634284973145,0.0014870402883389033,0.001375588559312746,0.0015984920173650607,0.7977003864943981,6.93887859582901,0.7977003864943981,6.93887859582901,4,4
346,345,1,-0.02750847116112709,131072,0,0,0.0,0.0,0.0,11.911820411682129,11.911820411682129,0.04581645131111145,0.07760979980230331,1.1351009607315063,0.278128981590271,0.0014870402883389033,0.001375588559312746,0.0015984920173650607,0.7977003864943981,6.93887859582901,0.7977003864943981,6.93887859582901,4,4
347,346,0,-0.041819605976343155,131072,0,0,0.0,0.0,0.0,20.96630859375,20.96630859375,0.02396286651492119,0.05927572771906853,0.7521974444389343,0.23103952407836914,0.0012633637816179544,0.0012266671401448548,0.001300060423091054,0.7323240265250206,7.842084500938654,0.7323240265250206,7.842084500938654,4,4
347,346,1,-0.041819605976343155,131072,0,0,0.0,0.0,0.0,20.853195190429688,20.853195190429688,0.023507798090577126,0.06100548803806305,0.7857465744018555,0.23924565315246582,0.0012633637816179544,0.0012266671401448548,0.001300060423091054,0.7323240265250206,7.842084500938654,0.7323240265250206,7.842084500938654,4,4
348,347,0,-0.01767285168170929,131072,0,0,0.0,0.0,0.00109100341796875,8.83936595916748,8.834088325500488,0.017475463449954987,0.03099433146417141,0.4049607813358307,0.18739378452301025,0.004966178850736469,0.00490543816704303,0.005026919534429908,1.253351129591465,4.441667467355728,1.253351129591465,4.441667467355728,4,4
348,347,1,-0.01767285168170929,131072,0,0,0.0,0.0,0.00191497802734375,8.853108406066895,8.838751792907715,0.017924942076206207,0.03158826380968094,0.4011811316013336,0.15998494625091553,0.004966178850736469,0.00490543816704303,0.005026919534429908,1.253351129591465,4.441667467355728,1.253351129591465,4.441667467355728,4,4
349,348,0,-0.0056082396768033504,131072,0,0,0.0,0.0,0.0,3.220133066177368,3.220133066177368,0.017560778185725212,0.01556388195604086,0.18252785503864288,0.12576591968536377,0.012456133379600942,0.012333471793681383,0.012578794965520501,4.0654140412807465,4.097459554672241,4.0654140412807465,4.097459554672241,1,1
349,348,1,-0.0056082396768033504,131072,0,0,0.0,0.0,0.0,2.3881194591522217,2.3881194591522217,0.01737447828054428,0.01561440248042345,0.1623276323080063,0.11268413066864014,0.012456133379600942,0.012333471793681383,0.012578794965520501,4.0654140412807465,4.097459554672241,4.0654140412807465,4.097459554672241,1,1
350,349,0,-0.001483675790950656,131072,0,256,0.0,0.0,0.0,0.9215295910835266,0.9215295910835266,0.017466150224208832,0.009136038832366467,0.08577669411897659,0.08698785305023193,0.0013027422246523201,0.001357982080662623,0.0012475023686420172,0.6405256567522883,3.623015984892845,0.6405256567522883,3.623015984892845,4,4
350,349,1,-0.001483675790950656,131072,0,256,0.0,0.0,0.0,0.5621472001075745,0.5621472001075745,0.01760788820683956,0.009357919916510582,0.06282002478837967,0.1039358377456665,0.0013027422246523201,0.001357982080662623,0.0012475023686420172,0.6405256567522883,3.623015984892845,0.6405256567522883,3.623015984892845,4,4
351,350,0,-0.012948120944201946,131072,0,0,0.0,0.0,0.0,8.292314529418945,8.292314529418945,0.03198704868555069,0.06045727804303169,0.24136222898960114,0.25306057929992676,0.0009878784694592468,0.0007423051720252261,0.0012334517668932676,0.7713094837963581,17.739057190716267,0.7713094837963581,17.739057190716267,4,4
351,350,1,-0.012948120944201946,131072,0,0,0.0,0.0,0.0,4.655813694000244,4.655813694000244,0.029721694067120552,0.05898134782910347,0.22338691353797913,0.2527437210083008,0.0009878784694592468,0.0007423051720252261,0.0012334517668932676,0.7713094837963581,17.739057190716267,0.7713094837963581,17.739057190716267,4,4
352,351,0,-0.02436041831970215,131072,0,0,0.0,0.0,0.0,16.126251220703125,16.126251220703125,0.05612057447433472,0.08415459096431732,1.0155563354492188,0.2778644561767578,0.002164460616768338,0.002167411206755787,0.0021615100267808884,0.7529882863163948,10.214275412261486,0.7529882863163948,10.214275412261486,4,4
352,351,1,-0.02436041831970215,131072,0,0,0.0,0.0,0.0,8.234113693237305,8.234113693237305,0.04957174137234688,0.08390502631664276,1.0036628246307373,0.28124845027923584,0.002164460616768338,0.002167411206755787,0.0021615100267808884,0.7529882863163948,10.214275412261486,0.7529882863163948,10.214275412261486,4,4
353,352,0,-0.040823668241500854,131072,0,0,0.0,0.0,0.0004119873046875,21.223064422607422,21.221771240234375,0.025059130042791367,0.0637994259595871,0.8526731729507446,0.21576416492462158,0.0020548515021800995,0.0020772821735590696,0.0020324208308011293,0.6032344456762075,4.6183043867349625,0.6032344456762075,4.6183043867349625,4,4
353,352,1,-0.040823668241500854,131072,0,0,0.0,0.0,0.00025177001953125,19.602087020874023,19.60179328918457,0.023835958912968636,0.06490661948919296,0.8058531284332275,0.25587236881256104,0.0020548515021800995,0.0020772821735590696,0.0020324208308011293,0.6032344456762075,4.6183043867349625,0.6032344456762075,4.6183043867349625,4,4
354,353,0,-0.01807744801044464,131072,0,0,0.0,0.0,0.0,9.700675964355469,9.700675964355469,0.020408563315868378,0.03865146264433861,0.4720948040485382,0.21004784107208252,0.0025996244221460074,0.00239920720923692,0.002800041635055095,0.7187168523669243,14.259820066392422,0.7187168523669243,14.259820066392422,4,4
354,353,1,-0.01807744801044464,131072,0,0,0.0,0.0,0.0,8.37678337097168,8.37678337097168,0.019410390406847,0.03683418035507202,0.3907341957092285,0.22352612018585205,0.0025996244221460074,0.00239920720923692,0.002800041635055095,0.7187168523669243,14.259820066392422,0.7187168523669243,14.259820066392422,4,4
355,354,0,-0.004193061962723732,131072,0,0,0.0,0.0,0.0,2.6321170330047607,2.6321170330047607,0.01758161373436451,0.019328204914927483,0.1781250685453415,0.10672986507415771,0.004952728922944516,0.004220700357109308,0.005684757488779724,1.5267252530902624,16.29091241955757,1.5267252530902624,16.29091241955757,4,4
355,354,1,-0.004193061962723732,131072,0,0,0.0,0.0,0.0,1.560937762260437,1.560937762260437,0.01792363077402115,0.016203472390770912,0.11484339088201523,0.08921587467193604,0.004952728922944516,0.004220700357109308,0.005684757488779724,1.5267252530902624,16.29091241955757,1.5267252530902624,16.29091241955757,4,4
356,355,0,-0.0009185986709780991,131072,0,0,0.0,0.0,0.0,0.484182208776474,0.484182208776474,0.01688174530863762,0.008821200579404831,0.056921493262052536,0.07044899463653564,0.011418995447456837,0.011001343606039882,0.011836647288873792,3.554568111896515,9.702821493148804,3.554568111896515,9.702821493148804,1,1
356,355,1,-0.0009185986709780991,131072,0,0,0.0,0.0,0.0,0.4344159662723541,0.4344159662723541,0.017595568671822548,0.007541560102254152,0.05142015963792801,0.03769850730895996,0.011418995447456837,0.011001343606039882,0.011836647288873792,3.554568111896515,9.702821493148804,3.554568111896515,9.702821493148804,1,1
357,356,0,-0.006985759362578392,131072,0,256,0.0,0.0,0.0,3.8862650394439697,3.8862650394439697,0.023190397769212723,0.03969862312078476,0.10643621534109116,0.23058366775512695,0.0014895331332809292,0.0014754006551811472,0.0015036656113807112,0.519837973639369,4.539944488555193,0.519837973639369,4.539944488555193,4,4
357,356,1,-0.006985759362578392,131072,0,256,0.0,0.0,0.0,3.0994815826416016,3.0994815826416016,0.022307267412543297,0.03925156593322754,0.1133679673075676,0.21913599967956543,0.0014895331332809292,0.0014754006551811472,0.0015036656113807112,0.519837973639369,4.539944488555193,0.519837973639369,4.539944488555193,4,4
358,357,0,-0.026550792157649994,131072,0,0,0.0,0.0,0.0,18.80598258972168,18.80598258972168,0.05880877003073692,0.09356490522623062,0.9047293663024902,0.28183257579803467,0.001847540566814132,0.0018454962701071054,0.0018495848635211587,0.6666632369160652,11.573915556073189,0.6666632369160652,11.573915556073189,4,4
358,357,1,-0.026550792157649994,131072,0,0,0.0,0.0,0.0,7.744833946228027,7.744833946228027,0.050697676837444305,0.08783022314310074,0.8539026379585266,0.2825188636779785,0.001847540566814132,0.0018454962701071054,0.0018495848635211587,0.6666632369160652,11.573915556073189,0.6666632369160652,11.573915556073189,4,4
359,358,0,-0.040039706975221634,131072,0,0,0.0,0.0,0.00444793701171875,22.304418563842773,22.284860610961914,0.028042344376444817,0.07084240019321442,1.051449179649353,0.2758907079696655,0.002177428366849199,0.002459455165080726,0.0018954015686176717,0.7407310120761395,3.963116243481636,0.7407310120761395,3.963116243481636,4,4
359,358,1,-0.040039706975221634,131072,0,0,0.0,0.0,0.004608154296875,17.78091812133789,17.754859924316406,0.02540365792810917,0.07022541016340256,0.9768375158309937,0.2686840295791626,0.002177428366849199,0.002459455165080726,0.0018954015686176717,0.7407310120761395,3.963116243481636,0.7407310120761395,3.963116243481636,4,4
360,359,0,-0.028183436021208763,131072,0,0,0.0,0.0,0.0007476806640625,14.981199264526367,14.960140228271484,0.021955331787467003,0.05003819614648819,0.6161707639694214,0.2435053586959839,0.0012909664364997298,0.0014536883390974253,0.0011282445339020342,0.7293223887681961,4.679628558456898,0.7293223887681961,4.679628558456898,4,4
360,359,1,-0.028183436021208763,131072,0,0,0.0,0.0,0.0008544921875,13.242283821105957,13.223240852355957,0.022161537781357765,0.04780413582921028,0.6455847024917603,0.23228800296783447,0.0012909664364997298,0.0014536883390974253,0.0011282445339020342,0.7293223887681961,4.679628558456898,0.7293223887681961,4.679628558456898,4,4
361,360,0,-0.01184992864727974,131072,0,0,0.0,0.0,0.0047149658203125,5.221554756164551,5.091558456420898,0.01714184693992138,0.024032043293118477,0.29058507084846497,0.12383592128753662,0.002126300649251789,0.0023200708092190325,0.0019325304892845452,0.8005186542868614,6.109886638820171,0.8005186542868614,6.109886638820171,4,4
361,360,1,-0.01184992864727974,131072,0,0,0.0,0.0,0.0036468505859375,6.842110633850098,6.758306503295898,0.017503106966614723,0.025855280458927155,0.3208405375480652,0.12237977981567383,0.002126300649251789,0.0023200708092190325,0.0019325304892845452,0.8005186542868614,6.109886638820171,0.8005186542868614,6.109886638820171,4,4
362,361,0,-0.003150532254949212,131072,0,0,0.0,0.0,0.000701904296875,1.1026874780654907,1.099277377128601,0.017288636416196823,0.011479363776743412,0.12923651933670044,0.11334621906280518,0.014194477582350373,0.013758298242464662,0.014630656922236085,2.390693709254265,5.31277471780777,2.390693709254265,5.31277471780777,1,1
362,361,1,-0.003150532254949212,131072,0,0,0.0,0.0,0.0,2.051260232925415,2.051260232925415,0.017828000709414482,0.01169558335095644,0.14860129356384277,0.09655427932739258,0.014194477582350373,0.013758298242464662,0.014630656922236085,2.390693709254265,5.31277471780777,2.390693709254265,5.31277471780777,1,1
363,362,0,-0.002845217240974307,131072,0,256,0.0,0.0,0.0,1.198775053024292,1.198775053024292,0.020159868523478508,0.017591645941138268,0.0593874566257,0.13137996196746826,0.0018481043807696551,0.0015030023059807718,0.0021932064555585384,0.906711702235043,6.523352310061455,0.906711702235043,6.523352310061455,4,4
363,362,1,-0.002845217240974307,131072,0,256,0.0,0.0,0.0,1.6464416980743408,1.6464416980743408,0.02037343569099903,0.0193149596452713,0.079283706843853,0.16740071773529053,0.0018481043807696551,0.0015030023059807718,0.0021932064555585384,0.906711702235043,6.523352310061455,0.906711702235043,6.523352310061455,4,4
364,363,0,-0.024886097759008408,131072,0,0,0.0,0.0,0.0,16.468660354614258,16.468660354614258,0.05332215875387192,0.0879041999578476,0.6482348442077637,0.27404356002807617,0.00217792640614789,0.002131850749719888,0.0022240020625758916,0.6799733396619558,18.700576335191727,0.6799733396619558,18.700576335191727,4,4
364,363,1,-0.024886097759008408,131072,0,0,0.0,0.0,0.0,8.417377471923828,8.417377471923828,0.05195516347885132,0.09266397356987,0.683398425579071,0.2766594886779785,0.00217792640614789,0.002131850749719888,0.0022240020625758916,0.6799733396619558,18.700576335191727,0.6799733396619558,18.700576335191727,4,4
365,364,0,-0.03341664373874664,131072,0,0,0.0,0.0,0.00209808349609375,18.06452178955078,18.038890838623047,0.038972824811935425,0.07067010551691055,1.106555461883545,0.2776613235473633,0.0037804475286975503,0.003561870486009866,0.003999024571385235,1.3830626904964447,8.237791180610657,1.3830626904964447,8.237791180610657,4,4
365,364,1,-0.03341664373874664,131072,0,0,0.0,0.0,0.00394439697265625,15.402795791625977,15.377752304077148,0.03601370006799698,0.07446300238370895,1.1761608123779297,0.28108668327331543,0.0037804475286975503,0.003561870486009866,0.003999024571385235,1.3830626904964447,8.237791180610657,1.3830626904964447,8.237791180610657,4,4
366,365,0,-0.03595574200153351,131072,0,0,0.0,0.0,0.0051116943359375,17.65558433532715,17.6152400970459,0.024316910654306412,0.05275950953364372,0.7302104234695435,0.24604284763336182,0.0013945822429377586,0.0012874515377916396,0.0015017129480838776,0.827624537050724,6.767966657876968,0.827624537050724,6.767966657876968,4,4
366,365,1,-0.03595574200153351,131072,0,0,0.0,0.0,0.0077972412109375,18.398115158081055,18.340436935424805,0.023820910602808,0.05735354498028755,0.8133281469345093,0.2600421905517578,0.0013945822429377586,0.0012874515377916396,0.0015017129480838776,0.827624537050724,6.767966657876968,0.827624537050724,6.767966657876968,4,4
367,366,0,-0.01708376035094261,131072,0,0,0.0,0.0,0.005096435546875,7.200292587280273,7.003002166748047,0.01736149564385414,0.028669172897934914,0.3855831027030945,0.1254405975341797,0.000909055677766446,0.0008639714942546561,0.0009541398612782359,0.6599141778424382,2.0083233416080475,0.6599141778424382,2.0083233416080475,4,4
367,366,1,-0.01708376035094261,131072,0,0,0.0,0.0,0.00583648681640625,10.327935218811035,10.08073902130127,0.017595382407307625,0.03150850161910057,0.4638000726699829,0.164267897605896,0.000909055677766446,0.0008639714942546561,0.0009541398612782359,0.6599141778424382,2.0083233416080475,0.6599141778424382,2.0083233416080475,4,4
368,367,0,-0.005530868656933308,131072,0,0,0.0,0.0,0.00390625,1.9955040216445923,1.8836876153945923,0.017353074625134468,0.013426029123365879,0.19648225605487823,0.11749863624572754,0.01179410086479038,0.011359213618561625,0.012228988111019135,0.9077351838350296,5.321686506271362,0.9077351838350296,5.321686506271362,1,1
368,367,1,-0.005530868656933308,131072,0,0,0.0,0.0,0.00390625,3.8019680976867676,3.647193431854248,0.01724068634212017,0.015246064402163029,0.24587805569171906,0.11101245880126953,0.01179410086479038,0.011359213618561625,0.012228988111019135,0.9077351838350296,5.321686506271362,0.9077351838350296,5.321686506271362,1,1
369,368,0,-0.003400311339646578,131072,0,256,0.0,0.0,0.0002288818359375,1.1033676862716675,1.1029995679855347,0.0199417807161808,0.008237372152507305,0.11541780829429626,0.08787143230438232,0.01333139045163989,0.012598744127899408,0.014064036775380373,2.092913143336773,3.9478757977485657,2.092913143336773,3.9478757977485657,1,1
369,368,1,-0.003400311339646578,131072,0,256,0.0,0.0,0.00102996826171875,2.3053534030914307,2.2973172664642334,0.019911661744117737,0.008464967831969261,0.15761704742908478,0.0899658203125,0.01333139045163989,0.012598744127899408,0.014064036775380373,2.092913143336773,3.9478757977485657,2.092913143336773,3.9478757977485657,1,1
370,369,0,-0.020906824618577957,131072,0,0,0.0,0.0,0.0,14.03475284576416,14.03475284576416,0.04501790180802345,0.08207039535045624,0.4492478370666504,0.2742253541946411,0.0013834046985721216,0.0014580973802367225,0.0013087120169075206,0.48635707795619965,20.78667813539505,0.48635707795619965,20.78667813539505,4,4
370,369,1,-0.020906824618577957,131072,0,0,0.0,0.0,0.0,6.8721089363098145,6.8721089363098145,0.03781760111451149,0.07905300706624985,0.44223421812057495,0.264767050743103,0.0013834046985721216,0.0014580973802367225,0.0013087120169075206,0.48635707795619965,20.78667813539505,0.48635707795619965,20.78667813539505,4,4
371,370,0,-0.028434231877326965,131072,0,0,0.0,0.0,0.0022735595703125,17.719938278198242,17.700788497924805,0.048073314130306244,0.08148473501205444,1.207667350769043,0.2919973134994507,0.0014245324564399198,0.0013655717484652996,0.00148349316441454,0.8742687776684761,4.099340409040451,0.8742687776684761,4.099340409040451,4,4
371,370,1,-0.028434231877326965,131072,0,0,0.0,0.0,0.00293731689453125,10.751503944396973,10.733466148376465,0.038623154163360596,0.07649203389883041,1.1369374990463257,0.2710915803909302,0.0014245324564399198,0.0013655717484652996,0.00148349316441454,0.8742687776684761,4.099340409040451,0.8742687776684761,4.099340409040451,4,4
372,371,0,-0.0475495308637619,131072,0,0,0.0,0.0,0.01921844482421875,25.664216995239258,25.51826286315918,0.02672690711915493,0.06562837958335876,0.9280933737754822,0.23184561729431152,0.0031877225264906883,0.003076065331697464,0.0032993797212839127,0.7810559878125787,4.5488888919353485,0.7810559878125787,4.5488888919353485,4,4
372,371,1,-0.0475495308637619,131072,0,0,0.0,0.0,0.01456451416015625,22.14456558227539,22.031429290771484,0.02459302544593811,0.062460340559482574,0.8889395594596863,0.2593820095062256,0.0031877225264906883,0.003076065331697464,0.0032993797212839127,0.7810559878125787,4.5488888919353485,0.7810559878125787,4.5488888919353485,4,4
373,372,0,-0.027781255543231964,131072,0,0,0.0,0.0,0.00103759765625,13.656745910644531,13.587940216064453,0.01917770318686962,0.0359065942466259,0.5594661831855774,0.19846975803375244,0.0006180211166793015,0.0006236905901459977,0.0006123516432126053,0.8070076070725918,6.212470710277557,0.8070076070725918,6.212470710277557,4,4
373,372,1,-0.027781255543231964,131072,0,0,0.0,0.0,0.00203704833984375,14.255637168884277,14.193352699279785,0.020101375877857208,0.03384996950626373,0.5535972714424133,0.1751614809036255,0.0006180211166793015,0.0006236905901459977,0.0006123516432126053,0.8070076070725918,6.212470710277557,0.8070076070725918,6.212470710277557,4,4
374,373,0,-0.018528342247009277,131072,0,0,0.0,0.0,0.00390625,8.023078918457031,7.809187412261963,0.018388325348496437,0.017430877313017845,0.3181460499763489,0.10872459411621094,0.0011266257643001154,0.0010111079318448901,0.0012421435967553407,0.5961778024211526,6.163836715742946,0.5961778024211526,6.163836715742946,4,4
374,373,1,-0.018528342247009277,131072,0,0,0.0,0.0,0.0028533935546875,10.77780818939209,10.719182014465332,0.019626164808869362,0.017237771302461624,0.3394913971424103,0.13740062713623047,0.0011266257643001154,0.0010111079318448901,0.0012421435967553407,0.5961778024211526,6.163836715742946,0.5961778024211526,6.163836715742946,4,4
375,374,0,-0.014907823875546455,131072,0,256,0.0,0.0,0.00214385986328125,5.792891979217529,5.756075382232666,0.017920998856425285,0.008488819003105164,0.23925593495368958,0.12807250022888184,0.002763694152235985,0.0024943718453869224,0.0030330164590850472,0.5885387556627393,4.4860405921936035,0.5885387556627393,4.4860405921936035,4,4
375,374,1,-0.014907823875546455,131072,0,256,0.0,0.0,0.0,9.151728630065918,9.151728630065918,0.01889680325984955,0.00827498733997345,0.27892425656318665,0.11687219142913818,0.002763694152235985,0.0024943718453869224,0.0030330164590850472,0.5885387556627393,4.4860405921936035,0.5885387556627393,4.4860405921936035,4,4
376,375,0,-0.012768669985234737,131072,0,0,0.0,0.0,0.0,7.469377517700195,7.469377517700195,0.028727058321237564,0.05762264132499695,0.22114504873752594,0.2523432970046997,0.0011675726564135402,0.0011826557165477425,0.001152489596279338,0.9824508540332317,20.863835528492928,0.9824508540332317,20.863835528492928,4,4
376,375,1,-0.012768669985234737,131072,0,0,0.0,0.0,0.0,5.299276828765869,5.299276828765869,0.028114749118685722,0.06326881796121597,0.2548135221004486,0.2640188932418823,0.0011675726564135402,0.0011826557165477425,0.001152489596279338,0.9824508540332317,20.863835528492928,0.9824508540332317,20.863835528492928,4,4
377,376,0,-0.024142416194081306,131072,0,0,0.0,0.0,0.0,16.035415649414062,16.035415649414062,0.045145560055971146,0.08447089791297913,1.0112022161483765,0.288657546043396,0.0012832405918743461,0.0012091624084860086,0.0013573187752626836,0.8811759166419506,8.004119962453842,0.8811759166419506,8.004119962453842,4,4
377,376,1,-0.024142416194081306,131072,0,0,0.0,0.0,0.0,8.107015609741211,8.107015609741211,0.041965920478105545,0.08643066138029099,1.0825538635253906,0.2877767086029053,0.0012832405918743461,0.0012091624084860086,0.0013573187752626836,0.8811759166419506,8.004119962453842,0.8811759166419506,8.004119962453842,4,4
378,377,0,-0.04271223396062851,131072,0,0,0.0,0.0,0.00860595703125,21.78329086303711,21.734947204589844,0.024348149076104164,0.0677788108587265,0.9047518968582153,0.23798620700836182,0.003140480403089896,0.0035202998551540077,0.002760660951025784,1.113109540194273,8.295431643724442,1.113109540194273,8.295431643724442,4,4
378,377,1,-0.04271223396062851,131072,0,0,0.0,0.0,0.0091552734375,21.063682556152344,20.97718048095703,0.022674746811389923,0.06916958838701248,0.9633994102478027,0.24159502983093262,0.003140480403089896,0.0035202998551540077,0.002760660951025784,1.113109540194273,8.295431643724442,1.113109540194273,8.295431643724442,4,4
379,378,0,-0.026047026738524437,131072,0,0,0.0,0.0,0.0,12.439583778381348,12.439583778381348,0.019753383472561836,0.041796207427978516,0.557438850402832,0.2275625467300415,0.0020732376724481583,0.0020470827003009617,0.002099392644595355,0.8786341743543744,4.327042073011398,0.8786341743543744,4.327042073011398,4,4
379,378,1,-0.026047026738524437,131072,0,0,0.0,0.0,0.0041961669921875,13.714069366455078,13.607488632202148,0.018959427252411842,0.04091007262468338,0.6099725961685181,0.23531651496887207,0.0020732376724481583,0.0020470827003009617,0.002099392644595355,0.8786341743543744,4.327042073011398,0.8786341743543744,4.327042073011398,4,4
380,379,0,-0.018812071532011032,131072,0,0,0.0,0.0,0.0,7.791285991668701,7.791285991668701,0.017340321093797684,0.02146337367594242,0.2779691219329834,0.12090778350830078,0.005115182953886688,0.004464894067496061,0.005765471840277314,0.9111532848328352,4.20908660441637,0.9111532848328352,4.20908660441637,4,4
380,379,1,-0.018812071532011032,131072,0,0,0.0,0.0,0.0057525634765625,11.167581558227539,11.02077865600586,0.017534609884023666,0.020386192947626114,0.3756352961063385,0.13316571712493896,0.005115182953886688,0.004464894067496061,0.005765471840277314,0.9111532848328352,4.20908660441637,0.9111532848328352,4.20908660441637,4,4
381,380,0,-0.012423928827047348,131072,0,0,0.0,0.0,0.0,4.631399631500244,4.631399631500244,0.017261918634176254,0.008825009688735008,0.18942716717720032,0.08811068534851074,0.0028544476663228124,0.0026123772840946913,0.0030965180485509336,1.547492241486907,8.19754714332521,1.547492241486907,8.19754714332521,4,4
381,380,1,-0.012423928827047348,131072,0,0,0.0,0.0,0.00016021728515625,7.792614459991455,7.792471408843994,0.017054952681064606,0.010947651229798794,0.2622091770172119,0.1358562707901001,0.0028544476663228124,0.0026123772840946913,0.0030965180485509336,1.547492241486907,8.19754714332521,1.547492241486907,8.19754714332521,4,4
382,381,0,-0.009457345120608807,131072,0,256,0.0,0.0,0.0,4.801881313323975,4.801881313323975,0.02295430563390255,0.039690978825092316,0.1391715109348297,0.27095556259155273,0.0009044650141731836,0.0008709481189725921,0.0009379819093737751,0.3669339409098029,8.324553444981575,0.3669339409098029,8.324553444981575,4,4
382,381,1,-0.009457345120608807,131072,0,256,0.0,0.0,0.0,4.655475616455078,4.655475616455078,0.0220798309892416,0.03969690203666687,0.15272527933120728,0.2199321985244751,0.0009044650141731836,0.0008709481189725921,0.0009379819093737751,0.3669339409098029,8.324553444981575,0.3669339409098029,8.324553444981575,4,4
383,382,0,-0.02724616974592209,131072,0,0,0.0,0.0,0.0,18.640493392944336,18.640493392944336,0.04944327473640442,0.09201983362436295,0.8801275491714478,0.2998093366622925,0.0010459163822815754,0.001183309912448749,0.0009085228521144018,1.129134038463235,13.198649227619171,1.129134038463235,13.198649227619171,4,4
383,382,1,-0.02724616974592209,131072,0,0,0.0,0.00197601318359375,0.00054168701171875,8.608203887939453,8.605648040771484,0.045591261237859726,0.09489748626947403,0.9204519391059875,0.32571232318878174,0.0010459163822815754,0.001183309912448749,0.0009085228521144018,1.129134038463235,13.198649227619171,1.129134038463235,13.198649227619171,4,4
384,383,0,-0.04108908027410507,131072,0,0,0.0,0.0010223388671875,0.00420379638671875,20.68595314025879,20.6570987701416,0.027467316016554832,0.072990283370018,0.9861963391304016,0.30156266689300537,0.003598243754822761,0.0027968663489446044,0.004399621160700917,0.8368309298530221,17.55126002430916,0.8368309298530221,17.55126002430916,4,4
384,383,1,-0.04108908027410507,131072,0,0,0.0,0.0,0.0062713623046875,20.466943740844727,20.431928634643555,0.026302417740225792,0.07255735993385315,1.0667377710342407,0.29490745067596436,0.003598243754822761,0.0027968663489446044,0.004399621160700917,0.8368309298530221,17.55126002430916,0.8368309298530221,17.55126002430916,4,4
385,384,0,-0.026389488950371742,131072,0,0,0.0,0.0,0.0,12.40699577331543,12.40699577331543,0.021844416856765747,0.05198020488023758,0.5625640749931335,0.24179911613464355,0.005496929574292153,0.005407507647760212,0.005586351500824094,1.094546116888523,13.103347107768059,1.094546116888523,13.103347107768059,4,4
385,384,1,-0.026389488950371742,131072,0,0,0.0,0.0,0.00200653076171875,14.010807991027832,13.982462882995605,0.020581737160682678,0.052763499319553375,0.6515064239501953,0.26512980461120605,0.005496929574292153,0.005407507647760212,0.005586351500824094,1.094546116888523,13.103347107768059,1.094546116888523,13.103347107768059,4,4
386,385,0,-0.011505060829222202,131072,0,0,0.0,0.0,0.002960205078125,4.673049449920654,4.606966495513916,0.017995908856391907,0.02488037757575512,0.25160953402519226,0.14394307136535645,0.021241220645606518,0.02102053537964821,0.021461905911564827,4.009383872151375,5.4561149924993515,4.009383872151375,5.4561149924993515,1,1
386,385,1,-0.011505060829222202,131072,0,0,0.0,0.0,0.00201416015625,6.917428970336914,6.898150444030762,0.017475692555308342,0.027374278753995895,0.3137027621269226,0.14927244186401367,0.021241220645606518,0.02102053537964821,0.021461905911564827,4.009383872151375,5.4561149924993515,4.009383872151375,5.4561149924993515,1,1
387,386,0,-0.0025149628054350615,131072,0,0,0.0,0.0,0.0,1.0085320472717285,1.0085320472717285,0.017701994627714157,0.011774744838476181,0.10129436105489731,0.14383018016815186,0.0068622653489001095,0.00711367919575423,0.006610851502045989,2.242758370935917,4.242425199598074,2.242758370935917,4.242425199598074,4,4
387,386,1,-0.0025149628054350615,131072,0,0,0.0,0.0,0.0,1.5064328908920288,1.5064328908920288,0.017325900495052338,0.013280719518661499,0.11579308658838272,0.13853728771209717,0.0068622653489001095,0.00711367919575423,0.006610851502045989,2.242758370935917,4.242425199598074,2.242758370935917,4.242425199598074,4,4
388,387,0,-0.0025351133663207293,131072,0,256,0.0,0.0,0.0,1.3115763664245605,1.3115763664245605,0.020751679316163063,0.020212754607200623,0.04321323335170746,0.17240536212921143,0.0017275927239097655,0.0016813301481306553,0.0017738552996888757,0.6026351149193943,10.7749657407403,0.6026351149193943,10.7749657407403,4,4
388,387,1,-0.0025351133663207293,131072,0,256,0.0,0.0,0.0,1.2235392332077026,1.2235392332077026,0.02040216326713562,0.019150834530591965,0.045491911470890045,0.16458547115325928,0.0017275927239097655,0.0016813301481306553,0.0017738552996888757,0.6026351149193943,10.7749657407403,0.6026351149193943,10.7749657407403,4,4
389,388,0,-0.025076862424612045,131072,0,0,0.0,0.0,0.0,17.777545928955078,17.777545928955078,0.04708334803581238,0.09108831733465195,0.6656593680381775,0.2946321964263916,0.0017668202344793826,0.0018408706819172949,0.0016927697870414704,1.8620516508817673,22.077243506908417,1.8620516508817673,22.077243506908417,4,4
389,388,1,-0.025076862424612045,131072,0,0,0.0,0.0,0.0,7.299330711364746,7.299330711364746,0.042219843715429306,0.0884542167186737,0.6449303030967712,0.2796238660812378,0.0017668202344793826,0.0018408706819172949,0.0016927697870414704,1.8620516508817673,22.077243506908417,1.8620516508817673,22.077243506908417,4,4
390,389,0,-0.034791287034749985,131072,0,0,0.0,0.00017547607421875,0.000579833984375,19.532482147216797,19.53121566772461,0.036212608218193054,0.07565668225288391,1.1114336252212524,0.3007819652557373,0.0052308873273432255,0.005300253978930414,0.005161520675756037,1.1599499732255936,10.170259535312653,1.1599499732255936,10.170259535312653,4,4
390,389,1,-0.034791287034749985,131072,0,0,0.0,0.0,0.000579833984375,15.263982772827148,15.260005950927734,0.03362930193543434,0.07439174503087997,1.0927162170410156,0.2804957628250122,0.0052308873273432255,0.005300253978930414,0.005161520675756037,1.1599499732255936,10.170259535312653,1.1599499732255936,10.170259535312653,4,4
391,390,0,-0.03270591050386429,131072,0,0,0.0,0.0,0.0,17.20309829711914,17.20309829711914,0.025016499683260918,0.06217464432120323,0.6391780376434326,0.2488420009613037,0.001868701059720479,0.0017804747039917856,0.0019569274154491723,0.6509983204305172,12.323573157191277,0.6509983204305172,12.323573157191277,4,4
391,390,1,-0.03270591050386429,131072,0,0,0.0,0.0,0.0003814697265625,15.503469467163086,15.50275993347168,0.02488040365278721,0.05974230915307999,0.7099136114120483,0.2615309953689575,0.001868701059720479,0.0017804747039917856,0.0019569274154491723,0.6509983204305172,12.323573157191277,0.6509983204305172,12.323573157191277,4,4
392,391,0,-0.011896207928657532,131072,0,0,0.0,0.0,0.0,5.531447410583496,5.531447410583496,0.017864322289824486,0.029112335294485092,0.2824828624725342,0.1201094388961792,0.003625494457082823,0.003410901117604226,0.00384008779656142,0.8250056356191635,12.493901006877422,0.8250056356191635,12.493901006877422,4,4
392,391,1,-0.011896207928657532,131072,0,0,0.0,0.0,0.00678253173828125,6.4607319831848145,6.364761829376221,0.01766418293118477,0.031671132892370224,0.38053256273269653,0.16233432292938232,0.003625494457082823,0.003410901117604226,0.00384008779656142,0.8250056356191635,12.493901006877422,0.8250056356191635,12.493901006877422,4,4
393,392,0,-0.0037002498283982277,131072,0,0,0.0,0.0,0.0,1.8225208520889282,1.8225208520889282,0.017512336373329163,0.01164117082953453,0.12638595700263977,0.08691763877868652,0.00534845155198127,0.006064556539058685,0.004632346564903855,1.1020111087709665,11.339937508106232,1.1020111087709665,11.339937508106232,4,4
393,392,1,-0.0037002498283982277,131072,0,0,0.0,0.0,0.0,1.8777365684509277,1.8777365684509277,0.017631223425269127,0.015762053430080414,0.15760816633701324,0.16562271118164062,0.00534845155198127,0.006064556539058685,0.004632346564903855,1.1020111087709665,11.339937508106232,1.1020111087709665,11.339937508106232,4,4
394,393,0,-0.001607158686965704,131072,0,256,0.0,0.0,0.0,0.939850389957428,0.939850389957428,0.019957512617111206,0.007341134361922741,0.0780438780784607,0.05658578872680664,0.0054213060066103935,0.005481794360093772,0.005360817653127015,0.5844024196267128,10.716430813074112,0.5844024196267128,10.716430813074112,4,4
394,393,1,-0.001607158686965704,131072,0,256,0.0,0.0,0.0,0.6673087477684021,0.6673087477684021,0.019556410610675812,0.008198687806725502,0.06307803094387054,0.10290765762329102,0.0054213060066103935,0.005481794360093772,0.005360817653127015,0.5844024196267128,10.716430813074112,0.5844024196267128,10.716430813074112,4,4
395,394,0,-0.01934966817498207,131072,0,0,0.0,0.0,0.0,12.671464920043945,12.671464920043945,0.03383132442831993,0.07676935195922852,0.4250320494174957,0.26874494552612305,0.0012674893368966877,0.0012594163708854467,0.0012755623029079288,0.5614631082862616,17.18244981765747,0.5614631082862616,17.18244981765747,4,4
395,394,1,-0.01934966817498207,131072,0,0,0.0,0.0,0.0,6.678233623504639,6.678233623504639,0.03471985086798668,0.08522345125675201,0.4564545154571533,0.29238569736480713,0.0012674893368966877,0.0012594163708854467,0.0012755623029079288,0.5614631082862616,17.18244981765747,0.5614631082862616,17.18244981765747,4,4
396,395,0,-0.026786325499415398,131072,0,0,0.0,0.0,0.0,15.636923789978027,15.636923789978027,0.035797372460365295,0.07684675604104996,1.044744849205017,0.28743648529052734,0.001989706070162356,0.0021175745059736073,0.0018618376343511045,0.703949024900794,15.786944448947906,0.703949024900794,15.786944448947906,4,4
396,395,1,-0.026786325499415398,131072,0,0,0.0,0.0,0.00023651123046875,11.151163101196289,11.149391174316406,0.03849900886416435,0.08532372117042542,1.225075602531433,0.29503321647644043,0.001989706070162356,0.0021175745059736073,0.0018618376343511045,0.703949024900794,15.786944448947906,0.703949024900794,15.786944448947906,4,4
397,396,0,-0.04198338836431503,131072,0,0,0.0,0.0,4.57763671875e-05,18.49444580078125,18.494426727294922,0.022804992273449898,0.06249232590198517,0.7552414536476135,0.24547576904296875,0.00242899073055014,0.002385975851211697,0.0024720056098885834,0.6108025452122092,12.37197581678629,0.6108025452122092,12.37197581678629,4,4
397,396,1,-0.04198338836431503,131072,0,0,0.0,0.0,0.00077056884765625,23.491636276245117,23.48906898498535,0.021671924740076065,0.06859922409057617,0.8548900485038757,0.25906527042388916,0.00242899073055014,0.002385975851211697,0.0024720056098885834,0.6108025452122092,12.37197581678629,0.6108025452122092,12.37197581678629,4,4
398,397,0,-0.013960067182779312,131072,0,0,0.0,0.0,0.001495361328125,6.445377349853516,6.426336288452148,0.017559627071022987,0.03459032624959946,0.37700772285461426,0.20578670501708984,0.0007609233216498978,0.0007733209931757301,0.0007485256501240656,0.9248449429869652,7.672031016089022,0.9248449429869652,7.672031016089022,4,4
398,397,1,-0.013960067182779312,131072,0,0,0.0,0.0,0.00295257568359375,7.632974624633789,7.533755302429199,0.017207225784659386,0.03735290467739105,0.4146316945552826,0.23066413402557373,0.0007609233216498978,0.0007733209931757301,0.0007485256501240656,0.9248449429869652,7.672031016089022,0.9248449429869652,7.672031016089022,4,4
399,398,0,-0.003536555916070938,131072,0,0,0.0,0.0,0.0,1.7391245365142822,1.7391245365142822,0.017470357939600945,0.01636732555925846,0.13117656111717224,0.17498779296875,0.0012804748548660427,0.0011686444049701095,0.001392305304761976,0.8940441831946373,2.993640223518014,0.8940441831946373,2.993640223518014,4,4
399,398,1,-0.003536555916070938,131072,0,0,0.0,0.0,0.0011138916015625,1.8097056150436401,1.7974363565444946,0.01732371188700199,0.017129452899098396,0.15922380983829498,0.16288042068481445,0.0012804748548660427,0.0011686444049701095,0.001392305304761976,0.8940441831946373,2.993640223518014,0.8940441831946373,2.993640223518014,4,4
400,399,0,-0.0017120682168751955,131072,0,256,0.0,0.0,0.0,1.1072287559509277,1.1072287559509277,0.0170076135545969,0.007012797985225916,0.0954478532075882,0.10691189765930176,0.0025357832782901824,0.0023233942920342088,0.002748172264546156,0.3976186737418175,4.977178247645497,0.3976186737418175,4.977178247645497,4,4
400,399,1,-0.0017120682168751955,131072,0,256,0.0,0.0,0.0,0.6048399209976196,0.6048399209976196,0.017340920865535736,0.008114456199109554,0.06681866943836212,0.1378650665283203,0.0025357832782901824,0.0023233942920342088,0.002748172264546156,0.3976186737418175,4.977178247645497,0.3976186737418175,4.977178247645497,4,4
401,400,0,-0.012139963917434216,131072,0,0,0.0,0.0,0.0,7.248824596405029,7.248824596405029,0.02742282673716545,0.05589522421360016,0.21751989424228668,0.2594492435455322,0.002099930599797517,0.0022430289536714554,0.0019568322459235787,0.9719627145677805,12.391681931912899,0.9719627145677805,12.391681931912899,4,4
401,400,1,-0.012139963917434216,131072,0,0,0.0,0.0,0.0,4.891138553619385,4.891138553619385,0.026431743055582047,0.060970257967710495,0.23493418097496033,0.2483760118484497,0.002099930599797517,0.0022430289536714554,0.0019568322459235787,0.9719627145677805,12.391681931912899,0.9719627145677805,12.391681931912899,4,4
402,401,0,-0.024235781282186508,131072,0,0,0.0,0.0,0.0,16.22677993774414,16.22677993774414,0.043965112417936325,0.08510660380125046,1.0134652853012085,0.2985302209854126,0.0009731030295370147,0.0009826803143369034,0.0009635257447371259,2.3733015041798353,6.362988650798798,2.3733015041798353,6.362988650798798,4,4
402,401,1,-0.024235781282186508,131072,0,0,0.0,0.0,0.0,8.008926391601562,8.008926391601562,0.04138636216521263,0.08911707252264023,1.0410901308059692,0.2851705551147461,0.0009731030295370147,0.0009826803143369034,0.0009635257447371259,2.3733015041798353,6.362988650798798,2.3733015041798353,6.362988650798798,4,4
403,402,0,-0.04189532622694969,131072,0,0,0.0,0.0,0.00043487548828125,21.90851593017578,21.907840728759766,0.02280471846461296,0.07207605242729187,0.8822212815284729,0.2464449405670166,0.0033649034739937633,0.0032595916418358684,0.0034702153061516583,1.0291128885000944,7.370119333267212,1.0291128885000944,7.370119333267212,4,4
403,402,1,-0.04189532622694969,131072,0,0,0.0,0.0,0.00077056884765625,19.988996505737305,19.987375259399414,0.023858342319726944,0.07066970318555832,0.8980686068534851,0.247472882270813,0.0033649034739937633,0.0032595916418358684,0.0034702153061516583,1.0291128885000944,7.370119333267212,1.0291128885000944,7.370119333267212,4,4
404,403,0,-0.017484184354543686,131072,0,0,0.0,0.0,0.00057220458984375,9.00914192199707,9.003669738769531,0.01926899142563343,0.04375886172056198,0.46441584825515747,0.22991430759429932,0.0012057179701514542,0.0011328482069075108,0.0012785877333953977,0.8951341081410646,7.459748104214668,0.8951341081410646,7.459748104214668,4,4
404,403,1,-0.017484184354543686,131072,0,0,0.0,0.0,0.0028839111328125,8.581459045410156,8.480533599853516,0.020194489508867264,0.04327987879514694,0.559463381767273,0.23800325393676758,0.0012057179701514542,0.0011328482069075108,0.0012785877333953977,0.8951341081410646,7.459748104214668,0.8951341081410646,7.459748104214668,4,4
405,404,0,-0.005815277341753244,131072,0,0,0.0,0.0,0.0002288818359375,2.695533275604248,2.694887638092041,0.017786646261811256,0.020903047174215317,0.18088459968566895,0.16133928298950195,0.0036417916126083583,0.0036316884215921164,0.0036518948036246,0.5779446745291352,3.565499423071742,0.5779446745291352,3.565499423071742,4,4
405,404,1,-0.005815277341753244,131072,0,0,0.0,0.0,0.0042266845703125,3.3046305179595947,3.120375394821167,0.01887788623571396,0.023569723591208458,0.2676162123680115,0.16180479526519775,0.0036417916126083583,0.0036316884215921164,0.0036518948036246,0.5779446745291352,3.565499423071742,0.5779446745291352,3.565499423071742,4,4
406,405,0,-0.001746626221574843,131072,0,0,0.0,0.0,0.0,0.9281176328659058,0.9281176328659058,0.017598338425159454,0.008423605002462864,0.08510605990886688,0.13114821910858154,0.001449862218578346,0.0013442111085169017,0.0015555133286397904,1.0184323899447918,8.114675149321556,1.0184323899447918,8.114675149321556,4,4
406,405,1,-0.001746626221574843,131072,0,0,0.0,0.0,0.001373291015625,0.8337666988372803,0.8185087442398071,0.01836353912949562,0.011218932457268238,0.12221171706914902,0.13431191444396973,0.001449862218578346,0.0013442111085169017,0.0015555133286397904,1.0184323899447918,8.114675149321556,1.0184323899447918,8.114675149321556,4,4
407,406,0,-0.0065775224938988686,131072,0,256,0.0,0.0,0.0,3.9078450202941895,3.9078450202941895,0.022081030532717705,0.03929915279150009,0.10963423550128937,0.20521628856658936,0.0004559679873636924,0.0004780092313012574,0.00043392674342612736,0.4530513770878315,10.63998794555664,0.4530513770878315,10.63998794555664,4,4
407,406,1,-0.0065775224938988686,131072,0,256,0.0,0.0,0.0,2.669661045074463,2.669661045074463,0.020616862922906876,0.03520464152097702,0.09955373406410217,0.20552420616149902,0.0004559679873636924,0.0004780092313012574,0.00043392674342612736,0.4530513770878315,10.63998794555664,0.4530513770878315,10.63998794555664,4,4
408,407,0,-0.02538874000310898,131072,0,0,0.0,0.0,0.0,17.818965911865234,17.818965911865234,0.04944011941552162,0.09158124029636383,0.8782147169113159,0.28068995475769043,0.0008889277014532126,0.0008983954030554742,0.0008794599998509511,0.6939440462738276,12.957365453243256,0.6939440462738276,12.957365453243256,4,4
408,407,1,-0.02538874000310898,131072,0,0,0.0,0.0,0.0,7.569762706756592,7.569762706756592,0.04564692825078964,0.09364685416221619,0.8796650171279907,0.28378045558929443,0.0008889277014532126,0.0008983954030554742,0.0008794599998509511,0.6939440462738276,12.957365453243256,0.6939440462738276,12.957365453243256,4,4
409,408,0,-0.038629334419965744,131072,0,0,0.0,0.0,0.0034942626953125,20.07012367248535,20.05411720275879,0.027056578546762466,0.07050898671150208,1.031529426574707,0.28351032733917236,0.0014443680993281305,0.00146567914634943,0.0014230570523068309,0.7081313077360392,18.40020114183426,0.7081313077360392,18.40020114183426,4,4
409,408,1,-0.038629334419965744,131072,0,0,0.0,0.0,0.00336456298828125,18.604095458984375,18.575119018554688,0.023522913455963135,0.07088659703731537,1.042786955833435,0.28303587436676025,0.0014443680993281305,0.00146567914634943,0.0014230570523068309,0.7081313077360392,18.40020114183426,0.7081313077360392,18.40020114183426,4,4
410,409,0,-0.026061682030558586,131072,0,0,0.0,0.0,0.00103759765625,13.521387100219727,13.488801956176758,0.021041790023446083,0.053863685578107834,0.6364642977714539,0.22936606407165527,0.0016510691057192162,0.001740116480505094,0.0015620217309333384,1.266423225402832,12.21204686909914,1.266423225402832,12.21204686909914,4,4
410,409,1,-0.026061682030558586,131072,0,0,0.0,0.0,0.00067901611328125,12.575395584106445,12.572908401489258,0.019886476919054985,0.05289037153124809,0.5803188681602478,0.26071393489837646,0.0016510691057192162,0.001740116480505094,0.0015620217309333384,1.266423225402832,12.21204686909914,1.266423225402832,12.21204686909914,4,4
411,410,0,-0.00872887670993805,131072,0,0,0.0,0.0,0.00171661376953125,4.9896626472473145,4.964892864227295,0.01722889579832554,0.028304679319262505,0.27316468954086304,0.1486682891845703,0.0013174866617191583,0.0013736403780058026,0.001261332945432514,0.4720047153532505,8.374819479882717,0.4720047153532505,8.374819479882717,4,4
411,410,1,-0.00872887670993805,131072,0,0,0.0,0.0,0.00037384033203125,3.7650160789489746,3.7639575004577637,0.017631255090236664,0.02581987902522087,0.22649414837360382,0.1441723108291626,0.0013174866617191583,0.0013736403780058026,0.001261332945432514,0.4720047153532505,8.374819479882717,0.4720047153532505,8.374819479882717,4,4
412,411,0,-0.001558419899083674,131072,0,0,0.0,0.0,0.0,1.0198800563812256,1.0198800563812256,0.01720241829752922,0.011382514610886574,0.09585439413785934,0.0953984260559082,0.015979838790372014,0.015093589667230844,0.016866087913513184,2.4909005338946977,3.2662354161341987,2.4909005338946977,3.2662354161341987,3,3
412,411,1,-0.001558419899083674,131072,0,0,0.0,0.0,0.0,0.5385408997535706,0.5385408997535706,0.017903124913573265,0.009891360066831112,0.0570250041782856,0.11548423767089844,0.015979838790372014,0.015093589667230844,0.016866087913513184,2.4909005338946977,3.2662354161341987,2.4909005338946977,3.2662354161341987,3,3
413,412,0,-0.0024269751738756895,131072,0,256,0.0,0.0,0.0,1.2985773086547852,1.2985773086547852,0.019692154601216316,0.01846127025783062,0.05530018359422684,0.13929784297943115,0.00057439175361651,0.0005324877856764942,0.0006162957215565257,0.49829887319356203,5.405451938509941,0.49829887319356203,5.405451938509941,4,4
413,412,1,-0.0024269751738756895,131072,0,256,0.0,0.0,0.0,1.1283965110778809,1.1283965110778809,0.019900120794773102,0.018622489646077156,0.03760957345366478,0.13090014457702637,0.00057439175361651,0.0005324877856764942,0.0006162957215565257,0.49829887319356203,5.405451938509941,0.49829887319356203,5.405451938509941,4,4
414,413,0,-0.025244880467653275,131072,0,0,0.0,0.0,0.0,17.309926986694336,17.309926986694336,0.046323470771312714,0.09059056639671326,0.6630255579948425,0.27368342876434326,0.0037335333763621747,0.0036801532842218876,0.003786913468502462,0.6580669265240431,14.809173911809921,0.6580669265240431,14.809173911809921,4,4
414,413,1,-0.025244880467653275,131072,0,0,0.0,0.0,0.0,7.934990406036377,7.934990406036377,0.04391614720225334,0.09266674518585205,0.6821142435073853,0.28181707859039307,0.0037335333763621747,0.0036801532842218876,0.003786913468502462,0.6580669265240431,14.809173911809921,0.6580669265240431,14.809173911809921,4,4
415,414,0,-0.033319197595119476,131072,0,0,0.0,0.0,0.0013275146484375,18.23215675354004,18.225889205932617,0.035304825752973557,0.07440230250358582,1.0834568738937378,0.27308189868927,0.0017750532424543053,0.0016962859954219311,0.0018538204894866794,0.8312429580837488,2.743615821003914,0.8312429580837488,2.743615821003914,4,4
415,414,1,-0.033319197595119476,131072,0,0,0.0,0.0,0.0010223388671875,15.100198745727539,15.093393325805664,0.03226572275161743,0.07766502350568771,1.1023403406143188,0.2813001871109009,0.0017750532424543053,0.0016962859954219311,0.0018538204894866794,0.8312429580837488,2.743615821003914,0.8312429580837488,2.743615821003914,4,4
416,415,0,-0.03410986438393593,131072,0,0,0.0,0.0,0.00063323974609375,16.689655303955078,16.687477111816406,0.024059927091002464,0.05630287900567055,0.7658440470695496,0.25627076625823975,0.0017779920453904197,0.0017403793171979487,0.0018156047735828906,0.6986892260611057,5.460035711526871,0.6986892260611057,5.460035711526871,4,4
416,415,1,-0.03410986438393593,131072,0,0,0.0,0.0,0.002532958984375,17.436391830444336,17.4223690032959,0.022422902286052704,0.05790381506085396,0.6720350384712219,0.2593787908554077,0.0017779920453904197,0.0017403793171979487,0.0018156047735828906,0.6986892260611057,5.460035711526871,0.6986892260611057,5.460035711526871,4,4
417,416,0,-0.013389764353632927,131072,0,0,0.0,0.0,0.0066375732421875,7.735943794250488,7.151132583618164,0.017441457137465477,0.029019182547926903,0.46607786417007446,0.12830793857574463,0.0015441165305674076,0.001692933845333755,0.0013952992158010602,0.4888675734400749,5.421302353963256,0.4888675734400749,5.421302353963256,4,4
417,416,1,-0.013389764353632927,131072,0,0,0.0,0.0,0.0,6.238616943359375,6.238616943359375,0.017548153176903725,0.027785660699009895,0.2862721383571625,0.12669527530670166,0.0015441165305674076,0.001692933845333755,0.0013952992158010602,0.4888675734400749,5.421302353963256,0.4888675734400749,5.421302353963256,4,4
418,417,0,-0.0034146809484809637,131072,0,0,0.0,0.0,0.00705718994140625,2.4419820308685303,1.9054194688796997,0.01701963134109974,0.013673065230250359,0.31571295857429504,0.10702502727508545,0.0007040385389700532,0.0006310741446213797,0.0007770029333187267,0.46173394098877907,6.451826825737953,0.46173394098877907,6.451826825737953,4,4
418,417,1,-0.0034146809484809637,131072,0,0,0.0,0.0,0.0,1.509261965751648,1.509261965751648,0.016743531450629234,0.010722218081355095,0.11257272958755493,0.07778561115264893,0.0007040385389700532,0.0006310741446213797,0.0007770029333187267,0.46173394098877907,6.451826825737953,0.46173394098877907,6.451826825737953,4,4
419,418,0,-0.002072271890938282,131072,0,256,0.0,0.0,0.0029296875,1.2869597673416138,0.9926735758781433,0.019223691895604134,0.008907276205718517,0.2242434024810791,0.10707461833953857,0.0018750288581941277,0.001863629964645952,0.0018864277517423034,0.5220147189684212,1.41153734177351,0.5220147189684212,1.41153734177351,4,4
419,418,1,-0.002072271890938282,131072,0,256,0.0,0.0,0.0,1.0795996189117432,1.0795996189117432,0.018899571150541306,0.006204328965395689,0.08890321105718613,0.02812361717224121,0.0018750288581941277,0.001863629964645952,0.0018864277517423034,0.5220147189684212,1.41153734177351,0.5220147189684212,1.41153734177351,4,4
420,419,0,-0.02217990532517433,131072,0,0,0.0,0.0,0.0,15.127458572387695,15.127458572387695,0.04585821181535721,0.08533461391925812,0.47600188851356506,0.27855777740478516,0.0034041266480926424,0.0035309085506014526,0.0032773447455838323,0.8265756145119667,17.113525986671448,0.8265756145119667,17.113525986671448,4,4
420,419,1,-0.02217990532517433,131072,0,0,0.0,0.0,0.0,7.052397727966309,7.052397727966309,0.041214026510715485,0.08290445804595947,0.4424099922180176,0.268937349319458,0.0034041266480926424,0.0035309085506014526,0.0032773447455838323,0.8265756145119667,17.113525986671448,0.8265756145119667,17.113525986671448,4,4
421,420,0,-0.028718579560518265,131072,0,0,0.0,0.0,0.00020599365234375,18.137454986572266,18.137306213378906,0.04356290027499199,0.08272293955087662,1.1853232383728027,0.29166150093078613,0.003093857754720375,0.002975705894641578,0.0032120096147991717,0.7926207650452852,3.2988141253590584,0.7926207650452852,3.2988141253590584,4,4
421,420,1,-0.028718579560518265,131072,0,0,0.0,0.0,0.00049591064453125,10.583725929260254,10.581267356872559,0.041241683065891266,0.08070638030767441,1.2093031406402588,0.29170894622802734,0.003093857754720375,0.002975705894641578,0.0032120096147991717,0.7926207650452852,3.2988141253590584,0.7926207650452852,3.2988141253590584,4,4
422,421,0,-0.04768257588148117,131072,0,0,0.0,0.0,0.00347900390625,23.628692626953125,23.60671615600586,0.022237306460738182,0.060700785368680954,0.8243433237075806,0.2503887414932251,0.0016351109225070104,0.0019693662761710584,0.0013008555688429624,0.8032483216375113,3.708474487066269,0.8032483216375113,3.708474487066269,4,4
422,421,1,-0.04768257588148117,131072,0,0,0.0,0.0,0.00952911376953125,24.130603790283203,24.075946807861328,0.0240324717015028,0.06531673669815063,0.9180465936660767,0.21993136405944824,0.0016351109225070104,0.0019693662761710584,0.0013008555688429624,0.8032483216375113,3.708474487066269,0.8032483216375113,3.708474487066269,4,4
423,422,0,-0.01914377696812153,131072,0,0,0.0,0.0,0.003173828125,8.521461486816406,8.397473335266113,0.017555681988596916,0.03343323618173599,0.4157487154006958,0.21580326557159424,0.004563481081277132,0.004835922038182616,0.004291040124371648,1.5082779442891479,5.855063516646624,1.5082779442891479,5.855063516646624,4,4
423,422,1,-0.01914377696812153,131072,0,0,0.0,0.0,0.00555419921875,10.820840835571289,10.74624252319336,0.01755608804523945,0.03688928857445717,0.5062870383262634,0.18307578563690186,0.004563481081277132,0.004835922038182616,0.004291040124371648,1.5082779442891479,5.855063516646624,1.5082779442891479,5.855063516646624,4,4
424,423,0,-0.004422523081302643,131072,0,0,0.0,0.0,0.0009307861328125,1.873150110244751,1.8653936386108398,0.017050115391612053,0.01571429893374443,0.15686781704425812,0.14663434028625488,0.0015795229555806145,0.0014654096739832312,0.0016936362371779978,0.9844151884317398,8.356510438024998,0.9844151884317398,8.356510438024998,4,4
424,423,1,-0.004422523081302643,131072,0,0,0.0,0.0,0.0006103515625,2.560098648071289,2.55712890625,0.017009904608130455,0.019492516294121742,0.19455792009830475,0.12010717391967773,0.0015795229555806145,0.0014654096739832312,0.0016936362371779978,0.9844151884317398,8.356510438024998,0.9844151884317398,8.356510438024998,4,4
425,424,0,-0.0012604680377990007,131072,0,256,0.0,0.0,0.0,0.7808399200439453,0.7808399200439453,0.017199136316776276,0.007433920633047819,0.08099345117807388,0.13702762126922607,0.003593837929656729,0.003139192413073033,0.004048483446240425,0.6634869826957583,8.890280421823263,0.6634869826957583,8.890280421823263,4,4
425,424,1,-0.0012604680377990007,131072,0,256,0.0,0.0,0.0,0.47962549328804016,0.47962549328804016,0.01680688187479973,0.008336197584867477,0.05689791962504387,0.08649110794067383,0.003593837929656729,0.003139192413073033,0.004048483446240425,0.6634869826957583,8.890280421823263,0.6634869826957583,8.890280421823263,4,4
426,425,0,-0.01366700604557991,131072,0,0,0.0,0.0,0.0,8.54791259765625,8.54791259765625,0.031381331384181976,0.06252630054950714,0.23623573780059814,0.265889048576355,0.002115836468874477,0.002156638744054362,0.0020750341936945915,0.738764613866806,9.46295303106308,0.738764613866806,9.46295303106308,4,4
426,425,1,-0.01366700604557991,131072,0,0,0.0,0.0,0.0,5.119103908538818,5.119103908538818,0.02930949442088604,0.06329717487096786,0.24720962345600128,0.2510185241699219,0.002115836468874477,0.002156638744054362,0.0020750341936945915,0.738764613866806,9.46295303106308,0.738764613866806,9.46295303106308,4,4
427,426,0,-0.025464864447712898,131072,0,0,0.0,0.0,0.0,17.486225128173828,17.486225128173828,0.04602601379156113,0.09040381014347076,1.1134997606277466,0.2805967330932617,0.0019136896880809218,0.0017653299728408456,0.002062049403320998,0.6765129426494241,5.439218163490295,0.6765129426494241,5.439218163490295,4,4
427,426,1,-0.025464864447712898,131072,0,0,0.0,0.0,0.0,7.97871732711792,7.97871732711792,0.04134229198098183,0.08931103348731995,1.0746867656707764,0.28880107402801514,0.0019136896880809218,0.0017653299728408456,0.002062049403320998,0.6765129426494241,5.439218163490295,0.6765129426494241,5.439218163490295,4,4
428,427,0,-0.045156605541706085,131072,0,0,0.0,0.0,0.003570556640625,23.928497314453125,23.909461975097656,0.02364930883049965,0.06771115958690643,1.026525855064392,0.258591890335083,0.0011443471667007543,0.0008230264793382958,0.0014656678540632129,0.7262088917195797,4.601226419210434,0.7262088917195797,4.601226419210434,4,4
428,427,1,-0.045156605541706085,131072,0,0,0.0,0.0,0.0035400390625,21.26987648010254,21.2470645904541,0.024176515638828278,0.06825876235961914,0.9354550838470459,0.24009382724761963,0.0011443471667007543,0.0008230264793382958,0.0014656678540632129,0.7262088917195797,4.601226419210434,0.7262088917195797,4.601226419210434,4,4
429,428,0,-0.024403557181358337,131072,0,0,0.0,0.0,0.0065155029296875,13.021581649780273,12.658941268920898,0.017996855080127716,0.04181321710348129,0.652593731880188,0.24088561534881592,0.001936338041559793,0.0017990223714150488,0.0020736537117045373,0.6049153171479702,7.448660418391228,0.6049153171479702,7.448660418391228,4,4
429,428,1,-0.024403557181358337,131072,0,0,0.0,0.0,0.00040435791015625,11.745182037353516,11.744569778442383,0.018566248938441277,0.041533391922712326,0.5379317998886108,0.24798929691314697,0.001936338041559793,0.0017990223714150488,0.0020736537117045373,0.6049153171479702,7.448660418391228,0.6049153171479702,7.448660418391228,4,4
430,429,0,-0.008804724551737309,131072,0,0,0.0,0.0,0.01154327392578125,5.852311134338379,5.2550153732299805,0.016954628750681877,0.021307656541466713,0.3944772481918335,0.12304568290710449,0.0017322194908047095,0.0014821252261754125,0.0019823137554340065,0.70484852604568,5.837968097999692,0.70484852604568,5.837968097999692,4,4
430,429,1,-0.008804724551737309,131072,0,0,0.0,0.0,0.0,3.549685478210449,3.549685478210449,0.017000747844576836,0.020841719582676888,0.2123345583677292,0.12257695198059082,0.0017322194908047095,0.0014821252261754125,0.0019823137554340065,0.70484852604568,5.837968097999692,0.70484852604568,5.837968097999692,4,4
431,430,0,-0.003090361598879099,131072,0,0,0.0,0.0,0.0078125,2.7693612575531006,2.5245587825775146,0.0168867539614439,0.01202791091054678,0.26639315485954285,0.12480461597442627,0.004001968423835933,0.003674290841445327,0.00432964600622654,0.9239800963550806,6.354030076414347,0.9239800963550806,6.354030076414347,4,4
431,430,1,-0.003090361598879099,131072,0,0,0.0,0.0,0.0,0.5658042430877686,0.5658042430877686,0.01637498289346695,0.008636721409857273,0.06250999122858047,0.08802413940429688,0.004001968423835933,0.003674290841445327,0.00432964600622654,0.9239800963550806,6.354030076414347,0.9239800963550806,6.354030076414347,4,4
432,431,0,-0.00738808698952198,131072,0,256,0.0,0.0,0.00139617919921875,4.186079978942871,4.175339698791504,0.02293187566101551,0.03923202306032181,0.14599350094795227,0.22483015060424805,0.0010680167470127344,0.001215028198203072,0.0009210052958223969,1.0330144800245762,4.130285412073135,1.0330144800245762,4.130285412073135,4,4
432,431,1,-0.00738808698952198,131072,0,256,0.0,0.0,0.0,3.212737798690796,3.212737798690796,0.0222829170525074,0.04064019024372101,0.11235304176807404,0.220017671585083,0.0010680167470127344,0.001215028198203072,0.0009210052958223969,1.0330144800245762,4.130285412073135,1.0330144800245762,4.130285412073135,4,4
433,432,0,-0.02797783724963665,131072,0,0,0.0,0.0,0.0,19.889589309692383,19.889589309692383,0.05776030942797661,0.09841488301753998,0.9376775622367859,0.28110265731811523,0.004005215916549787,0.004420161130838096,0.0035902707022614777,1.123551705852151,15.484855443239212,1.123551705852151,15.484855443239212,4,4
433,432,1,-0.02797783724963665,131072,0,0,0.0,0.0,0.0,8.088224411010742,8.088224411010742,0.04750186204910278,0.09466633200645447,0.9075702428817749,0.2815138101577759,0.004005215916549787,0.004420161130838096,0.0035902707022614777,1.123551705852151,15.484855443239212,1.123551705852151,15.484855443239212,4,4
434,433,0,-0.041705816984176636,131072,0,0,0.0,0.0,0.007415771484375,23.026865005493164,22.970224380493164,0.03297778591513634,0.07293158024549484,1.1207959651947021,0.2591027021408081,0.006282522459514439,0.0066921504912897944,0.005872894427739084,1.023503528907895,8.249331817030907,1.023503528907895,8.249331817030907,4,4
434,433,1,-0.041705816984176636,131072,0,0,0.0,0.0,0.00872802734375,18.822025299072266,18.735546112060547,0.026314670220017433,0.07098367810249329,1.0765552520751953,0.27673041820526123,0.006282522459514439,0.0066921504912897944,0.005872894427739084,1.023503528907895,8.249331817030907,1.023503528907895,8.249331817030907,4,4
435,434,0,-0.03203930705785751,131072,0,0,0.0,0.0,0.00022125244140625,16.808279037475586,16.808095932006836,0.02159593440592289,0.053359534591436386,0.6761237382888794,0.23749947547912598,0.002174734225263819,0.0020709100062958896,0.0022785584442317486,0.6466037780046463,8.39399366080761,0.6466037780046463,8.39399366080761,4,4
435,434,1,-0.03203930705785751,131072,0,0,0.0,0.0,0.00342559814453125,15.257905960083008,15.231199264526367,0.020250849425792694,0.05094749853014946,0.7019790410995483,0.23091280460357666,0.002174734225263819,0.0020709100062958896,0.0022785584442317486,0.6466037780046463,8.39399366080761,0.6466037780046463,8.39399366080761,4,4
436,435,0,-0.013192260637879372,131072,0,0,0.0,0.0,0.00025177001953125,6.2437920570373535,6.243407726287842,0.017496494576334953,0.026766259223222733,0.306511253118515,0.14744699001312256,0.002304987341631204,0.0016148673021234572,0.0029951073811389506,0.7344871489331126,10.77225897833705,0.7344871489331126,10.77225897833705,4,4
436,435,1,-0.013192260637879372,131072,0,0,0.0,0.0,0.000579833984375,6.9506049156188965,6.9488654136657715,0.017027148976922035,0.02785181626677513,0.3278651535511017,0.11463642120361328,0.002304987341631204,0.0016148673021234572,0.0029951073811389506,0.7344871489331126,10.77225897833705,0.7344871489331126,10.77225897833705,4,4
437,436,0,-0.002836300525814295,131072,0,0,0.0,0.0,0.0,1.6140927076339722,1.6140927076339722,0.01702241413295269,0.010946284048259258,0.13002228736877441,0.0778723955154419,0.013447425561025739,0.012552835745736957,0.01434201537631452,1.3600610047578812,7.595952332019806,1.3600610047578812,7.595952332019806,1,1
437,436,1,-0.002836300525814295,131072,0,0,0.0,0.0,0.0,1.2222108840942383,1.2222108840942383,0.016737863421440125,0.012109550647437572,0.10590627789497375,0.09036517143249512,0.013447425561025739,0.012552835745736957,0.01434201537631452,1.3600610047578812,7.595952332019806,1.3600610047578812,7.595952332019806,1,1
438,437,0,-0.0023195496760308743,131072,0,256,0.0,0.0,0.0,1.2569425106048584,1.2569425106048584,0.02003479190170765,0.015753628686070442,0.06774572283029556,0.1240304708480835,0.0015970672975527123,0.0013249898329377174,0.001869144762167707,0.47809192538261414,5.338482771068811,0.47809192538261414,5.338482771068811,4,4
438,437,1,-0.0023195496760308743,131072,0,256,0.0,0.0,0.0,1.0626109838485718,1.0626109838485718,0.019747596234083176,0.017825068905949593,0.041576068848371506,0.1519554853439331,0.0015970672975527123,0.0013249898329377174,0.001869144762167707,0.47809192538261414,5.338482771068811,0.47809192538261414,5.338482771068811,4,4
439,438,0,-0.025991540402173996,131072,0,0,0.0,0.0,0.0,18.082796096801758,18.082796096801758,0.04926146939396858,0.09418168663978577,0.6841026544570923,0.27185678482055664,0.001888758153654635,0.0018914143147412688,0.0018861019925680012,0.5645529143512249,18.529009878635406,0.5645529143512249,18.529009878635406,4,4
439,438,1,-0.025991540402173996,131072,0,0,0.0,0.0,0.0,7.908744812011719,7.908744812011719,0.044090140610933304,0.09444174915552139,0.6784902215003967,0.272347092628479,0.001888758153654635,0.0018914143147412688,0.0018861019925680012,0.5645529143512249,18.529009878635406,0.5645529143512249,18.529009878635406,4,4
440,439,0,-0.03502972424030304,131072,0,0,0.0,0.0,0.00470733642578125,19.396968841552734,19.357669830322266,0.03279447183012962,0.07502474635839462,1.1756987571716309,0.28484880924224854,0.0014067182346479967,0.0014836404589004815,0.001329796010395512,0.9762846063822508,4.779757268726826,0.9762846063822508,4.779757268726826,4,4
440,439,1,-0.03502972424030304,131072,0,0,0.0,0.0,0.009124755859375,15.734415054321289,15.67210578918457,0.031076515093445778,0.07426992058753967,1.2090423107147217,0.2776535749435425,0.0014067182346479967,0.0014836404589004815,0.001329796010395512,0.9762846063822508,4.779757268726826,0.9762846063822508,4.779757268726826,4,4
441,440,0,-0.04048764705657959,131072,0,0,0.0,0.0,0.006134033203125,19.85944938659668,19.754064559936523,0.02262783981859684,0.05618859454989433,0.7903304696083069,0.22405409812927246,0.0035251615627203137,0.003975156869273633,0.0030751662561669946,0.8293536826968193,6.297032978385687,0.8293536826968193,6.297032978385687,4,4
441,440,1,-0.04048764705657959,131072,0,0,0.0,0.0,0.00577545166015625,20.780832290649414,20.733686447143555,0.021026140078902245,0.05808480829000473,0.8340814709663391,0.25752198696136475,0.0035251615627203137,0.003975156869273633,0.0030751662561669946,0.8293536826968193,6.297032978385687,0.8293536826968193,6.297032978385687,4,4
442,441,0,-0.019436435773968697,131072,0,0,0.0,0.0,0.0052947998046875,9.26067066192627,9.120295524597168,0.01695701666176319,0.03125758841633797,0.4386178255081177,0.13767623901367188,0.0036189350648783147,0.0025582296075299382,0.004679640522226691,1.9386611338704824,6.607463002204895,1.9386611338704824,6.607463002204895,4,4
442,441,1,-0.019436435773968697,131072,0,0,0.0,0.0,0.00475311279296875,10.425622940063477,10.316144943237305,0.017392218112945557,0.03224010020494461,0.44295310974121094,0.13474857807159424,0.0036189350648783147,0.0025582296075299382,0.004679640522226691,1.9386611338704824,6.607463002204895,1.9386611338704824,6.607463002204895,4,4
443,442,0,-0.004698844626545906,131072,0,0,0.0,0.0,0.0007171630859375,2.0192325115203857,2.0145843029022217,0.01715991273522377,0.015736708417534828,0.1726604849100113,0.13766705989837646,0.005216363293584436,0.004525657743215561,0.0059070688439533114,1.5599091947078705,6.456178963184357,1.5599091947078705,6.456178963184357,4,4
443,442,1,-0.004698844626545906,131072,0,0,0.0,0.0,0.0005645751953125,2.6867287158966064,2.6842434406280518,0.017241552472114563,0.015091769397258759,0.18156617879867554,0.12441396713256836,0.005216363293584436,0.004525657743215561,0.0059070688439533114,1.5599091947078705,6.456178963184357,1.5599091947078705,6.456178963184357,4,4
444,443,0,-0.001959817484021187,131072,0,256,0.0,0.0,0.0,0.6078022718429565,0.6078022718429565,0.01946510188281536,0.008281569927930832,0.056579284369945526,0.1043238639831543,0.0030746310076210648,0.002853746060281992,0.0032955159549601376,0.5679945917800069,2.4715834874659777,0.5679945917800069,2.4715834874659777,4,4
444,443,1,-0.001959817484021187,131072,0,256,0.0,0.0,0.0,1.3520193099975586,1.3520193099975586,0.019341446459293365,0.007347392849624157,0.10352809727191925,0.07667791843414307,0.0030746310076210648,0.002853746060281992,0.0032955159549601376,0.5679945917800069,2.4715834874659777,0.5679945917800069,2.4715834874659777,4,4
445,444,0,-0.02170081064105034,131072,0,0,0.0,0.0,0.0,14.337088584899902,14.337088584899902,0.04177919402718544,0.0835251659154892,0.45220643281936646,0.27462685108184814,0.0023230472579598427,0.0023288135416805744,0.002317280974239111,0.8319119289517403,18.515718936920166,0.8319119289517403,18.515718936920166,4,4
445,444,1,-0.02170081064105034,131072,0,0,0.0,0.0,0.0,7.363649845123291,7.363649845123291,0.03831108659505844,0.08339498192071915,0.4547103941440582,0.2766151428222656,0.0023230472579598427,0.0023288135416805744,0.002317280974239111,0.8319119289517403,18.515718936920166,0.8319119289517403,18.515718936920166,4,4
446,445,0,-0.02823377214372158,131072,0,0,0.0,0.0,0.00396728515625,17.343402862548828,17.30837059020996,0.04149244725704193,0.08256608992815018,1.232732892036438,0.2853587865829468,0.0018091001693392172,0.0018795075884554535,0.001738692750222981,0.6893911063671112,4.348228737711906,0.6893911063671112,4.348228737711906,4,4
446,445,1,-0.02823377214372158,131072,0,0,0.0,0.0,0.00115966796875,10.932388305664062,10.925376892089844,0.03775954991579056,0.07875286787748337,1.2321760654449463,0.28530728816986084,0.0018091001693392172,0.0018795075884554535,0.001738692750222981,0.6893911063671112,4.348228737711906,0.6893911063671112,4.348228737711906,4,4
447,446,0,-0.04925035685300827,131072,0,0,0.0,0.0,0.018707275390625,26.72663116455078,26.555763244628906,0.022629301995038986,0.06654384732246399,0.9499768018722534,0.2828470468521118,0.002155404115910642,0.0021740725787822157,0.002136735653039068,0.7744267135858536,8.691396564245224,0.7744267135858536,8.691396564245224,4,4
447,446,1,-0.04925035685300827,131072,0,0,0.0,0.0,0.026611328125,22.985095977783203,22.694549560546875,0.022081436589360237,0.06720303744077682,1.0071861743927002,0.25552546977996826,0.002155404115910642,0.0021740725787822157,0.002136735653039068,0.7744267135858536,8.691396564245224,0.7744267135858536,8.691396564245224,4,4
448,447,0,-0.02633807808160782,131072,0,0,0.0,0.0,0.00559234619140625,12.12686824798584,11.940067291259766,0.01741192862391472,0.037730127573013306,0.5457242131233215,0.2489398717880249,0.0024453682417515665,0.0023873356985859573,0.0025034007849171758,0.5371986087411642,5.554932534694672,0.5371986087411642,5.554932534694672,4,4
448,447,1,-0.02633807808160782,131072,0,0,0.0,0.0,0.01419830322265625,14.629837036132812,14.397912979125977,0.01760193333029747,0.03735113888978958,0.6522529125213623,0.18655526638031006,0.0024453682417515665,0.0023873356985859573,0.0025034007849171758,0.5371986087411642,5.554932534694672,0.5371986087411642,5.554932534694672,4,4
449,448,0,-0.01078533660620451,131072,0,0,0.0,0.0,0.0031280517578125,3.3464107513427734,3.2839932441711426,0.01774180307984352,0.01939593255519867,0.23411542177200317,0.14566147327423096,0.006268323981203139,0.004831123515032232,0.007705524447374046,1.131662294268608,3.601060777902603,1.131662294268608,3.601060777902603,4,4
449,448,1,-0.01078533660620451,131072,0,0,0.0,0.0,0.003265380859375,7.537939548492432,7.501370906829834,0.01800319366157055,0.02187802828848362,0.33209851384162903,0.13210809230804443,0.006268323981203139,0.004831123515032232,0.007705524447374046,1.131662294268608,3.601060777902603,1.131662294268608,3.601060777902603,4,4
450,449,0,-0.005928638856858015,131072,0,256,0.0,0.0,0.0,0.8973055481910706,0.8973055481910706,0.017257722094655037,0.009615367278456688,0.09692901372909546,0.1213071346282959,0.0026318321470171213,0.0019470799597911537,0.003316584334243089,1.0214114245027304,3.327019415795803,1.0214114245027304,3.327019415795803,4,4
450,449,1,-0.005928638856858015,131072,0,256,0.0,0.0,0.0,5.031368255615234,5.031368255615234,0.01742406189441681,0.010441570542752743,0.20679683983325958,0.11198794841766357,0.0026318321470171213,0.0019470799597911537,0.003316584334243089,1.0214114245027304,3.327019415795803,1.0214114245027304,3.327019415795803,4,4
451,450,0,-0.014071216806769371,131072,0,0,0.0,0.0,0.0,8.81336498260498,8.81336498260498,0.031575847417116165,0.06403686106204987,0.2508190870285034,0.25301826000213623,0.0019240297988289967,0.0019438386661931872,0.0019042209314648062,0.7055919468402863,15.824648037552834,0.7055919468402863,15.824648037552834,4,4
451,450,1,-0.014071216806769371,131072,0,0,0.0,0.0,0.0,5.257889747619629,5.257889747619629,0.02774941176176071,0.0626055970788002,0.2398861050605774,0.25961971282958984,0.0019240297988289967,0.0019438386661931872,0.0019042209314648062,0.7055919468402863,15.824648037552834,0.7055919468402863,15.824648037552834,4,4
452,451,0,-0.025335829704999924,131072,0,0,0.0,0.0,0.0,17.299114227294922,17.299114227294922,0.04585064947605133,0.08930505812168121,1.1216380596160889,0.2792022228240967,0.0035845358797814697,0.003709215496201068,0.0034598562633618712,1.0013181902468204,7.687852755188942,1.0013181902468204,7.687852755188942,4,4
452,451,1,-0.025335829704999924,131072,0,0,0.0,0.0,0.000244140625,8.037433624267578,8.036710739135742,0.04205428808927536,0.09163638204336166,1.1561216115951538,0.2836099863052368,0.0035845358797814697,0.003709215496201068,0.0034598562633618712,1.0013181902468204,7.687852755188942,1.0013181902468204,7.687852755188942,4,4
453,452,0,-0.04846702143549919,131072,0,0,0.0,0.0,0.0228424072265625,25.123912811279297,24.940406799316406,0.024208929389715195,0.06821233779191971,1.02200448513031,0.24168658256530762,0.0014705626963404939,0.0012681757507380098,0.001672949641942978,0.7659516111016273,3.35642009973526,0.7659516111016273,3.35642009973526,4,4
453,452,1,-0.04846702143549919,131072,0,0,0.0,0.0,0.04404449462890625,24.178390502929688,23.52655792236328,0.024416107684373856,0.06693897396326065,1.138888955116272,0.25222742557525635,0.0014705626963404939,0.0012681757507380098,0.001672949641942978,0.7659516111016273,3.35642009973526,0.7659516111016273,3.35642009973526,4,4
454,453,0,-0.03359974920749664,131072,0,0,0.0,0.0,0.001190185546875,14.212766647338867,14.198402404785156,0.0185388196259737,0.04238789528608322,0.6057793498039246,0.19096839427947998,0.003623297030571848,0.00320659700082615,0.004039997060317546,0.7453621625900269,2.419152170419693,0.7453621625900269,2.419152170419693,4,4
454,453,1,-0.03359974920749664,131072,0,0,0.0,0.0,0.0154266357421875,19.62529754638672,19.401351928710938,0.019081778824329376,0.04460962489247322,0.8188934922218323,0.2644014358520508,0.003623297030571848,0.00320659700082615,0.004039997060317546,0.7453621625900269,2.419152170419693,0.7453621625900269,2.419152170419693,4,4
455,454,0,-0.018126409500837326,131072,0,0,0.0,0.0,0.0012664794921875,5.256947994232178,5.2442097663879395,0.01662745699286461,0.022883735597133636,0.2631967067718506,0.1461559534072876,0.0014157088589854538,0.0011291531845927238,0.0017022645333781838,1.1231188420206308,12.223783731460571,1.1231188420206308,12.223783731460571,4,4
455,454,1,-0.018126409500837326,131072,0,0,0.0,0.0,0.00650787353515625,12.973669052124023,12.882192611694336,0.016947543248534203,0.027407262474298477,0.44896426796913147,0.12429475784301758,0.0014157088589854538,0.0011291531845927238,0.0017022645333781838,1.1231188420206308,12.223783731460571,1.1231188420206308,12.223783731460571,4,4
456,455,0,-0.008004854433238506,131072,0,0,0.0,0.0,0.0,1.1768810749053955,1.1768810749053955,0.01706855185329914,0.009420756250619888,0.10328695923089981,0.08972203731536865,0.036924788262695074,0.035486916080117226,0.03836266044527292,0.0,0.0,5.336967512965202,11.427959859371185,0,1
456,455,1,-0.008004854433238506,131072,0,0,0.0,0.0,0.0,6.827978134155273,6.827978134155273,0.016843222081661224,0.013086732476949692,0.24783280491828918,0.11377489566802979,0.036924788262695074,0.035486916080117226,0.03836266044527292,0.0,0.0,5.336967512965202,11.427959859371185,0,1
