stage,alpha,tag,step,wall_time,value
stage1,0,physical/failure_fraction,1,1791511907.57251,0.0
stage1,0,physical/failure_fraction,2,1791511937.4731412,0.0
stage1,0,physical/failure_fraction,3,1791511965.2778995,0.0
stage1,0,physical/failure_fraction,4,1791511994.5370247,0.0
stage1,0,physical/failure_fraction,5,1791512021.9643595,0.0
stage1,0,physical/failure_fraction,6,1791512049.6845849,0.0
stage1,0,physical/failure_fraction,7,1791512082.2045608,0.0
stage1,0,physical/failure_fraction,8,1791512123.0813184,0.0
stage1,0,physical/failure_fraction,9,1791512150.4807785,0.0
stage1,0,physical/failure_fraction,10,1791512178.1825604,0.0
stage1,0,physical/failure_fraction,11,1791512206.405036,0.0
stage1,0,physical/failure_fraction,12,1791512234.7409708,0.0
stage1,0,physical/failure_fraction,13,1791512262.2978005,0.0
stage1,0,physical/failure_fraction,14,1791512290.5553265,0.0
stage1,0,physical/failure_fraction,15,1791512317.9193912,0.0
stage1,0,physical/failure_fraction,16,1791512346.1065176,0.0
stage1,0,physical/failure_fraction,17,1791512373.8971572,0.0
stage1,0,physical/failure_fraction,18,1791512406.3292937,0.0
stage1,0,physical/failure_fraction,19,1791512438.7680066,0.0
stage1,0,physical/failure_fraction,20,1791512465.7290266,0.0
stage1,0,physical/failure_fraction,21,1791513218.5740623,0.0
stage1,0,physical/failure_fraction,22,1791513245.1938877,0.0
stage1,0,physical/failure_fraction,23,1791513271.9376652,0.0
stage1,0,physical/failure_fraction,24,1791513298.395604,0.0
stage1,0,physical/failure_fraction,25,1791513325.9570067,0.0
stage1,0,physical/failure_fraction,26,1791513352.6378887,0.0
stage1,0,physical/failure_fraction,27,1791513379.801694,0.0
stage1,0,physical/failure_fraction,28,1791513405.9598494,0.0
stage1,0,physical/failure_fraction,29,1791513433.5191193,0.0
stage1,0,physical/failure_fraction,30,1791513460.3214595,0.0
stage1,0,physical/failure_fraction,31,1791513487.740066,0.0
stage1,0,physical/failure_fraction,32,1791513514.4871712,0.0
stage1,0,physical/failure_fraction,33,1791513542.3016737,0.0
stage1,0,physical/failure_fraction,34,1791513569.0548933,0.0
stage1,0,physical/failure_fraction,35,1791513596.8383262,0.0
stage1,0,physical/failure_fraction,36,1791513627.5404308,0.0
stage1,0,physical/failure_fraction,37,1791513654.1618848,0.0
stage1,0,physical/failure_fraction,38,1791513684.334779,0.0
stage1,0,physical/failure_fraction,39,1791513710.7959242,0.0
stage1,0,physical/failure_fraction,40,1791513737.948384,0.0
stage2,0,physical/failure_fraction,41,1791515433.3221388,0.0
stage2,0,physical/failure_fraction,42,1791515460.529997,0.0
stage2,0,physical/failure_fraction,43,1791515487.557315,0.0
stage2,0,physical/failure_fraction,44,1791515515.4403586,0.0
stage2,0,physical/failure_fraction,45,1791515543.5004382,0.0
stage2,0,physical/failure_fraction,46,1791515570.6060553,0.0
stage2,0,physical/failure_fraction,47,1791515598.0003095,0.0
stage2,0,physical/failure_fraction,48,1791515624.3766158,0.0
stage2,0,physical/failure_fraction,49,1791515650.4028723,0.0
stage2,0,physical/failure_fraction,50,1791515676.3284914,0.0
stage2,0,physical/failure_fraction,51,1791515702.1389866,0.0
stage2,0,physical/failure_fraction,52,1791515728.075632,0.0
stage2,0,physical/failure_fraction,53,1791515753.9777343,0.0
stage2,0,physical/failure_fraction,54,1791515780.5096188,0.0
stage2,0,physical/failure_fraction,55,1791515806.8165073,0.0
stage2,0,physical/failure_fraction,56,1791515833.6525598,0.0
stage2,0,physical/failure_fraction,57,1791515860.5668194,0.0
stage2,0,physical/failure_fraction,58,1791515887.0549834,0.0
stage2,0,physical/failure_fraction,59,1791515913.438117,0.0
stage2,0,physical/failure_fraction,60,1791515939.699095,0.0
stage2,0,physical/failure_fraction,61,1791515966.303688,0.0
stage2,0,physical/failure_fraction,62,1791515993.484136,0.0
stage2,0,physical/failure_fraction,63,1791516021.1286614,0.0
stage2,0,physical/failure_fraction,64,1791516047.0916748,0.0
stage2,0,physical/failure_fraction,65,1791516074.3110805,0.0
stage2,0,physical/failure_fraction,66,1791516100.5625713,0.0
stage2,0,physical/failure_fraction,67,1791516128.0333743,0.0
stage2,0,physical/failure_fraction,68,1791516154.3305154,0.0
stage2,0,physical/failure_fraction,69,1791516181.7468495,0.0
stage2,0,physical/failure_fraction,70,1791516207.7508376,0.0
stage2,0,physical/failure_fraction,71,1791516236.4833488,0.0
stage2,0,physical/failure_fraction,72,1791516262.7908473,0.0
stage2,0,physical/failure_fraction,73,1791516290.2476885,0.0
stage2,0,physical/failure_fraction,74,1791516316.53877,0.0
stage2,0,physical/failure_fraction,75,1791516344.723639,0.0
stage2,0,physical/failure_fraction,76,1791516370.9130177,0.0
stage2,0,physical/failure_fraction,77,1791516397.493633,0.0
stage2,0,physical/failure_fraction,78,1791516424.4141147,0.0
stage2,0,physical/failure_fraction,79,1791516450.940616,0.0
stage2,0,physical/failure_fraction,80,1791516478.019176,0.0
stage2,0,physical/failure_fraction,81,1791518405.4707217,0.0
stage2,0,physical/failure_fraction,82,1791518431.8277073,0.0
stage2,0,physical/failure_fraction,83,1791518458.103824,0.0
stage2,0,physical/failure_fraction,84,1791518484.5133288,0.0
stage2,0,physical/failure_fraction,85,1791518511.2056239,0.0
stage2,0,physical/failure_fraction,86,1791518537.9071667,0.0
stage2,0,physical/failure_fraction,87,1791518565.0314136,0.0
stage2,0,physical/failure_fraction,88,1791518592.2877645,0.0
stage2,0,physical/failure_fraction,89,1791518618.6197681,0.0
stage2,0,physical/failure_fraction,90,1791518644.9755874,0.0
stage2,0,physical/failure_fraction,91,1791518671.5755827,0.0
stage2,0,physical/failure_fraction,92,1791518698.3951833,0.0
stage2,0,physical/failure_fraction,93,1791518725.0752652,0.0
stage2,0,physical/failure_fraction,94,1791518751.9686818,0.0
stage2,0,physical/failure_fraction,95,1791518778.1775606,0.0
stage2,0,physical/failure_fraction,96,1791518804.1339908,0.0
stage2,0,physical/failure_fraction,97,1791518830.5008006,0.0
stage2,0,physical/failure_fraction,98,1791518857.0573614,0.0
stage2,0,physical/failure_fraction,99,1791518884.3800123,0.0
stage2,0,physical/failure_fraction,100,1791518910.586125,0.0
stage2,0,physical/failure_fraction,101,1791518937.5819325,0.0
stage2,0,physical/failure_fraction,102,1791518963.682289,0.0
stage2,0,physical/failure_fraction,103,1791518993.1909628,0.0
stage2,0,physical/failure_fraction,104,1791519019.7678363,0.0
stage2,0,physical/failure_fraction,105,1791519047.001454,0.0
stage2,0,physical/failure_fraction,106,1791519073.3113933,0.0
stage2,0,physical/failure_fraction,107,1791519103.1993353,0.0
stage2,0,physical/failure_fraction,108,1791519129.2097838,0.0
stage2,0,physical/failure_fraction,109,1791519156.1449485,0.0
stage2,0,physical/failure_fraction,110,1791519182.48532,0.0
stage2,0,physical/failure_fraction,111,1791519209.6533275,0.0
stage2,0,physical/failure_fraction,112,1791519236.0075283,0.0
stage2,0,physical/failure_fraction,113,1791519262.8253787,0.0
stage2,0,physical/failure_fraction,114,1791519289.0334694,0.0
stage2,0,physical/failure_fraction,115,1791519317.2474906,0.0
stage2,0,physical/failure_fraction,116,1791519344.1628666,0.0
stage2,0,physical/failure_fraction,117,1791519370.590164,0.0
stage2,0,physical/failure_fraction,118,1791519397.3245897,0.0
stage2,0,physical/failure_fraction,119,1791519424.5422137,0.0
stage2,0,physical/failure_fraction,120,1791519453.0528288,0.0
stage1,0,physical/heading_rmse,1,1791511907.572449,0.1446307748556137
stage1,0,physical/heading_rmse,2,1791511937.4730809,0.24229609966278076
stage1,0,physical/heading_rmse,3,1791511965.2778406,0.156765416264534
stage1,0,physical/heading_rmse,4,1791511994.5369644,0.27504628896713257
stage1,0,physical/heading_rmse,5,1791512021.9642978,0.1748342365026474
stage1,0,physical/heading_rmse,6,1791512049.684515,0.3242427706718445
stage1,0,physical/heading_rmse,7,1791512082.2045522,0.18681366741657257
stage1,0,physical/heading_rmse,8,1791512123.0812557,0.35053983330726624
stage1,0,physical/heading_rmse,9,1791512150.4807703,0.2008713334798813
stage1,0,physical/heading_rmse,10,1791512178.1825538,0.3755687475204468
stage1,0,physical/heading_rmse,11,1791512206.4049723,0.22116556763648987
stage1,0,physical/heading_rmse,12,1791512234.740913,0.40591078996658325
stage1,0,physical/heading_rmse,13,1791512262.2977405,0.23394775390625
stage1,0,physical/heading_rmse,14,1791512290.5552611,0.42141181230545044
stage1,0,physical/heading_rmse,15,1791512317.91933,0.2513781189918518
stage1,0,physical/heading_rmse,16,1791512346.1064568,0.4415584206581116
stage1,0,physical/heading_rmse,17,1791512373.8970957,0.2657172679901123
stage1,0,physical/heading_rmse,18,1791512406.3292313,0.45634913444519043
stage1,0,physical/heading_rmse,19,1791512438.7679493,0.2973596453666687
stage1,0,physical/heading_rmse,20,1791512465.728962,0.488211989402771
stage1,0,physical/heading_rmse,21,1791513218.57399,0.3204042911529541
stage1,0,physical/heading_rmse,22,1791513245.1938255,0.4975009560585022
stage1,0,physical/heading_rmse,23,1791513271.9376054,0.34713199734687805
stage1,0,physical/heading_rmse,24,1791513298.395539,0.5107184648513794
stage1,0,physical/heading_rmse,25,1791513325.956967,0.3729643225669861
stage1,0,physical/heading_rmse,26,1791513352.6378493,0.5067051649093628
stage1,0,physical/heading_rmse,27,1791513379.8016484,0.4115706980228424
stage1,0,physical/heading_rmse,28,1791513405.959802,0.5077069401741028
stage1,0,physical/heading_rmse,29,1791513433.5190845,0.44734737277030945
stage1,0,physical/heading_rmse,30,1791513460.3214219,0.4945885241031647
stage1,0,physical/heading_rmse,31,1791513487.7400274,0.4924602210521698
stage1,0,physical/heading_rmse,32,1791513514.4871316,0.47956329584121704
stage1,0,physical/heading_rmse,33,1791513542.301616,0.5185234546661377
stage1,0,physical/heading_rmse,34,1791513569.054774,0.4411868453025818
stage1,0,physical/heading_rmse,35,1791513596.8382945,0.5656353235244751
stage1,0,physical/heading_rmse,36,1791513627.5403929,0.4097239673137665
stage1,0,physical/heading_rmse,37,1791513654.1618476,0.6164003014564514
stage1,0,physical/heading_rmse,38,1791513684.3347461,0.3625223934650421
stage1,0,physical/heading_rmse,39,1791513710.7958891,0.6398121118545532
stage1,0,physical/heading_rmse,40,1791513737.9483492,0.29083317518234253
stage2,0,physical/heading_rmse,41,1791515433.3220782,0.10987678170204163
stage2,0,physical/heading_rmse,42,1791515460.529895,0.3474217653274536
stage2,0,physical/heading_rmse,43,1791515487.5571654,0.5354336500167847
stage2,0,physical/heading_rmse,44,1791515515.440297,0.6736597418785095
stage2,0,physical/heading_rmse,45,1791515543.5004027,0.6588124632835388
stage2,0,physical/heading_rmse,46,1791515570.6059835,0.6800103783607483
stage2,0,physical/heading_rmse,47,1791515598.0002463,0.3661862909793854
stage2,0,physical/heading_rmse,48,1791515624.3765445,0.30852168798446655
stage2,0,physical/heading_rmse,49,1791515650.402858,0.46401548385620117
stage2,0,physical/heading_rmse,50,1791515676.3284848,0.6257379651069641
stage2,0,physical/heading_rmse,51,1791515702.1389494,0.643306314945221
stage2,0,physical/heading_rmse,52,1791515728.0755973,0.7004863023757935
stage2,0,physical/heading_rmse,53,1791515753.9777,0.5388977527618408
stage2,0,physical/heading_rmse,54,1791515780.509606,0.24822662770748138
stage2,0,physical/heading_rmse,55,1791515806.8163657,0.41120004653930664
stage2,0,physical/heading_rmse,56,1791515833.6524425,0.5878822803497314
stage2,0,physical/heading_rmse,57,1791515860.5667837,0.6346083283424377
stage2,0,physical/heading_rmse,58,1791515887.054977,0.6345931887626648
stage2,0,physical/heading_rmse,59,1791515913.4380825,0.5825462937355042
stage2,0,physical/heading_rmse,60,1791515939.6990647,0.17251767218112946
stage2,0,physical/heading_rmse,61,1791515966.3036542,0.3695048987865448
stage2,0,physical/heading_rmse,62,1791515993.4840112,0.5325156450271606
stage2,0,physical/heading_rmse,63,1791516021.1285393,0.6110252141952515
stage2,0,physical/heading_rmse,64,1791516047.0916665,0.5916491746902466
stage2,0,physical/heading_rmse,65,1791516074.3110456,0.6431871652603149
stage2,0,physical/heading_rmse,66,1791516100.56256,0.11647525429725647
stage2,0,physical/heading_rmse,67,1791516128.0332623,0.34353870153427124
stage2,0,physical/heading_rmse,68,1791516154.3305027,0.4944024085998535
stage2,0,physical/heading_rmse,69,1791516181.746843,0.6318670511245728
stage2,0,physical/heading_rmse,70,1791516207.7507925,0.6779947280883789
stage2,0,physical/heading_rmse,71,1791516236.4833422,0.750769853591919
stage2,0,physical/heading_rmse,72,1791516262.790705,0.40654924511909485
stage2,0,physical/heading_rmse,73,1791516290.2474525,0.2927631437778473
stage2,0,physical/heading_rmse,74,1791516316.538644,0.4103788435459137
stage2,0,physical/heading_rmse,75,1791516344.7235794,0.5449846386909485
stage2,0,physical/heading_rmse,76,1791516370.9130116,0.6097788214683533
stage2,0,physical/heading_rmse,77,1791516397.4935997,0.6946240067481995
stage2,0,physical/heading_rmse,78,1791516424.413957,0.5426438450813293
stage2,0,physical/heading_rmse,79,1791516450.9405794,0.2347392588853836
stage2,0,physical/heading_rmse,80,1791516478.0191605,0.3332149088382721
stage2,0,physical/heading_rmse,81,1791518405.4706616,0.47007477283477783
stage2,0,physical/heading_rmse,82,1791518431.8276422,0.5328633785247803
stage2,0,physical/heading_rmse,83,1791518458.1037633,0.6154607534408569
stage2,0,physical/heading_rmse,84,1791518484.5132687,0.595304548740387
stage2,0,physical/heading_rmse,85,1791518511.205557,0.1820564568042755
stage2,0,physical/heading_rmse,86,1791518537.9070976,0.3501174747943878
stage2,0,physical/heading_rmse,87,1791518565.0313456,0.4574141204357147
stage2,0,physical/heading_rmse,88,1791518592.287692,0.5429619550704956
stage2,0,physical/heading_rmse,89,1791518618.6197076,0.564876139163971
stage2,0,physical/heading_rmse,90,1791518644.9755235,0.6053882837295532
stage2,0,physical/heading_rmse,91,1791518671.5755124,0.12521933019161224
stage2,0,physical/heading_rmse,92,1791518698.3951225,0.33552852272987366
stage2,0,physical/heading_rmse,93,1791518725.0751886,0.4166545271873474
stage2,0,physical/heading_rmse,94,1791518751.9686098,0.5260314345359802
stage2,0,physical/heading_rmse,95,1791518778.1775475,0.6459676027297974
stage2,0,physical/heading_rmse,96,1791518804.1339266,0.7434138655662537
stage2,0,physical/heading_rmse,97,1791518830.5007417,0.40293213725090027
stage2,0,physical/heading_rmse,98,1791518857.057349,0.310950368642807
stage2,0,physical/heading_rmse,99,1791518884.3799765,0.3802643418312073
stage2,0,physical/heading_rmse,100,1791518910.5861177,0.5246701240539551
stage2,0,physical/heading_rmse,101,1791518937.5817842,0.633587658405304
stage2,0,physical/heading_rmse,102,1791518963.6821616,0.7729783058166504
stage2,0,physical/heading_rmse,103,1791518993.1909547,0.6145510077476501
stage2,0,physical/heading_rmse,104,1791519019.7678003,0.31452012062072754
stage2,0,physical/heading_rmse,105,1791519047.0014408,0.4364866316318512
stage2,0,physical/heading_rmse,106,1791519073.3113549,0.5883945822715759
stage2,0,physical/heading_rmse,107,1791519103.199302,0.690194845199585
stage2,0,physical/heading_rmse,108,1791519129.2097769,0.7838442921638489
stage2,0,physical/heading_rmse,109,1791519156.1448314,0.7534199357032776
stage2,0,physical/heading_rmse,110,1791519182.4852831,0.23543760180473328
stage2,0,physical/heading_rmse,111,1791519209.653198,0.4414927661418915
stage2,0,physical/heading_rmse,112,1791519236.007491,0.5531176924705505
stage2,0,physical/heading_rmse,113,1791519262.8253324,0.6464318037033081
stage2,0,physical/heading_rmse,114,1791519289.033435,0.7131267189979553
stage2,0,physical/heading_rmse,115,1791519317.247477,0.7618721127510071
stage2,0,physical/heading_rmse,116,1791519344.162854,0.13054129481315613
stage2,0,physical/heading_rmse,117,1791519370.5901577,0.37166351079940796
stage2,0,physical/heading_rmse,118,1791519397.3245811,0.4131835997104645
stage2,0,physical/heading_rmse,119,1791519424.542207,0.47507715225219727
stage2,0,physical/heading_rmse,120,1791519453.0527868,0.5109191536903381
stage1,0,physical/speed_rmse,1,1791511907.5723836,0.1546735316514969
stage1,0,physical/speed_rmse,2,1791511937.473019,0.224765807390213
stage1,0,physical/speed_rmse,3,1791511965.2777786,0.16780886054039001
stage1,0,physical/speed_rmse,4,1791511994.5369027,0.2464624047279358
stage1,0,physical/speed_rmse,5,1791512021.9642258,0.2075297236442566
stage1,0,physical/speed_rmse,6,1791512049.6844692,0.27155858278274536
stage1,0,physical/speed_rmse,7,1791512082.2044103,0.22000035643577576
stage1,0,physical/speed_rmse,8,1791512123.0811932,0.281551718711853
stage1,0,physical/speed_rmse,9,1791512150.4806535,0.24506348371505737
stage1,0,physical/speed_rmse,10,1791512178.1825461,0.29934537410736084
stage1,0,physical/speed_rmse,11,1791512206.4049127,0.26268941164016724
stage1,0,physical/speed_rmse,12,1791512234.740855,0.30724865198135376
stage1,0,physical/speed_rmse,13,1791512262.2976813,0.2689724862575531
stage1,0,physical/speed_rmse,14,1791512290.5552022,0.3068445026874542
stage1,0,physical/speed_rmse,15,1791512317.919266,0.29221251606941223
stage1,0,physical/speed_rmse,16,1791512346.106396,0.31521522998809814
stage1,0,physical/speed_rmse,17,1791512373.8970594,0.31514546275138855
stage1,0,physical/speed_rmse,18,1791512406.329169,0.32318052649497986
stage1,0,physical/speed_rmse,19,1791512438.7678912,0.34994563460350037
stage1,0,physical/speed_rmse,20,1791512465.7288187,0.335581511259079
stage1,0,physical/speed_rmse,21,1791513218.5739152,0.3704635798931122
stage1,0,physical/speed_rmse,22,1791513245.193762,0.3333616256713867
stage1,0,physical/speed_rmse,23,1791513271.937539,0.41110631823539734
stage1,0,physical/speed_rmse,24,1791513298.3954782,0.3405482769012451
stage1,0,physical/speed_rmse,25,1791513325.956928,0.44062694907188416
stage1,0,physical/speed_rmse,26,1791513352.6378102,0.3305732011795044
stage1,0,physical/speed_rmse,27,1791513379.8016024,0.48063427209854126
stage1,0,physical/speed_rmse,28,1791513405.9597545,0.32723769545555115
stage1,0,physical/speed_rmse,29,1791513433.51905,0.5153277516365051
stage1,0,physical/speed_rmse,30,1791513460.3213847,0.3170853555202484
stage1,0,physical/speed_rmse,31,1791513487.7399888,0.5491282343864441
stage1,0,physical/speed_rmse,32,1791513514.4870918,0.30514654517173767
stage1,0,physical/speed_rmse,33,1791513542.3014824,0.5661691427230835
stage1,0,physical/speed_rmse,34,1791513569.0546896,0.2871915400028229
stage1,0,physical/speed_rmse,35,1791513596.8382869,0.5855594873428345
stage1,0,physical/speed_rmse,36,1791513627.5403545,0.27516284584999084
stage1,0,physical/speed_rmse,37,1791513654.1618104,0.6036287546157837
stage1,0,physical/speed_rmse,38,1791513684.3347127,0.2641051709651947
stage1,0,physical/speed_rmse,39,1791513710.7958543,0.609676718711853
stage1,0,physical/speed_rmse,40,1791513737.9483144,0.25931844115257263
stage2,0,physical/speed_rmse,41,1791515433.3220158,0.18616679310798645
stage2,0,physical/speed_rmse,42,1791515460.5297325,0.40259823203086853
stage2,0,physical/speed_rmse,43,1791515487.5571592,0.21099378168582916
stage2,0,physical/speed_rmse,44,1791515515.4402308,0.11280284076929092
stage2,0,physical/speed_rmse,45,1791515543.5003903,0.03126634284853935
stage2,0,physical/speed_rmse,46,1791515570.60589,0.030485974624753
stage2,0,physical/speed_rmse,47,1791515598.0001874,0.07912573963403702
stage2,0,physical/speed_rmse,48,1791515624.376392,0.40283164381980896
stage2,0,physical/speed_rmse,49,1791515650.4027112,0.22335973381996155
stage2,0,physical/speed_rmse,50,1791515676.328479,0.13715951144695282
stage2,0,physical/speed_rmse,51,1791515702.1387968,0.03839503601193428
stage2,0,physical/speed_rmse,52,1791515728.0755608,0.03301025554537773
stage2,0,physical/speed_rmse,53,1791515753.9776666,0.0394212082028389
stage2,0,physical/speed_rmse,54,1791515780.5093915,0.33455511927604675
stage2,0,physical/speed_rmse,55,1791515806.8163536,0.2640213668346405
stage2,0,physical/speed_rmse,56,1791515833.6524136,0.16754068434238434
stage2,0,physical/speed_rmse,57,1791515860.5667481,0.05561898276209831
stage2,0,physical/speed_rmse,58,1791515887.0549712,0.033413201570510864
stage2,0,physical/speed_rmse,59,1791515913.4380767,0.032046832144260406
stage2,0,physical/speed_rmse,60,1791515939.6990566,0.254900187253952
stage2,0,physical/speed_rmse,61,1791515966.3036218,0.3114681541919708
stage2,0,physical/speed_rmse,62,1791515993.4840045,0.1871848851442337
stage2,0,physical/speed_rmse,63,1791516021.1284552,0.06624431163072586
stage2,0,physical/speed_rmse,64,1791516047.091523,0.03131895512342453
stage2,0,physical/speed_rmse,65,1791516074.3109994,0.0312030129134655
stage2,0,physical/speed_rmse,66,1791516100.5625477,0.1531268060207367
stage2,0,physical/speed_rmse,67,1791516128.0332336,0.33162984251976013
stage2,0,physical/speed_rmse,68,1791516154.3303823,0.1861100047826767
stage2,0,physical/speed_rmse,69,1791516181.7468364,0.07817866653203964
stage2,0,physical/speed_rmse,70,1791516207.7507806,0.03093801625072956
stage2,0,physical/speed_rmse,71,1791516236.4833357,0.029582679271697998
stage2,0,physical/speed_rmse,72,1791516262.790699,0.07145038992166519
stage2,0,physical/speed_rmse,73,1791516290.2472649,0.32974791526794434
stage2,0,physical/speed_rmse,74,1791516316.538636,0.1987823098897934
stage2,0,physical/speed_rmse,75,1791516344.723479,0.11534309387207031
stage2,0,physical/speed_rmse,76,1791516370.913005,0.03819883614778519
stage2,0,physical/speed_rmse,77,1791516397.4935637,0.03114433027803898
stage2,0,physical/speed_rmse,78,1791516424.4139495,0.035589057952165604
stage2,0,physical/speed_rmse,79,1791516450.9405468,0.2766483724117279
stage2,0,physical/speed_rmse,80,1791516478.0190446,0.20303788781166077
stage2,0,physical/speed_rmse,81,1791518405.4705086,0.1365058869123459
stage2,0,physical/speed_rmse,82,1791518431.8275747,0.03773556649684906
stage2,0,physical/speed_rmse,83,1791518458.1037023,0.033581580966711044
stage2,0,physical/speed_rmse,84,1791518484.513209,0.03241266310214996
stage2,0,physical/speed_rmse,85,1791518511.205521,0.2127271145582199
stage2,0,physical/speed_rmse,86,1791518537.9070153,0.25761476159095764
stage2,0,physical/speed_rmse,87,1791518565.0311677,0.13867691159248352
stage2,0,physical/speed_rmse,88,1791518592.2876024,0.0540926493704319
stage2,0,physical/speed_rmse,89,1791518618.6196473,0.029512977227568626
stage2,0,physical/speed_rmse,90,1791518644.9754643,0.028901301324367523
stage2,0,physical/speed_rmse,91,1791518671.575451,0.1316392421722412
stage2,0,physical/speed_rmse,92,1791518698.3950613,0.2772257328033447
stage2,0,physical/speed_rmse,93,1791518725.075176,0.14960230886936188
stage2,0,physical/speed_rmse,94,1791518751.9684644,0.07311483472585678
stage2,0,physical/speed_rmse,95,1791518778.1774294,0.03298681974411011
stage2,0,physical/speed_rmse,96,1791518804.1338174,0.030656099319458008
stage2,0,physical/speed_rmse,97,1791518830.500683,0.06421124190092087
stage2,0,physical/speed_rmse,98,1791518857.0572422,0.2791937589645386
stage2,0,physical/speed_rmse,99,1791518884.379932,0.1627223789691925
stage2,0,physical/speed_rmse,100,1791518910.586105,0.0833013579249382
stage2,0,physical/speed_rmse,101,1791518937.5817778,0.032298050820827484
stage2,0,physical/speed_rmse,102,1791518963.6820066,0.029587334021925926
stage2,0,physical/speed_rmse,103,1791518993.1909423,0.036957040429115295
stage2,0,physical/speed_rmse,104,1791519019.767765,0.2750607132911682
stage2,0,physical/speed_rmse,105,1791519047.0013177,0.1906592845916748
stage2,0,physical/speed_rmse,106,1791519073.3113163,0.11073806136846542
stage2,0,physical/speed_rmse,107,1791519103.1992683,0.03500037640333176
stage2,0,physical/speed_rmse,108,1791519129.2097707,0.031451962888240814
stage2,0,physical/speed_rmse,109,1791519156.1448193,0.03133218735456467
stage2,0,physical/speed_rmse,110,1791519182.4852448,0.20350098609924316
stage2,0,physical/speed_rmse,111,1791519209.6531858,0.2381276786327362
stage2,0,physical/speed_rmse,112,1791519236.007454,0.13781215250492096
stage2,0,physical/speed_rmse,113,1791519262.8253202,0.042606767266988754
stage2,0,physical/speed_rmse,114,1791519289.0334005,0.030713222920894623
stage2,0,physical/speed_rmse,115,1791519317.2473223,0.028761588037014008
stage2,0,physical/speed_rmse,116,1791519344.1626108,0.12240567803382874
stage2,0,physical/speed_rmse,117,1791519370.590152,0.2667545974254608
stage2,0,physical/speed_rmse,118,1791519397.324427,0.13883759081363678
stage2,0,physical/speed_rmse,119,1791519424.5422008,0.0680130273103714
stage2,0,physical/speed_rmse,120,1791519453.0527492,0.03247890993952751
stage1,0,physical/steer_rmse,1,1791511907.5724177,0.03684309124946594
stage1,0,physical/steer_rmse,2,1791511937.4730504,0.0205205287784338
stage1,0,physical/steer_rmse,3,1791511965.277811,0.03748806193470955
stage1,0,physical/steer_rmse,4,1791511994.536934,0.020978260785341263
stage1,0,physical/steer_rmse,5,1791512021.9642665,0.03766626864671707
stage1,0,physical/steer_rmse,6,1791512049.684477,0.020304197445511818
stage1,0,physical/steer_rmse,7,1791512082.204544,0.03791085630655289
stage1,0,physical/steer_rmse,8,1791512123.0812254,0.020492637529969215
stage1,0,physical/steer_rmse,9,1791512150.4807625,0.03799552097916603
stage1,0,physical/steer_rmse,10,1791512178.1825504,0.020653938874602318
stage1,0,physical/steer_rmse,11,1791512206.404943,0.038598060607910156
stage1,0,physical/steer_rmse,12,1791512234.7408848,0.020491043105721474
stage1,0,physical/steer_rmse,13,1791512262.2977116,0.03816335275769234
stage1,0,physical/steer_rmse,14,1791512290.555232,0.02133571170270443
stage1,0,physical/steer_rmse,15,1791512317.9192984,0.03742220997810364
stage1,0,physical/steer_rmse,16,1791512346.1064272,0.020733993500471115
stage1,0,physical/steer_rmse,17,1791512373.8970623,0.036973290145397186
stage1,0,physical/steer_rmse,18,1791512406.3292012,0.02083095908164978
stage1,0,physical/steer_rmse,19,1791512438.7679212,0.03734053671360016
stage1,0,physical/steer_rmse,20,1791512465.7289257,0.021465817466378212
stage1,0,physical/steer_rmse,21,1791513218.5739548,0.03725632652640343
stage1,0,physical/steer_rmse,22,1791513245.193794,0.023033903911709785
stage1,0,physical/steer_rmse,23,1791513271.9375741,0.03601066768169403
stage1,0,physical/steer_rmse,24,1791513298.3955092,0.025640016421675682
stage1,0,physical/steer_rmse,25,1791513325.956948,0.03334267809987068
stage1,0,physical/steer_rmse,26,1791513352.6378298,0.02841777540743351
stage1,0,physical/steer_rmse,27,1791513379.8016255,0.031173693016171455
stage1,0,physical/steer_rmse,28,1791513405.9597788,0.031256817281246185
stage1,0,physical/steer_rmse,29,1791513433.5190673,0.027615049853920937
stage1,0,physical/steer_rmse,30,1791513460.3214018,0.03315133601427078
stage1,0,physical/steer_rmse,31,1791513487.7400084,0.02538370154798031
stage1,0,physical/steer_rmse,32,1791513514.4871123,0.0331057608127594
stage1,0,physical/steer_rmse,33,1791513542.3015878,0.02356373518705368
stage1,0,physical/steer_rmse,34,1791513569.0546925,0.03334731608629227
stage1,0,physical/steer_rmse,35,1791513596.8382912,0.023466499522328377
stage1,0,physical/steer_rmse,36,1791513627.5403745,0.034141723066568375
stage1,0,physical/steer_rmse,37,1791513654.1618292,0.022246284410357475
stage1,0,physical/steer_rmse,38,1791513684.33473,0.03383202105760574
stage1,0,physical/steer_rmse,39,1791513710.7958724,0.021177828311920166
stage1,0,physical/steer_rmse,40,1791513737.9483318,0.03401637822389603
stage2,0,physical/steer_rmse,41,1791515433.3220477,0.035765837877988815
stage2,0,physical/steer_rmse,42,1791515460.5297408,0.04553291201591492
stage2,0,physical/steer_rmse,43,1791515487.5571623,0.04120020940899849
stage2,0,physical/steer_rmse,44,1791515515.4402654,0.03279845044016838
stage2,0,physical/steer_rmse,45,1791515543.5003986,0.02794935368001461
stage2,0,physical/steer_rmse,46,1791515570.6058981,0.021458212286233902
stage2,0,physical/steer_rmse,47,1791515598.0002172,0.02940843626856804
stage2,0,physical/steer_rmse,48,1791515624.376509,0.04701817035675049
stage2,0,physical/steer_rmse,49,1791515650.402719,0.04040909186005592
stage2,0,physical/steer_rmse,50,1791515676.3284822,0.036082591861486435
stage2,0,physical/steer_rmse,51,1791515702.1389275,0.03033345751464367
stage2,0,physical/steer_rmse,52,1791515728.0755806,0.02440386638045311
stage2,0,physical/steer_rmse,53,1791515753.9776838,0.020993180572986603
stage2,0,physical/steer_rmse,54,1791515780.50942,0.04245699197053909
stage2,0,physical/steer_rmse,55,1791515806.8163617,0.04148919880390167
stage2,0,physical/steer_rmse,56,1791515833.6524165,0.03721407428383827
stage2,0,physical/steer_rmse,57,1791515860.5667663,0.02791384793817997
stage2,0,physical/steer_rmse,58,1791515887.0549743,0.02455854043364525
stage2,0,physical/steer_rmse,59,1791515913.4380796,0.017858635634183884
stage2,0,physical/steer_rmse,60,1791515939.6990604,0.040122970938682556
stage2,0,physical/steer_rmse,61,1791515966.3036385,0.04262769594788551
stage2,0,physical/steer_rmse,62,1791515993.484008,0.03827372565865517
stage2,0,physical/steer_rmse,63,1791516021.1284587,0.027007438242435455
stage2,0,physical/steer_rmse,64,1791516047.0916579,0.026512110605835915
stage2,0,physical/steer_rmse,65,1791516074.311029,0.022012872621417046
stage2,0,physical/steer_rmse,66,1791516100.5625556,0.035954415798187256
stage2,0,physical/steer_rmse,67,1791516128.0332367,0.04393428564071655
stage2,0,physical/steer_rmse,68,1791516154.3304098,0.03991973027586937
stage2,0,physical/steer_rmse,69,1791516181.7468398,0.033271364867687225
stage2,0,physical/steer_rmse,70,1791516207.7507885,0.028387632220983505
stage2,0,physical/steer_rmse,71,1791516236.4833388,0.02166181616485119
stage2,0,physical/steer_rmse,72,1791516262.790702,0.028887679800391197
stage2,0,physical/steer_rmse,73,1791516290.2472677,0.04316549003124237
stage2,0,physical/steer_rmse,74,1791516316.5386412,0.03895106911659241
stage2,0,physical/steer_rmse,75,1791516344.7235456,0.0365358330309391
stage2,0,physical/steer_rmse,76,1791516370.9130085,0.030515318736433983
stage2,0,physical/steer_rmse,77,1791516397.493584,0.025216568261384964
stage2,0,physical/steer_rmse,78,1791516424.4139538,0.022254103794693947
stage2,0,physical/steer_rmse,79,1791516450.9405496,0.041804760694503784
stage2,0,physical/steer_rmse,80,1791516478.0190477,0.040489256381988525
stage2,0,physical/steer_rmse,81,1791518405.4706383,0.03814637288451195
stage2,0,physical/steer_rmse,82,1791518431.8276098,0.030834365636110306
stage2,0,physical/steer_rmse,83,1791518458.103733,0.026583649218082428
stage2,0,physical/steer_rmse,84,1791518484.5132391,0.017644157633185387
stage2,0,physical/steer_rmse,85,1791518511.2055242,0.038387831300497055
stage2,0,physical/steer_rmse,86,1791518537.9070187,0.04158448055386543
stage2,0,physical/steer_rmse,87,1791518565.0312967,0.039010755717754364
stage2,0,physical/steer_rmse,88,1791518592.2876058,0.028673548251390457
stage2,0,physical/steer_rmse,89,1791518618.6196783,0.02495105005800724
stage2,0,physical/steer_rmse,90,1791518644.9754944,0.01914656162261963
stage2,0,physical/steer_rmse,91,1791518671.5754824,0.03535265102982521
stage2,0,physical/steer_rmse,92,1791518698.395092,0.0412968173623085
stage2,0,physical/steer_rmse,93,1791518725.075184,0.03846324607729912
stage2,0,physical/steer_rmse,94,1791518751.9684677,0.036144696176052094
stage2,0,physical/steer_rmse,95,1791518778.1774325,0.03053840436041355
stage2,0,physical/steer_rmse,96,1791518804.1338923,0.02316235564649105
stage2,0,physical/steer_rmse,97,1791518830.5007129,0.03028242103755474
stage2,0,physical/steer_rmse,98,1791518857.0572457,0.04461785778403282
stage2,0,physical/steer_rmse,99,1791518884.3799574,0.0386066809296608
stage2,0,physical/steer_rmse,100,1791518910.586113,0.036564406007528305
stage2,0,physical/steer_rmse,101,1791518937.5817811,0.030307717621326447
stage2,0,physical/steer_rmse,102,1791518963.6821537,0.024535611271858215
stage2,0,physical/steer_rmse,103,1791518993.1909504,0.0228111632168293
stage2,0,physical/steer_rmse,104,1791519019.767783,0.044160425662994385
stage2,0,physical/steer_rmse,105,1791519047.001321,0.0407949797809124
stage2,0,physical/steer_rmse,106,1791519073.3113356,0.0368124395608902
stage2,0,physical/steer_rmse,107,1791519103.1992855,0.028486518189311028
stage2,0,physical/steer_rmse,108,1791519129.209774,0.024278484284877777
stage2,0,physical/steer_rmse,109,1791519156.1448274,0.017770616337656975
stage2,0,physical/steer_rmse,110,1791519182.485264,0.04203477129340172
stage2,0,physical/steer_rmse,111,1791519209.6531937,0.042269155383110046
stage2,0,physical/steer_rmse,112,1791519236.007474,0.03655393794178963
stage2,0,physical/steer_rmse,113,1791519262.825328,0.029312852770090103
stage2,0,physical/steer_rmse,114,1791519289.0334182,0.024642102420330048
stage2,0,physical/steer_rmse,115,1791519317.247331,0.019236383959650993
stage2,0,physical/steer_rmse,116,1791519344.162619,0.03657836839556694
stage2,0,physical/steer_rmse,117,1791519370.5901551,0.041253168135881424
stage2,0,physical/steer_rmse,118,1791519397.324573,0.03775180131196976
stage2,0,physical/steer_rmse,119,1791519424.542204,0.031869709491729736
stage2,0,physical/steer_rmse,120,1791519453.0527685,0.02559240721166134
stage1,0,physical/working_roll_fraction,1,1791511907.5724804,0.14035415649414062
stage1,0,physical/working_roll_fraction,2,1791511937.4731116,0.7447700500488281
stage1,0,physical/working_roll_fraction,3,1791511965.277871,0.17647933959960938
stage1,0,physical/working_roll_fraction,4,1791511994.5369952,0.6861038208007812
stage1,0,physical/working_roll_fraction,5,1791512021.9643302,0.20799636840820312
stage1,0,physical/working_roll_fraction,6,1791512049.684549,0.5827903747558594
stage1,0,physical/working_roll_fraction,7,1791512082.2045567,0.23047637939453125
stage1,0,physical/working_roll_fraction,8,1791512123.081287,0.4579734802246094
stage1,0,physical/working_roll_fraction,9,1791512150.4807749,0.25189971923828125
stage1,0,physical/working_roll_fraction,10,1791512178.182557,0.3186454772949219
stage1,0,physical/working_roll_fraction,11,1791512206.4050026,0.2532310485839844
stage1,0,physical/working_roll_fraction,12,1791512234.7409425,0.20818328857421875
stage1,0,physical/working_roll_fraction,13,1791512262.2977715,0.2473297119140625
stage1,0,physical/working_roll_fraction,14,1791512290.5552917,0.113006591796875
stage1,0,physical/working_roll_fraction,15,1791512317.919361,0.19881820678710938
stage1,0,physical/working_roll_fraction,16,1791512346.1064875,0.06037139892578125
stage1,0,physical/working_roll_fraction,17,1791512373.8971272,0.15757369995117188
stage1,0,physical/working_roll_fraction,18,1791512406.3292632,0.01357269287109375
stage1,0,physical/working_roll_fraction,19,1791512438.7679784,0.11705780029296875
stage1,0,physical/working_roll_fraction,20,1791512465.7289956,0.002231597900390625
stage1,0,physical/working_roll_fraction,21,1791513218.574024,0.07893753051757812
stage1,0,physical/working_roll_fraction,22,1791513245.193858,0.000240325927734375
stage1,0,physical/working_roll_fraction,23,1791513271.9376361,0.05608367919921875
stage1,0,physical/working_roll_fraction,24,1791513298.3955731,0.0
stage1,0,physical/working_roll_fraction,25,1791513325.9569867,0.035888671875
stage1,0,physical/working_roll_fraction,26,1791513352.6378691,0.0
stage1,0,physical/working_roll_fraction,27,1791513379.8016717,0.024486541748046875
stage1,0,physical/working_roll_fraction,28,1791513405.959825,0.0
stage1,0,physical/working_roll_fraction,29,1791513433.519104,0.0162200927734375
stage1,0,physical/working_roll_fraction,30,1791513460.32144,0.0
stage1,0,physical/working_roll_fraction,31,1791513487.7400475,0.009662628173828125
stage1,0,physical/working_roll_fraction,32,1791513514.4871511,0.000102996826171875
stage1,0,physical/working_roll_fraction,33,1791513542.3016455,0.003936767578125
stage1,0,physical/working_roll_fraction,34,1791513569.0548851,0.00032806396484375
stage1,0,physical/working_roll_fraction,35,1791513596.838298,0.00262451171875
stage1,0,physical/working_roll_fraction,36,1791513627.5404124,0.00075531005859375
stage1,0,physical/working_roll_fraction,37,1791513654.1618664,0.000835418701171875
stage1,0,physical/working_roll_fraction,38,1791513684.334763,0.001800537109375
stage1,0,physical/working_roll_fraction,39,1791513710.7959073,0.000705718994140625
stage1,0,physical/working_roll_fraction,40,1791513737.948367,0.001186370849609375
stage2,0,physical/working_roll_fraction,41,1791515433.3221092,0.002429962158203125
stage2,0,physical/working_roll_fraction,42,1791515460.5299037,0.001007080078125
stage2,0,physical/working_roll_fraction,43,1791515487.5572808,0.000213623046875
stage2,0,physical/working_roll_fraction,44,1791515515.4403286,0.0003662109375
stage2,0,physical/working_roll_fraction,45,1791515543.5004063,0.0
stage2,0,physical/working_roll_fraction,46,1791515570.6060216,0.0
stage2,0,physical/working_roll_fraction,47,1791515598.0002792,0.000247955322265625
stage2,0,physical/working_roll_fraction,48,1791515624.376582,0.004482269287109375
stage2,0,physical/working_roll_fraction,49,1791515650.402866,0.000255584716796875
stage2,0,physical/working_roll_fraction,50,1791515676.328488,0.0
stage2,0,physical/working_roll_fraction,51,1791515702.138969,3.0517578125e-05
stage2,0,physical/working_roll_fraction,52,1791515728.0756164,0.000713348388671875
stage2,0,physical/working_roll_fraction,53,1791515753.9777179,0.0
stage2,0,physical/working_roll_fraction,54,1791515780.509614,0.00470733642578125
stage2,0,physical/working_roll_fraction,55,1791515806.8164988,0.00052642822265625
stage2,0,physical/working_roll_fraction,56,1791515833.6525512,0.000640869140625
stage2,0,physical/working_roll_fraction,57,1791515860.566802,0.00061798095703125
stage2,0,physical/working_roll_fraction,58,1791515887.0549803,0.0
stage2,0,physical/working_roll_fraction,59,1791515913.4381003,0.0
stage2,0,physical/working_roll_fraction,60,1791515939.69907,0.00241851806640625
stage2,0,physical/working_roll_fraction,61,1791515966.3036714,0.000164031982421875
stage2,0,physical/working_roll_fraction,62,1791515993.4840147,0.00069427490234375
stage2,0,physical/working_roll_fraction,63,1791516021.128653,0.000705718994140625
stage2,0,physical/working_roll_fraction,64,1791516047.091671,0.0
stage2,0,physical/working_roll_fraction,65,1791516074.3110635,0.0
stage2,0,physical/working_roll_fraction,66,1791516100.5625641,0.001781463623046875
stage2,0,physical/working_roll_fraction,67,1791516128.0333657,0.000827789306640625
stage2,0,physical/working_roll_fraction,68,1791516154.330511,0.00066375732421875
stage2,0,physical/working_roll_fraction,69,1791516181.7468464,0.000179290771484375
stage2,0,physical/working_roll_fraction,70,1791516207.7508194,0.0
stage2,0,physical/working_roll_fraction,71,1791516236.4833455,0.0
stage2,0,physical/working_roll_fraction,72,1791516262.7908385,0.000232696533203125
stage2,0,physical/working_roll_fraction,73,1791516290.247463,0.0014495849609375
stage2,0,physical/working_roll_fraction,74,1791516316.5387616,0.000324249267578125
stage2,0,physical/working_roll_fraction,75,1791516344.7236116,0.0020599365234375
stage2,0,physical/working_roll_fraction,76,1791516370.913015,0.0
stage2,0,physical/working_roll_fraction,77,1791516397.4936168,0.0
stage2,0,physical/working_roll_fraction,78,1791516424.4141064,0.0
stage2,0,physical/working_roll_fraction,79,1791516450.9405985,0.0053253173828125
stage2,0,physical/working_roll_fraction,80,1791516478.0191712,0.00064849853515625
stage2,0,physical/working_roll_fraction,81,1791518405.470693,0.001110076904296875
stage2,0,physical/working_roll_fraction,82,1791518431.8276758,0.0
stage2,0,physical/working_roll_fraction,83,1791518458.103794,0.0
stage2,0,physical/working_roll_fraction,84,1791518484.5132985,0.0
stage2,0,physical/working_roll_fraction,85,1791518511.2055929,0.001544952392578125
stage2,0,physical/working_roll_fraction,86,1791518537.9071343,0.00067138671875
stage2,0,physical/working_roll_fraction,87,1791518565.0313802,0.00209808349609375
stage2,0,physical/working_roll_fraction,88,1791518592.287731,0.00092315673828125
stage2,0,physical/working_roll_fraction,89,1791518618.6197383,0.0
stage2,0,physical/working_roll_fraction,90,1791518644.9755535,0.0
stage2,0,physical/working_roll_fraction,91,1791518671.5755427,0.00244140625
stage2,0,physical/working_roll_fraction,92,1791518698.3951535,0.0028533935546875
stage2,0,physical/working_roll_fraction,93,1791518725.0752292,0.00061798095703125
stage2,0,physical/working_roll_fraction,94,1791518751.9686487,0.000606536865234375
stage2,0,physical/working_roll_fraction,95,1791518778.177556,0.0
stage2,0,physical/working_roll_fraction,96,1791518804.133961,0.0
stage2,0,physical/working_roll_fraction,97,1791518830.5007718,5.7220458984375e-05
stage2,0,physical/working_roll_fraction,98,1791518857.0573568,0.00600433349609375
stage2,0,physical/working_roll_fraction,99,1791518884.3799944,8.392333984375e-05
stage2,0,physical/working_roll_fraction,100,1791518910.5861213,0.000213623046875
stage2,0,physical/working_roll_fraction,101,1791518937.5819237,0.0
stage2,0,physical/working_roll_fraction,102,1791518963.682166,0.0
stage2,0,physical/working_roll_fraction,103,1791518993.1909585,0.0
stage2,0,physical/working_roll_fraction,104,1791519019.7678185,0.00270843505859375
stage2,0,physical/working_roll_fraction,105,1791519047.001449,0.000514984130859375
stage2,0,physical/working_roll_fraction,106,1791519073.3113744,0.0003662109375
stage2,0,physical/working_roll_fraction,107,1791519103.1993191,0.0
stage2,0,physical/working_roll_fraction,108,1791519129.2097805,0.0
stage2,0,physical/working_roll_fraction,109,1791519156.1448352,0.0
stage2,0,physical/working_roll_fraction,110,1791519182.485302,0.004329681396484375
stage2,0,physical/working_roll_fraction,111,1791519209.6533182,0.001094818115234375
stage2,0,physical/working_roll_fraction,112,1791519236.0075104,0.000537872314453125
stage2,0,physical/working_roll_fraction,113,1791519262.8253596,0.00042724609375
stage2,0,physical/working_roll_fraction,114,1791519289.0334525,0.0
stage2,0,physical/working_roll_fraction,115,1791519317.2474856,0.0
stage2,0,physical/working_roll_fraction,116,1791519344.1628618,0.000606536865234375
stage2,0,physical/working_roll_fraction,117,1791519370.5901608,0.002460479736328125
stage2,0,physical/working_roll_fraction,118,1791519397.324586,0.002223968505859375
stage2,0,physical/working_roll_fraction,119,1791519424.5422103,0.001220703125
stage2,0,physical/working_roll_fraction,120,1791519453.05281,0.0
stage1,0,ppo/accepted_epochs,1,1791511907.5719151,4.0
stage1,0,ppo/accepted_epochs,2,1791511937.4721634,4.0
stage1,0,ppo/accepted_epochs,3,1791511965.277133,4.0
stage1,0,ppo/accepted_epochs,4,1791511994.5363038,4.0
stage1,0,ppo/accepted_epochs,5,1791512021.9634478,4.0
stage1,0,ppo/accepted_epochs,6,1791512049.6839175,4.0
stage1,0,ppo/accepted_epochs,7,1791512082.2039068,4.0
stage1,0,ppo/accepted_epochs,8,1791512123.0808744,4.0
stage1,0,ppo/accepted_epochs,9,1791512150.480244,4.0
stage1,0,ppo/accepted_epochs,10,1791512178.1817777,4.0
stage1,0,ppo/accepted_epochs,11,1791512206.4045045,4.0
stage1,0,ppo/accepted_epochs,12,1791512234.7402508,4.0
stage1,0,ppo/accepted_epochs,13,1791512262.2972977,4.0
stage1,0,ppo/accepted_epochs,14,1791512290.5547485,4.0
stage1,0,ppo/accepted_epochs,15,1791512317.9187474,4.0
stage1,0,ppo/accepted_epochs,16,1791512346.1060789,4.0
stage1,0,ppo/accepted_epochs,17,1791512373.8967555,4.0
stage1,0,ppo/accepted_epochs,18,1791512406.3283522,4.0
stage1,0,ppo/accepted_epochs,19,1791512438.7674913,4.0
stage1,0,ppo/accepted_epochs,20,1791512465.7281196,4.0
stage1,0,ppo/accepted_epochs,21,1791513218.5734348,4.0
stage1,0,ppo/accepted_epochs,22,1791513245.1930358,4.0
stage1,0,ppo/accepted_epochs,23,1791513271.937001,4.0
stage1,0,ppo/accepted_epochs,24,1791513298.39488,4.0
stage1,0,ppo/accepted_epochs,25,1791513325.9566152,4.0
stage1,0,ppo/accepted_epochs,26,1791513352.637544,4.0
stage1,0,ppo/accepted_epochs,27,1791513379.8013086,4.0
stage1,0,ppo/accepted_epochs,28,1791513405.9594395,4.0
stage1,0,ppo/accepted_epochs,29,1791513433.518538,4.0
stage1,0,ppo/accepted_epochs,30,1791513460.3211622,4.0
stage1,0,ppo/accepted_epochs,31,1791513487.739729,4.0
stage1,0,ppo/accepted_epochs,32,1791513514.4868248,4.0
stage1,0,ppo/accepted_epochs,33,1791513542.3010995,4.0
stage1,0,ppo/accepted_epochs,34,1791513569.0542617,4.0
stage1,0,ppo/accepted_epochs,35,1791513596.8378925,4.0
stage1,0,ppo/accepted_epochs,36,1791513627.540103,4.0
stage1,0,ppo/accepted_epochs,37,1791513654.1615477,4.0
stage1,0,ppo/accepted_epochs,38,1791513684.334448,4.0
stage1,0,ppo/accepted_epochs,39,1791513710.7957356,4.0
stage1,0,ppo/accepted_epochs,40,1791513737.9480944,4.0
stage2,0,ppo/accepted_epochs,41,1791515433.3213031,4.0
stage2,0,ppo/accepted_epochs,42,1791515460.5293002,4.0
stage2,0,ppo/accepted_epochs,43,1791515487.5568666,4.0
stage2,0,ppo/accepted_epochs,44,1791515515.4396145,4.0
stage2,0,ppo/accepted_epochs,45,1791515543.499819,4.0
stage2,0,ppo/accepted_epochs,46,1791515570.6054409,4.0
stage2,0,ppo/accepted_epochs,47,1791515597.9998147,4.0
stage2,0,ppo/accepted_epochs,48,1791515624.3761737,4.0
stage2,0,ppo/accepted_epochs,49,1791515650.4019682,4.0
stage2,0,ppo/accepted_epochs,50,1791515676.328215,4.0
stage2,0,ppo/accepted_epochs,51,1791515702.1381922,4.0
stage2,0,ppo/accepted_epochs,52,1791515728.075419,4.0
stage2,0,ppo/accepted_epochs,53,1791515753.9774404,4.0
stage2,0,ppo/accepted_epochs,54,1791515780.508937,4.0
stage2,0,ppo/accepted_epochs,55,1791515806.8158598,4.0
stage2,0,ppo/accepted_epochs,56,1791515833.6522317,4.0
stage2,0,ppo/accepted_epochs,57,1791515860.5664005,4.0
stage2,0,ppo/accepted_epochs,58,1791515887.0547807,4.0
stage2,0,ppo/accepted_epochs,59,1791515913.4378831,4.0
stage2,0,ppo/accepted_epochs,60,1791515939.6988308,4.0
stage2,0,ppo/accepted_epochs,61,1791515966.303325,4.0
stage2,0,ppo/accepted_epochs,62,1791515993.483778,4.0
stage2,0,ppo/accepted_epochs,63,1791516021.128121,4.0
stage2,0,ppo/accepted_epochs,64,1791516047.0912216,4.0
stage2,0,ppo/accepted_epochs,65,1791516074.3105252,4.0
stage2,0,ppo/accepted_epochs,66,1791516100.5621803,4.0
stage2,0,ppo/accepted_epochs,67,1791516128.033034,4.0
stage2,0,ppo/accepted_epochs,68,1791516154.3298826,4.0
stage2,0,ppo/accepted_epochs,69,1791516181.7466578,4.0
stage2,0,ppo/accepted_epochs,70,1791516207.7503245,4.0
stage2,0,ppo/accepted_epochs,71,1791516236.4828422,4.0
stage2,0,ppo/accepted_epochs,72,1791516262.7904918,4.0
stage2,0,ppo/accepted_epochs,73,1791516290.246735,4.0
stage2,0,ppo/accepted_epochs,74,1791516316.5383391,4.0
stage2,0,ppo/accepted_epochs,75,1791516344.7232804,4.0
stage2,0,ppo/accepted_epochs,76,1791516370.9124258,4.0
stage2,0,ppo/accepted_epochs,77,1791516397.4933372,4.0
stage2,0,ppo/accepted_epochs,78,1791516424.4135954,4.0
stage2,0,ppo/accepted_epochs,79,1791516450.940335,4.0
stage2,0,ppo/accepted_epochs,80,1791516478.018602,4.0
stage2,0,ppo/accepted_epochs,81,1791518405.3931215,4.0
stage2,0,ppo/accepted_epochs,82,1791518431.8272212,4.0
stage2,0,ppo/accepted_epochs,83,1791518458.1032825,4.0
stage2,0,ppo/accepted_epochs,84,1791518484.5127313,4.0
stage2,0,ppo/accepted_epochs,85,1791518511.2049456,4.0
stage2,0,ppo/accepted_epochs,86,1791518537.9063315,4.0
stage2,0,ppo/accepted_epochs,87,1791518565.0305583,4.0
stage2,0,ppo/accepted_epochs,88,1791518592.2872055,4.0
stage2,0,ppo/accepted_epochs,89,1791518618.619236,4.0
stage2,0,ppo/accepted_epochs,90,1791518644.9750772,4.0
stage2,0,ppo/accepted_epochs,91,1791518671.5751123,4.0
stage2,0,ppo/accepted_epochs,92,1791518698.3943598,4.0
stage2,0,ppo/accepted_epochs,93,1791518725.0745838,4.0
stage2,0,ppo/accepted_epochs,94,1791518751.9682047,4.0
stage2,0,ppo/accepted_epochs,95,1791518778.1770122,4.0
stage2,0,ppo/accepted_epochs,96,1791518804.133283,4.0
stage2,0,ppo/accepted_epochs,97,1791518830.500321,4.0
stage2,0,ppo/accepted_epochs,98,1791518857.0569465,4.0
stage2,0,ppo/accepted_epochs,99,1791518884.379774,4.0
stage2,0,ppo/accepted_epochs,100,1791518910.5856614,4.0
stage2,0,ppo/accepted_epochs,101,1791518937.58155,4.0
stage2,0,ppo/accepted_epochs,102,1791518963.681822,4.0
stage2,0,ppo/accepted_epochs,103,1791518993.1903305,4.0
stage2,0,ppo/accepted_epochs,104,1791519019.767537,4.0
stage2,0,ppo/accepted_epochs,105,1791519047.0010474,4.0
stage2,0,ppo/accepted_epochs,106,1791519073.3110592,4.0
stage2,0,ppo/accepted_epochs,107,1791519103.1990469,4.0
stage2,0,ppo/accepted_epochs,108,1791519129.2093503,4.0
stage2,0,ppo/accepted_epochs,109,1791519156.1442044,4.0
stage2,0,ppo/accepted_epochs,110,1791519182.484993,4.0
stage2,0,ppo/accepted_epochs,111,1791519209.6527255,4.0
stage2,0,ppo/accepted_epochs,112,1791519236.007227,4.0
stage2,0,ppo/accepted_epochs,113,1791519262.8249068,1.0
stage2,0,ppo/accepted_epochs,114,1791519289.0332036,4.0
stage2,0,ppo/accepted_epochs,115,1791519317.2469056,4.0
stage2,0,ppo/accepted_epochs,116,1791519344.162182,4.0
stage2,0,ppo/accepted_epochs,117,1791519370.589982,4.0
stage2,0,ppo/accepted_epochs,118,1791519397.32407,4.0
stage2,0,ppo/accepted_epochs,119,1791519424.5420184,4.0
stage2,0,ppo/accepted_epochs,120,1791519453.0524948,4.0
stage1,0,ppo/accepted_minibatches,1,1791511907.5722682,16.0
stage1,0,ppo/accepted_minibatches,2,1791511937.472344,16.0
stage1,0,ppo/accepted_minibatches,3,1791511965.2772853,16.0
stage1,0,ppo/accepted_minibatches,4,1791511994.5364397,16.0
stage1,0,ppo/accepted_minibatches,5,1791512021.9637265,16.0
stage1,0,ppo/accepted_minibatches,6,1791512049.6842926,16.0
stage1,0,ppo/accepted_minibatches,7,1791512082.2039142,16.0
stage1,0,ppo/accepted_minibatches,8,1791512123.0808828,16.0
stage1,0,ppo/accepted_minibatches,9,1791512150.4803703,16.0
stage1,0,ppo/accepted_minibatches,10,1791512178.1817863,16.0
stage1,0,ppo/accepted_minibatches,11,1791512206.4046326,16.0
stage1,0,ppo/accepted_minibatches,12,1791512234.740259,16.0
stage1,0,ppo/accepted_minibatches,13,1791512262.2973638,16.0
stage1,0,ppo/accepted_minibatches,14,1791512290.5548823,16.0
stage1,0,ppo/accepted_minibatches,15,1791512317.918947,16.0
stage1,0,ppo/accepted_minibatches,16,1791512346.1060922,16.0
stage1,0,ppo/accepted_minibatches,17,1791512373.8967643,16.0
stage1,0,ppo/accepted_minibatches,18,1791512406.328506,16.0
stage1,0,ppo/accepted_minibatches,19,1791512438.767622,16.0
stage1,0,ppo/accepted_minibatches,20,1791512465.7281268,16.0
stage1,0,ppo/accepted_minibatches,21,1791513218.5737774,16.0
stage1,0,ppo/accepted_minibatches,22,1791513245.193043,16.0
stage1,0,ppo/accepted_minibatches,23,1791513271.937138,16.0
stage1,0,ppo/accepted_minibatches,24,1791513298.3948877,16.0
stage1,0,ppo/accepted_minibatches,25,1791513325.9567084,16.0
stage1,0,ppo/accepted_minibatches,26,1791513352.6375973,16.0
stage1,0,ppo/accepted_minibatches,27,1791513379.8013175,16.0
stage1,0,ppo/accepted_minibatches,28,1791513405.95949,16.0
stage1,0,ppo/accepted_minibatches,29,1791513433.51868,16.0
stage1,0,ppo/accepted_minibatches,30,1791513460.3212883,16.0
stage1,0,ppo/accepted_minibatches,31,1791513487.739778,16.0
stage1,0,ppo/accepted_minibatches,32,1791513514.4868712,16.0
stage1,0,ppo/accepted_minibatches,33,1791513542.3013084,16.0
stage1,0,ppo/accepted_minibatches,34,1791513569.0544112,16.0
stage1,0,ppo/accepted_minibatches,35,1791513596.8379014,16.0
stage1,0,ppo/accepted_minibatches,36,1791513627.540146,16.0
stage1,0,ppo/accepted_minibatches,37,1791513654.1615994,16.0
stage1,0,ppo/accepted_minibatches,38,1791513684.334501,16.0
stage1,0,ppo/accepted_minibatches,39,1791513710.795743,16.0
stage1,0,ppo/accepted_minibatches,40,1791513737.9481301,16.0
stage2,0,ppo/accepted_minibatches,41,1791515433.3214476,16.0
stage2,0,ppo/accepted_minibatches,42,1791515460.529307,16.0
stage2,0,ppo/accepted_minibatches,43,1791515487.5568755,16.0
stage2,0,ppo/accepted_minibatches,44,1791515515.4399035,16.0
stage2,0,ppo/accepted_minibatches,45,1791515543.499989,16.0
stage2,0,ppo/accepted_minibatches,46,1791515570.6054478,16.0
stage2,0,ppo/accepted_minibatches,47,1791515597.999879,16.0
stage2,0,ppo/accepted_minibatches,48,1791515624.3761873,16.0
stage2,0,ppo/accepted_minibatches,49,1791515650.4019752,16.0
stage2,0,ppo/accepted_minibatches,50,1791515676.3282223,16.0
stage2,0,ppo/accepted_minibatches,51,1791515702.1381993,16.0
stage2,0,ppo/accepted_minibatches,52,1791515728.0754266,16.0
stage2,0,ppo/accepted_minibatches,53,1791515753.977482,16.0
stage2,0,ppo/accepted_minibatches,54,1791515780.508946,16.0
stage2,0,ppo/accepted_minibatches,55,1791515806.815867,16.0
stage2,0,ppo/accepted_minibatches,56,1791515833.652239,16.0
stage2,0,ppo/accepted_minibatches,57,1791515860.566408,16.0
stage2,0,ppo/accepted_minibatches,58,1791515887.054788,16.0
stage2,0,ppo/accepted_minibatches,59,1791515913.4378905,16.0
stage2,0,ppo/accepted_minibatches,60,1791515939.6988378,16.0
stage2,0,ppo/accepted_minibatches,61,1791515966.3033779,16.0
stage2,0,ppo/accepted_minibatches,62,1791515993.4837916,16.0
stage2,0,ppo/accepted_minibatches,63,1791516021.1281283,16.0
stage2,0,ppo/accepted_minibatches,64,1791516047.0912285,16.0
stage2,0,ppo/accepted_minibatches,65,1791516074.3105388,16.0
stage2,0,ppo/accepted_minibatches,66,1791516100.5621877,16.0
stage2,0,ppo/accepted_minibatches,67,1791516128.033041,16.0
stage2,0,ppo/accepted_minibatches,68,1791516154.32989,16.0
stage2,0,ppo/accepted_minibatches,69,1791516181.746672,16.0
stage2,0,ppo/accepted_minibatches,70,1791516207.7503383,16.0
stage2,0,ppo/accepted_minibatches,71,1791516236.4828496,16.0
stage2,0,ppo/accepted_minibatches,72,1791516262.7904992,16.0
stage2,0,ppo/accepted_minibatches,73,1791516290.2469113,16.0
stage2,0,ppo/accepted_minibatches,74,1791516316.5383527,16.0
stage2,0,ppo/accepted_minibatches,75,1791516344.723288,16.0
stage2,0,ppo/accepted_minibatches,76,1791516370.9125884,16.0
stage2,0,ppo/accepted_minibatches,77,1791516397.4933836,16.0
stage2,0,ppo/accepted_minibatches,78,1791516424.4136026,16.0
stage2,0,ppo/accepted_minibatches,79,1791516450.9403424,16.0
stage2,0,ppo/accepted_minibatches,80,1791516478.018741,16.0
stage2,0,ppo/accepted_minibatches,81,1791518405.3931365,16.0
stage2,0,ppo/accepted_minibatches,82,1791518431.8272283,16.0
stage2,0,ppo/accepted_minibatches,83,1791518458.1033974,16.0
stage2,0,ppo/accepted_minibatches,84,1791518484.5129404,16.0
stage2,0,ppo/accepted_minibatches,85,1791518511.205147,16.0
stage2,0,ppo/accepted_minibatches,86,1791518537.906339,16.0
stage2,0,ppo/accepted_minibatches,87,1791518565.0307665,16.0
stage2,0,ppo/accepted_minibatches,88,1791518592.2874327,16.0
stage2,0,ppo/accepted_minibatches,89,1791518618.6193626,16.0
stage2,0,ppo/accepted_minibatches,90,1791518644.9752033,16.0
stage2,0,ppo/accepted_minibatches,91,1791518671.575122,16.0
stage2,0,ppo/accepted_minibatches,92,1791518698.3945253,16.0
stage2,0,ppo/accepted_minibatches,93,1791518725.0747597,16.0
stage2,0,ppo/accepted_minibatches,94,1791518751.9682117,16.0
stage2,0,ppo/accepted_minibatches,95,1791518778.1771495,16.0
stage2,0,ppo/accepted_minibatches,96,1791518804.1334522,16.0
stage2,0,ppo/accepted_minibatches,97,1791518830.5003622,16.0
stage2,0,ppo/accepted_minibatches,98,1791518857.0569603,16.0
stage2,0,ppo/accepted_minibatches,99,1791518884.3797836,16.0
stage2,0,ppo/accepted_minibatches,100,1791518910.5859363,16.0
stage2,0,ppo/accepted_minibatches,101,1791518937.5815587,16.0
stage2,0,ppo/accepted_minibatches,102,1791518963.681829,16.0
stage2,0,ppo/accepted_minibatches,103,1791518993.1903381,16.0
stage2,0,ppo/accepted_minibatches,104,1791519019.767577,16.0
stage2,0,ppo/accepted_minibatches,105,1791519047.0010548,16.0
stage2,0,ppo/accepted_minibatches,106,1791519073.3111086,16.0
stage2,0,ppo/accepted_minibatches,107,1791519103.1991835,16.0
stage2,0,ppo/accepted_minibatches,108,1791519129.2093644,16.0
stage2,0,ppo/accepted_minibatches,109,1791519156.1442184,16.0
stage2,0,ppo/accepted_minibatches,110,1791519182.4850373,16.0
stage2,0,ppo/accepted_minibatches,111,1791519209.6527324,16.0
stage2,0,ppo/accepted_minibatches,112,1791519236.0072343,16.0
stage2,0,ppo/accepted_minibatches,113,1791519262.825133,4.0
stage2,0,ppo/accepted_minibatches,114,1791519289.0332263,16.0
stage2,0,ppo/accepted_minibatches,115,1791519317.2471433,16.0
stage2,0,ppo/accepted_minibatches,116,1791519344.162418,16.0
stage2,0,ppo/accepted_minibatches,117,1791519370.589989,16.0
stage2,0,ppo/accepted_minibatches,118,1791519397.3240776,16.0
stage2,0,ppo/accepted_minibatches,119,1791519424.5420256,16.0
stage2,0,ppo/accepted_minibatches,120,1791519453.0525365,16.0
stage1,0,ppo/actor_grad_norm,1,1791511907.5715961,0.47024425864219666
stage1,0,ppo/actor_grad_norm,2,1791511937.4719179,0.9359936714172363
stage1,0,ppo/actor_grad_norm,3,1791511965.276699,0.5536612272262573
stage1,0,ppo/actor_grad_norm,4,1791511994.5359206,0.9303631782531738
stage1,0,ppo/actor_grad_norm,5,1791512021.9631028,0.538913905620575
stage1,0,ppo/actor_grad_norm,6,1791512049.6836002,0.8699195384979248
stage1,0,ppo/actor_grad_norm,7,1791512082.196984,0.626263439655304
stage1,0,ppo/actor_grad_norm,8,1791512123.0804367,1.3529186248779297
stage1,0,ppo/actor_grad_norm,9,1791512150.4799123,1.0077844858169556
stage1,0,ppo/actor_grad_norm,10,1791512178.181326,0.9907222986221313
stage1,0,ppo/actor_grad_norm,11,1791512206.4042182,1.0921589136123657
stage1,0,ppo/actor_grad_norm,12,1791512234.7398844,1.1080288887023926
stage1,0,ppo/actor_grad_norm,13,1791512262.2969978,1.316739797592163
stage1,0,ppo/actor_grad_norm,14,1791512290.5544236,0.7728638648986816
stage1,0,ppo/actor_grad_norm,15,1791512317.9184213,1.3488948345184326
stage1,0,ppo/actor_grad_norm,16,1791512346.1055887,0.5760849714279175
stage1,0,ppo/actor_grad_norm,17,1791512373.8963487,1.414254903793335
stage1,0,ppo/actor_grad_norm,18,1791512406.3280456,1.7346628904342651
stage1,0,ppo/actor_grad_norm,19,1791512438.7672203,1.6176605224609375
stage1,0,ppo/actor_grad_norm,20,1791512465.727854,0.6257014870643616
stage1,0,ppo/actor_grad_norm,21,1791513218.5728452,1.1817487478256226
stage1,0,ppo/actor_grad_norm,22,1791513245.192672,0.6519830822944641
stage1,0,ppo/actor_grad_norm,23,1791513271.9366584,1.4370466470718384
stage1,0,ppo/actor_grad_norm,24,1791513298.3944814,0.7451491951942444
stage1,0,ppo/actor_grad_norm,25,1791513325.9562857,1.6577810049057007
stage1,0,ppo/actor_grad_norm,26,1791513352.6373696,0.7423877716064453
stage1,0,ppo/actor_grad_norm,27,1791513379.8010237,1.8582171201705933
stage1,0,ppo/actor_grad_norm,28,1791513405.959212,0.6031080484390259
stage1,0,ppo/actor_grad_norm,29,1791513433.5182881,1.8726446628570557
stage1,0,ppo/actor_grad_norm,30,1791513460.3207028,0.4747360348701477
stage1,0,ppo/actor_grad_norm,31,1791513487.739559,1.6034361124038696
stage1,0,ppo/actor_grad_norm,32,1791513514.4864693,0.6290974020957947
stage1,0,ppo/actor_grad_norm,33,1791513542.300931,1.497589111328125
stage1,0,ppo/actor_grad_norm,34,1791513569.0539355,0.642084538936615
stage1,0,ppo/actor_grad_norm,35,1791513596.837602,1.3642419576644897
stage1,0,ppo/actor_grad_norm,36,1791513627.5398748,0.6515247225761414
stage1,0,ppo/actor_grad_norm,37,1791513654.1613848,1.562306523323059
stage1,0,ppo/actor_grad_norm,38,1791513684.334112,0.8859626650810242
stage1,0,ppo/actor_grad_norm,39,1791513710.7954934,1.386655330657959
stage1,0,ppo/actor_grad_norm,40,1791513737.9478807,1.0646671056747437
stage2,0,ppo/actor_grad_norm,41,1791515433.3209534,0.6247983574867249
stage2,0,ppo/actor_grad_norm,42,1791515460.5289881,0.8789076209068298
stage2,0,ppo/actor_grad_norm,43,1791515487.5563273,0.5798631310462952
stage2,0,ppo/actor_grad_norm,44,1791515515.4391017,0.7281821966171265
stage2,0,ppo/actor_grad_norm,45,1791515543.4930248,0.4326116740703583
stage2,0,ppo/actor_grad_norm,46,1791515570.6050715,0.6954379677772522
stage2,0,ppo/actor_grad_norm,47,1791515597.9995842,0.5587435364723206
stage2,0,ppo/actor_grad_norm,48,1791515624.3755085,0.888648271560669
stage2,0,ppo/actor_grad_norm,49,1791515650.4016411,0.4946213364601135
stage2,0,ppo/actor_grad_norm,50,1791515676.3279335,0.6721714735031128
stage2,0,ppo/actor_grad_norm,51,1791515702.1379888,0.92139732837677
stage2,0,ppo/actor_grad_norm,52,1791515728.0750544,0.4028349816799164
stage2,0,ppo/actor_grad_norm,53,1791515753.977176,0.6405963897705078
stage2,0,ppo/actor_grad_norm,54,1791515780.508619,1.3870071172714233
stage2,0,ppo/actor_grad_norm,55,1791515806.8155031,0.9296925663948059
stage2,0,ppo/actor_grad_norm,56,1791515833.651926,0.5990945100784302
stage2,0,ppo/actor_grad_norm,57,1791515860.5661087,0.903974711894989
stage2,0,ppo/actor_grad_norm,58,1791515887.0545456,0.4982690215110779
stage2,0,ppo/actor_grad_norm,59,1791515913.4376984,0.6533586978912354
stage2,0,ppo/actor_grad_norm,60,1791515939.698646,0.8754269480705261
stage2,0,ppo/actor_grad_norm,61,1791515966.303047,1.465180516242981
stage2,0,ppo/actor_grad_norm,62,1791515993.4833066,0.7012493014335632
stage2,0,ppo/actor_grad_norm,63,1791516021.1276705,0.8180246949195862
stage2,0,ppo/actor_grad_norm,64,1791516047.0910282,1.095902442932129
stage2,0,ppo/actor_grad_norm,65,1791516074.310076,0.43938538432121277
stage2,0,ppo/actor_grad_norm,66,1791516100.561964,0.512326180934906
stage2,0,ppo/actor_grad_norm,67,1791516128.0328507,0.7729402780532837
stage2,0,ppo/actor_grad_norm,68,1791516154.3296905,0.6864860653877258
stage2,0,ppo/actor_grad_norm,69,1791516181.746225,0.4462544322013855
stage2,0,ppo/actor_grad_norm,70,1791516207.7499812,0.5961123108863831
stage2,0,ppo/actor_grad_norm,71,1791516236.48251,0.8651453852653503
stage2,0,ppo/actor_grad_norm,72,1791516262.7903044,0.4210047423839569
stage2,0,ppo/actor_grad_norm,73,1791516290.2465706,1.4240942001342773
stage2,0,ppo/actor_grad_norm,74,1791516316.537791,1.4373496770858765
stage2,0,ppo/actor_grad_norm,75,1791516344.7230887,0.5244609713554382
stage2,0,ppo/actor_grad_norm,76,1791516370.9121528,0.607005774974823
stage2,0,ppo/actor_grad_norm,77,1791516397.4931312,0.4607722759246826
stage2,0,ppo/actor_grad_norm,78,1791516424.413366,0.7126432657241821
stage2,0,ppo/actor_grad_norm,79,1791516450.940138,0.7781200408935547
stage2,0,ppo/actor_grad_norm,80,1791516478.0183818,0.8611321449279785
stage2,0,ppo/actor_grad_norm,81,1791518405.392558,0.8785701394081116
stage2,0,ppo/actor_grad_norm,82,1791518431.8269331,0.4456072747707367
stage2,0,ppo/actor_grad_norm,83,1791518458.102915,0.457969069480896
stage2,0,ppo/actor_grad_norm,84,1791518484.512262,0.5851365923881531
stage2,0,ppo/actor_grad_norm,85,1791518511.2046013,1.5841728448867798
stage2,0,ppo/actor_grad_norm,86,1791518537.90604,1.5896097421646118
stage2,0,ppo/actor_grad_norm,87,1791518565.0302892,0.5226730704307556
stage2,0,ppo/actor_grad_norm,88,1791518592.286906,0.4479975700378418
stage2,0,ppo/actor_grad_norm,89,1791518618.6189914,0.9495353102684021
stage2,0,ppo/actor_grad_norm,90,1791518644.9748485,0.5196753740310669
stage2,0,ppo/actor_grad_norm,91,1791518671.5747771,0.7195061445236206
stage2,0,ppo/actor_grad_norm,92,1791518698.3940277,0.856208860874176
stage2,0,ppo/actor_grad_norm,93,1791518725.074305,0.6038089394569397
stage2,0,ppo/actor_grad_norm,94,1791518751.967864,0.6927288174629211
stage2,0,ppo/actor_grad_norm,95,1791518778.1766894,0.4452209174633026
stage2,0,ppo/actor_grad_norm,96,1791518804.1330588,0.533370316028595
stage2,0,ppo/actor_grad_norm,97,1791518830.4999726,0.5661219358444214
stage2,0,ppo/actor_grad_norm,98,1791518857.0565968,1.0880606174468994
stage2,0,ppo/actor_grad_norm,99,1791518884.3794913,1.418179988861084
stage2,0,ppo/actor_grad_norm,100,1791518910.585457,0.5212312340736389
stage2,0,ppo/actor_grad_norm,101,1791518937.5810785,0.7984238862991333
stage2,0,ppo/actor_grad_norm,102,1791518963.6815188,1.0210351943969727
stage2,0,ppo/actor_grad_norm,103,1791518993.1900482,0.7172849178314209
stage2,0,ppo/actor_grad_norm,104,1791519019.7673805,1.0228434801101685
stage2,0,ppo/actor_grad_norm,105,1791519047.000851,1.3208112716674805
stage2,0,ppo/actor_grad_norm,106,1791519073.310889,0.6681702733039856
stage2,0,ppo/actor_grad_norm,107,1791519103.1986322,0.9148116707801819
stage2,0,ppo/actor_grad_norm,108,1791519129.2089553,1.0460379123687744
stage2,0,ppo/actor_grad_norm,109,1791519156.1438396,0.5606203675270081
stage2,0,ppo/actor_grad_norm,110,1791519182.4848318,0.9405978918075562
stage2,0,ppo/actor_grad_norm,111,1791519209.6524212,0.841135561466217
stage2,0,ppo/actor_grad_norm,112,1791519236.0070405,0.7679804563522339
stage2,0,ppo/actor_grad_norm,113,1791519262.824707,1.7509136199951172
stage2,0,ppo/actor_grad_norm,114,1791519289.0330298,1.5908862352371216
stage2,0,ppo/actor_grad_norm,115,1791519317.2467244,1.0442448854446411
stage2,0,ppo/actor_grad_norm,116,1791519344.1620078,0.9965859651565552
stage2,0,ppo/actor_grad_norm,117,1791519370.589684,1.4865938425064087
stage2,0,ppo/actor_grad_norm,118,1791519397.32377,0.75173020362854
stage2,0,ppo/actor_grad_norm,119,1791519424.5417333,1.8602161407470703
stage2,0,ppo/actor_grad_norm,120,1791519453.0523143,2.1184449195861816
stage1,0,ppo/actor_grad_norm_preclip,1,1791511907.57161,0.47024425864219666
stage1,0,ppo/actor_grad_norm_preclip,2,1791511937.471932,0.9359936714172363
stage1,0,ppo/actor_grad_norm_preclip,3,1791511965.276713,0.5536612272262573
stage1,0,ppo/actor_grad_norm_preclip,4,1791511994.5359514,0.9303631782531738
stage1,0,ppo/actor_grad_norm_preclip,5,1791512021.9631162,0.538913905620575
stage1,0,ppo/actor_grad_norm_preclip,6,1791512049.683633,0.8699195384979248
stage1,0,ppo/actor_grad_norm_preclip,7,1791512082.1969981,0.626263439655304
stage1,0,ppo/actor_grad_norm_preclip,8,1791512123.0804503,1.3529186248779297
stage1,0,ppo/actor_grad_norm_preclip,9,1791512150.479926,1.0077844858169556
stage1,0,ppo/actor_grad_norm_preclip,10,1791512178.1813395,0.9907222986221313
stage1,0,ppo/actor_grad_norm_preclip,11,1791512206.4042318,1.0921589136123657
stage1,0,ppo/actor_grad_norm_preclip,12,1791512234.7398982,1.1080288887023926
stage1,0,ppo/actor_grad_norm_preclip,13,1791512262.2970119,1.316739797592163
stage1,0,ppo/actor_grad_norm_preclip,14,1791512290.5544367,0.7728638648986816
stage1,0,ppo/actor_grad_norm_preclip,15,1791512317.9184346,1.3488948345184326
stage1,0,ppo/actor_grad_norm_preclip,16,1791512346.1056025,0.5760849714279175
stage1,0,ppo/actor_grad_norm_preclip,17,1791512373.8963645,1.414254903793335
stage1,0,ppo/actor_grad_norm_preclip,18,1791512406.328059,1.7346628904342651
stage1,0,ppo/actor_grad_norm_preclip,19,1791512438.7672338,1.6176605224609375
stage1,0,ppo/actor_grad_norm_preclip,20,1791512465.7278674,0.6257014870643616
stage1,0,ppo/actor_grad_norm_preclip,21,1791513218.572859,1.1817487478256226
stage1,0,ppo/actor_grad_norm_preclip,22,1791513245.1926863,0.6519830822944641
stage1,0,ppo/actor_grad_norm_preclip,23,1791513271.9366953,1.4370466470718384
stage1,0,ppo/actor_grad_norm_preclip,24,1791513298.3944952,0.7451491951942444
stage1,0,ppo/actor_grad_norm_preclip,25,1791513325.9563203,1.6577810049057007
stage1,0,ppo/actor_grad_norm_preclip,26,1791513352.637384,0.7423877716064453
stage1,0,ppo/actor_grad_norm_preclip,27,1791513379.801038,1.8582171201705933
stage1,0,ppo/actor_grad_norm_preclip,28,1791513405.9592257,0.6031080484390259
stage1,0,ppo/actor_grad_norm_preclip,29,1791513433.5183015,1.8726446628570557
stage1,0,ppo/actor_grad_norm_preclip,30,1791513460.3207204,0.4747360348701477
stage1,0,ppo/actor_grad_norm_preclip,31,1791513487.7395766,1.6034361124038696
stage1,0,ppo/actor_grad_norm_preclip,32,1791513514.486483,0.6290974020957947
stage1,0,ppo/actor_grad_norm_preclip,33,1791513542.3009446,1.497589111328125
stage1,0,ppo/actor_grad_norm_preclip,34,1791513569.0539489,0.642084538936615
stage1,0,ppo/actor_grad_norm_preclip,35,1791513596.837616,1.3642419576644897
stage1,0,ppo/actor_grad_norm_preclip,36,1791513627.5398889,0.6515247225761414
stage1,0,ppo/actor_grad_norm_preclip,37,1791513654.161398,1.562306523323059
stage1,0,ppo/actor_grad_norm_preclip,38,1791513684.3341253,0.8859626650810242
stage1,0,ppo/actor_grad_norm_preclip,39,1791513710.795507,1.386655330657959
stage1,0,ppo/actor_grad_norm_preclip,40,1791513737.9478948,1.0646671056747437
stage2,0,ppo/actor_grad_norm_preclip,41,1791515433.3209682,0.6247983574867249
stage2,0,ppo/actor_grad_norm_preclip,42,1791515460.5290022,0.8789076209068298
stage2,0,ppo/actor_grad_norm_preclip,43,1791515487.5563414,0.5798631310462952
stage2,0,ppo/actor_grad_norm_preclip,44,1791515515.4391155,0.7281821966171265
stage2,0,ppo/actor_grad_norm_preclip,45,1791515543.493039,0.4326116740703583
stage2,0,ppo/actor_grad_norm_preclip,46,1791515570.6050856,0.6954379677772522
stage2,0,ppo/actor_grad_norm_preclip,47,1791515597.9995983,0.5587435364723206
stage2,0,ppo/actor_grad_norm_preclip,48,1791515624.3755221,0.888648271560669
stage2,0,ppo/actor_grad_norm_preclip,49,1791515650.4016552,0.4946213364601135
stage2,0,ppo/actor_grad_norm_preclip,50,1791515676.3279514,0.6721714735031128
stage2,0,ppo/actor_grad_norm_preclip,51,1791515702.1380026,0.92139732837677
stage2,0,ppo/actor_grad_norm_preclip,52,1791515728.0750737,0.4028349816799164
stage2,0,ppo/actor_grad_norm_preclip,53,1791515753.9771898,0.6405963897705078
stage2,0,ppo/actor_grad_norm_preclip,54,1791515780.5086331,1.3870071172714233
stage2,0,ppo/actor_grad_norm_preclip,55,1791515806.8155234,0.9296925663948059
stage2,0,ppo/actor_grad_norm_preclip,56,1791515833.6519403,0.5990945100784302
stage2,0,ppo/actor_grad_norm_preclip,57,1791515860.5661252,0.903974711894989
stage2,0,ppo/actor_grad_norm_preclip,58,1791515887.0545595,0.4982690215110779
stage2,0,ppo/actor_grad_norm_preclip,59,1791515913.437713,0.6533586978912354
stage2,0,ppo/actor_grad_norm_preclip,60,1791515939.6986604,0.8754269480705261
stage2,0,ppo/actor_grad_norm_preclip,61,1791515966.3030722,1.465180516242981
stage2,0,ppo/actor_grad_norm_preclip,62,1791515993.4833424,0.7012493014335632
stage2,0,ppo/actor_grad_norm_preclip,63,1791516021.1276844,0.8180246949195862
stage2,0,ppo/actor_grad_norm_preclip,64,1791516047.091042,1.095902442932129
stage2,0,ppo/actor_grad_norm_preclip,65,1791516074.3100965,0.43938538432121277
stage2,0,ppo/actor_grad_norm_preclip,66,1791516100.5619888,0.512326180934906
stage2,0,ppo/actor_grad_norm_preclip,67,1791516128.0328658,0.7729402780532837
stage2,0,ppo/actor_grad_norm_preclip,68,1791516154.3297043,0.6864860653877258
stage2,0,ppo/actor_grad_norm_preclip,69,1791516181.746239,0.4462544322013855
stage2,0,ppo/actor_grad_norm_preclip,70,1791516207.7500007,0.5961123108863831
stage2,0,ppo/actor_grad_norm_preclip,71,1791516236.482534,0.8651453852653503
stage2,0,ppo/actor_grad_norm_preclip,72,1791516262.7903192,0.4210047423839569
stage2,0,ppo/actor_grad_norm_preclip,73,1791516290.2465847,1.4240942001342773
stage2,0,ppo/actor_grad_norm_preclip,74,1791516316.5378048,1.4373496770858765
stage2,0,ppo/actor_grad_norm_preclip,75,1791516344.7231026,0.5244609713554382
stage2,0,ppo/actor_grad_norm_preclip,76,1791516370.9121664,0.607005774974823
stage2,0,ppo/actor_grad_norm_preclip,77,1791516397.493156,0.4607722759246826
stage2,0,ppo/actor_grad_norm_preclip,78,1791516424.4133801,0.7126432657241821
stage2,0,ppo/actor_grad_norm_preclip,79,1791516450.9401517,0.7781200408935547
stage2,0,ppo/actor_grad_norm_preclip,80,1791516478.018413,0.8611321449279785
stage2,0,ppo/actor_grad_norm_preclip,81,1791518405.3925872,0.8785701394081116
stage2,0,ppo/actor_grad_norm_preclip,82,1791518431.826948,0.4456072747707367
stage2,0,ppo/actor_grad_norm_preclip,83,1791518458.1029472,0.457969069480896
stage2,0,ppo/actor_grad_norm_preclip,84,1791518484.5122764,0.5851365923881531
stage2,0,ppo/actor_grad_norm_preclip,85,1791518511.2046375,1.5841728448867798
stage2,0,ppo/actor_grad_norm_preclip,86,1791518537.9060743,1.5896097421646118
stage2,0,ppo/actor_grad_norm_preclip,87,1791518565.030303,0.5226730704307556
stage2,0,ppo/actor_grad_norm_preclip,88,1791518592.2869205,0.4479975700378418
stage2,0,ppo/actor_grad_norm_preclip,89,1791518618.619005,0.9495353102684021
stage2,0,ppo/actor_grad_norm_preclip,90,1791518644.9748623,0.5196753740310669
stage2,0,ppo/actor_grad_norm_preclip,91,1791518671.5747914,0.7195061445236206
stage2,0,ppo/actor_grad_norm_preclip,92,1791518698.3940415,0.856208860874176
stage2,0,ppo/actor_grad_norm_preclip,93,1791518725.0743196,0.6038089394569397
stage2,0,ppo/actor_grad_norm_preclip,94,1791518751.967878,0.6927288174629211
stage2,0,ppo/actor_grad_norm_preclip,95,1791518778.1767032,0.4452209174633026
stage2,0,ppo/actor_grad_norm_preclip,96,1791518804.1330922,0.533370316028595
stage2,0,ppo/actor_grad_norm_preclip,97,1791518830.499987,0.5661219358444214
stage2,0,ppo/actor_grad_norm_preclip,98,1791518857.0566106,1.0880606174468994
stage2,0,ppo/actor_grad_norm_preclip,99,1791518884.3795054,1.418179988861084
stage2,0,ppo/actor_grad_norm_preclip,100,1791518910.5854707,0.5212312340736389
stage2,0,ppo/actor_grad_norm_preclip,101,1791518937.581099,0.7984238862991333
stage2,0,ppo/actor_grad_norm_preclip,102,1791518963.6815326,1.0210351943969727
stage2,0,ppo/actor_grad_norm_preclip,103,1791518993.190063,0.7172849178314209
stage2,0,ppo/actor_grad_norm_preclip,104,1791519019.7674005,1.0228434801101685
stage2,0,ppo/actor_grad_norm_preclip,105,1791519047.0008652,1.3208112716674805
stage2,0,ppo/actor_grad_norm_preclip,106,1791519073.3109033,0.6681702733039856
stage2,0,ppo/actor_grad_norm_preclip,107,1791519103.1986542,0.9148116707801819
stage2,0,ppo/actor_grad_norm_preclip,108,1791519129.2089791,1.0460379123687744
stage2,0,ppo/actor_grad_norm_preclip,109,1791519156.1438537,0.5606203675270081
stage2,0,ppo/actor_grad_norm_preclip,110,1791519182.4848454,0.9405978918075562
stage2,0,ppo/actor_grad_norm_preclip,111,1791519209.6524427,0.841135561466217
stage2,0,ppo/actor_grad_norm_preclip,112,1791519236.007055,0.7679804563522339
stage2,0,ppo/actor_grad_norm_preclip,113,1791519262.8247302,1.7509136199951172
stage2,0,ppo/actor_grad_norm_preclip,114,1791519289.0330443,1.5908862352371216
stage2,0,ppo/actor_grad_norm_preclip,115,1791519317.2467391,1.0442448854446411
stage2,0,ppo/actor_grad_norm_preclip,116,1791519344.1620216,0.9965859651565552
stage2,0,ppo/actor_grad_norm_preclip,117,1791519370.5896976,1.4865938425064087
stage2,0,ppo/actor_grad_norm_preclip,118,1791519397.323784,0.75173020362854
stage2,0,ppo/actor_grad_norm_preclip,119,1791519424.5417478,1.8602161407470703
stage2,0,ppo/actor_grad_norm_preclip,120,1791519453.0523279,2.1184449195861816
stage1,0,ppo/actor_lr,1,1791511907.5722969,9.999999747378752e-05
stage1,0,ppo/actor_lr,2,1791511937.472819,9.999999747378752e-05
stage1,0,ppo/actor_lr,3,1791511965.2775793,9.999999747378752e-05
stage1,0,ppo/actor_lr,4,1791511994.536681,9.999999747378752e-05
stage1,0,ppo/actor_lr,5,1791512021.9637485,9.999999747378752e-05
stage1,0,ppo/actor_lr,6,1791512049.6843202,9.999999747378752e-05
stage1,0,ppo/actor_lr,7,1791512082.20439,9.999999747378752e-05
stage1,0,ppo/actor_lr,8,1791512123.0810227,9.999999747378752e-05
stage1,0,ppo/actor_lr,9,1791512150.4805105,9.999999747378752e-05
stage1,0,ppo/actor_lr,10,1791512178.1821425,9.999999747378752e-05
stage1,0,ppo/actor_lr,11,1791512206.404799,9.999999747378752e-05
stage1,0,ppo/actor_lr,12,1791512234.740687,9.999999747378752e-05
stage1,0,ppo/actor_lr,13,1791512262.2975206,9.999999747378752e-05
stage1,0,ppo/actor_lr,14,1791512290.5550466,9.999999747378752e-05
stage1,0,ppo/actor_lr,15,1791512317.9190955,9.999999747378752e-05
stage1,0,ppo/actor_lr,16,1791512346.10623,9.999999747378752e-05
stage1,0,ppo/actor_lr,17,1791512373.8968987,9.999999747378752e-05
stage1,0,ppo/actor_lr,18,1791512406.328901,9.999999747378752e-05
stage1,0,ppo/actor_lr,19,1791512438.7677627,9.999999747378752e-05
stage1,0,ppo/actor_lr,20,1791512465.728548,9.999999747378752e-05
stage1,0,ppo/actor_lr,21,1791513218.5738058,9.999999747378752e-05
stage1,0,ppo/actor_lr,22,1791513245.1933112,9.999999747378752e-05
stage1,0,ppo/actor_lr,23,1791513271.9373827,9.999999747378752e-05
stage1,0,ppo/actor_lr,24,1791513298.3952537,9.999999747378752e-05
stage1,0,ppo/actor_lr,25,1791513325.9568207,9.999999747378752e-05
stage1,0,ppo/actor_lr,26,1791513352.6377048,9.999999747378752e-05
stage1,0,ppo/actor_lr,27,1791513379.8014748,9.999999747378752e-05
stage1,0,ppo/actor_lr,28,1791513405.9596267,9.999999747378752e-05
stage1,0,ppo/actor_lr,29,1791513433.5188422,9.999999747378752e-05
stage1,0,ppo/actor_lr,30,1791513460.3213196,9.999999747378752e-05
stage1,0,ppo/actor_lr,31,1791513487.7398846,9.999999747378752e-05
stage1,0,ppo/actor_lr,32,1791513514.4869795,9.999999747378752e-05
stage1,0,ppo/actor_lr,33,1791513542.3013291,9.999999747378752e-05
stage1,0,ppo/actor_lr,34,1791513569.0546708,9.999999747378752e-05
stage1,0,ppo/actor_lr,35,1791513596.8381386,9.999999747378752e-05
stage1,0,ppo/actor_lr,36,1791513627.5402508,9.999999747378752e-05
stage1,0,ppo/actor_lr,37,1791513654.1617053,9.999999747378752e-05
stage1,0,ppo/actor_lr,38,1791513684.334625,9.999999747378752e-05
stage1,0,ppo/actor_lr,39,1791513710.7957604,9.999999747378752e-05
stage1,0,ppo/actor_lr,40,1791513737.948223,9.999999747378752e-05
stage2,0,ppo/actor_lr,41,1791515433.3218417,9.999999747378752e-05
stage2,0,ppo/actor_lr,42,1791515460.5295606,9.999999747378752e-05
stage2,0,ppo/actor_lr,43,1791515487.556895,9.999999747378752e-05
stage2,0,ppo/actor_lr,44,1791515515.439931,9.999999747378752e-05
stage2,0,ppo/actor_lr,45,1791515543.5001445,9.999999747378752e-05
stage2,0,ppo/actor_lr,46,1791515570.605581,9.999999747378752e-05
stage2,0,ppo/actor_lr,47,1791515598.0000334,9.999999747378752e-05
stage2,0,ppo/actor_lr,48,1791515624.3762078,9.999999747378752e-05
stage2,0,ppo/actor_lr,49,1791515650.4022796,9.999999747378752e-05
stage2,0,ppo/actor_lr,50,1791515676.328453,9.999999747378752e-05
stage2,0,ppo/actor_lr,51,1791515702.1385152,9.999999747378752e-05
stage2,0,ppo/actor_lr,52,1791515728.07547,9.999999747378752e-05
stage2,0,ppo/actor_lr,53,1791515753.9775782,9.999999747378752e-05
stage2,0,ppo/actor_lr,54,1791515780.5092304,9.999999747378752e-05
stage2,0,ppo/actor_lr,55,1791515806.8160625,9.999999747378752e-05
stage2,0,ppo/actor_lr,56,1791515833.6523874,9.999999747378752e-05
stage2,0,ppo/actor_lr,57,1791515860.5666487,9.999999747378752e-05
stage2,0,ppo/actor_lr,58,1791515887.0548322,9.999999747378752e-05
stage2,0,ppo/actor_lr,59,1791515913.4380572,9.999999747378752e-05
stage2,0,ppo/actor_lr,60,1791515939.699031,9.999999747378752e-05
stage2,0,ppo/actor_lr,61,1791515966.3035119,9.999999747378752e-05
stage2,0,ppo/actor_lr,62,1791515993.4838119,9.999999747378752e-05
stage2,0,ppo/actor_lr,63,1791516021.1281466,9.999999747378752e-05
stage2,0,ppo/actor_lr,64,1791516047.091504,9.999999747378752e-05
stage2,0,ppo/actor_lr,65,1791516074.3108304,9.999999747378752e-05
stage2,0,ppo/actor_lr,66,1791516100.5624144,9.999999747378752e-05
stage2,0,ppo/actor_lr,67,1791516128.0332146,9.999999747378752e-05
stage2,0,ppo/actor_lr,68,1791516154.3301988,9.999999747378752e-05
stage2,0,ppo/actor_lr,69,1791516181.746692,9.999999747378752e-05
stage2,0,ppo/actor_lr,70,1791516207.7505136,9.999999747378752e-05
stage2,0,ppo/actor_lr,71,1791516236.483034,9.999999747378752e-05
stage2,0,ppo/actor_lr,72,1791516262.790679,9.999999747378752e-05
stage2,0,ppo/actor_lr,73,1791516290.2472453,9.999999747378752e-05
stage2,0,ppo/actor_lr,74,1791516316.5386164,9.999999747378752e-05
stage2,0,ppo/actor_lr,75,1791516344.7234607,9.999999747378752e-05
stage2,0,ppo/actor_lr,76,1791516370.912768,9.999999747378752e-05
stage2,0,ppo/actor_lr,77,1791516397.4934733,9.999999747378752e-05
stage2,0,ppo/actor_lr,78,1791516424.4137795,9.999999747378752e-05
stage2,0,ppo/actor_lr,79,1791516450.940528,9.999999747378752e-05
stage2,0,ppo/actor_lr,80,1791516478.0190191,9.999999747378752e-05
stage2,0,ppo/actor_lr,81,1791518405.470297,9.999999747378752e-05
stage2,0,ppo/actor_lr,82,1791518431.8273013,9.999999747378752e-05
stage2,0,ppo/actor_lr,83,1791518458.1035385,9.999999747378752e-05
stage2,0,ppo/actor_lr,84,1791518484.5130427,9.999999747378752e-05
stage2,0,ppo/actor_lr,85,1791518511.2055,9.999999747378752e-05
stage2,0,ppo/actor_lr,86,1791518537.9066663,9.999999747378752e-05
stage2,0,ppo/actor_lr,87,1791518565.0311413,9.999999747378752e-05
stage2,0,ppo/actor_lr,88,1791518592.28746,9.999999747378752e-05
stage2,0,ppo/actor_lr,89,1791518618.6195073,9.999999747378752e-05
stage2,0,ppo/actor_lr,90,1791518644.9753091,9.999999747378752e-05
stage2,0,ppo/actor_lr,91,1791518671.5752919,9.999999747378752e-05
stage2,0,ppo/actor_lr,92,1791518698.394812,9.999999747378752e-05
stage2,0,ppo/actor_lr,93,1791518725.0749364,9.999999747378752e-05
stage2,0,ppo/actor_lr,94,1791518751.9684448,9.999999747378752e-05
stage2,0,ppo/actor_lr,95,1791518778.177411,9.999999747378752e-05
stage2,0,ppo/actor_lr,96,1791518804.1337986,9.999999747378752e-05
stage2,0,ppo/actor_lr,97,1791518830.5005205,9.999999747378752e-05
stage2,0,ppo/actor_lr,98,1791518857.0570996,9.999999747378752e-05
stage2,0,ppo/actor_lr,99,1791518884.3799107,9.999999747378752e-05
stage2,0,ppo/actor_lr,100,1791518910.585963,9.999999747378752e-05
stage2,0,ppo/actor_lr,101,1791518937.5815816,9.999999747378752e-05
stage2,0,ppo/actor_lr,102,1791518963.68198,9.999999747378752e-05
stage2,0,ppo/actor_lr,103,1791518993.1905398,9.999999747378752e-05
stage2,0,ppo/actor_lr,104,1791519019.7676718,9.999999747378752e-05
stage2,0,ppo/actor_lr,105,1791519047.0012987,9.999999747378752e-05
stage2,0,ppo/actor_lr,106,1791519073.3112128,9.999999747378752e-05
stage2,0,ppo/actor_lr,107,1791519103.1992056,9.999999747378752e-05
stage2,0,ppo/actor_lr,108,1791519129.209742,9.999999747378752e-05
stage2,0,ppo/actor_lr,109,1791519156.1445315,9.999999747378752e-05
stage2,0,ppo/actor_lr,110,1791519182.4851422,9.999999747378752e-05
stage2,0,ppo/actor_lr,111,1791519209.6528842,9.999999747378752e-05
stage2,0,ppo/actor_lr,112,1791519236.0073586,9.999999747378752e-05
stage2,0,ppo/actor_lr,113,1791519262.8251603,9.999999747378752e-05
stage2,0,ppo/actor_lr,114,1791519289.0333626,9.999999747378752e-05
stage2,0,ppo/actor_lr,115,1791519317.2471716,9.999999747378752e-05
stage2,0,ppo/actor_lr,116,1791519344.1624458,9.999999747378752e-05
stage2,0,ppo/actor_lr,117,1791519370.5901263,9.999999747378752e-05
stage2,0,ppo/actor_lr,118,1791519397.3242428,9.999999747378752e-05
stage2,0,ppo/actor_lr,119,1791519424.5421736,9.999999747378752e-05
stage2,0,ppo/actor_lr,120,1791519453.052643,9.999999747378752e-05
stage1,0,ppo/attempted_actor_grad_norm,1,1791511907.5717597,0.47024425864219666
stage1,0,ppo/attempted_actor_grad_norm,2,1791511937.472143,0.9359936714172363
stage1,0,ppo/attempted_actor_grad_norm,3,1791511965.276837,0.5536612272262573
stage1,0,ppo/attempted_actor_grad_norm,4,1791511994.536129,0.9303631782531738
stage1,0,ppo/attempted_actor_grad_norm,5,1791512021.9632711,0.538913905620575
stage1,0,ppo/attempted_actor_grad_norm,6,1791512049.6837733,0.8699195384979248
stage1,0,ppo/attempted_actor_grad_norm,7,1791512082.1971214,0.626263439655304
stage1,0,ppo/attempted_actor_grad_norm,8,1791512123.0806026,1.3529186248779297
stage1,0,ppo/attempted_actor_grad_norm,9,1791512150.480054,1.0077844858169556
stage1,0,ppo/attempted_actor_grad_norm,10,1791512178.181495,0.9907222986221313
stage1,0,ppo/attempted_actor_grad_norm,11,1791512206.4043818,1.0921589136123657
stage1,0,ppo/attempted_actor_grad_norm,12,1791512234.7400265,1.1080288887023926
stage1,0,ppo/attempted_actor_grad_norm,13,1791512262.2970955,1.316739797592163
stage1,0,ppo/attempted_actor_grad_norm,14,1791512290.5545926,0.7728638648986816
stage1,0,ppo/attempted_actor_grad_norm,15,1791512317.9185734,1.3488948345184326
stage1,0,ppo/attempted_actor_grad_norm,16,1791512346.1057699,0.5760849714279175
stage1,0,ppo/attempted_actor_grad_norm,17,1791512373.8965201,1.414254903793335
stage1,0,ppo/attempted_actor_grad_norm,18,1791512406.3281987,1.7346628904342651
stage1,0,ppo/attempted_actor_grad_norm,19,1791512438.767472,1.6176605224609375
stage1,0,ppo/attempted_actor_grad_norm,20,1791512465.7280996,0.6257014870643616
stage1,0,ppo/attempted_actor_grad_norm,21,1791513218.5729818,1.1817487478256226
stage1,0,ppo/attempted_actor_grad_norm,22,1791513245.1928105,0.6519830822944641
stage1,0,ppo/attempted_actor_grad_norm,23,1791513271.9368303,1.4370466470718384
stage1,0,ppo/attempted_actor_grad_norm,24,1791513298.3946216,0.7451491951942444
stage1,0,ppo/attempted_actor_grad_norm,25,1791513325.956386,1.6577810049057007
stage1,0,ppo/attempted_actor_grad_norm,26,1791513352.6374364,0.7423877716064453
stage1,0,ppo/attempted_actor_grad_norm,27,1791513379.8011763,1.8582171201705933
stage1,0,ppo/attempted_actor_grad_norm,28,1791513405.9592814,0.6031080484390259
stage1,0,ppo/attempted_actor_grad_norm,29,1791513433.5183516,1.8726446628570557
stage1,0,ppo/attempted_actor_grad_norm,30,1791513460.320871,0.4747360348701477
stage1,0,ppo/attempted_actor_grad_norm,31,1791513487.7396271,1.6034361124038696
stage1,0,ppo/attempted_actor_grad_norm,32,1791513514.4865324,0.6290974020957947
stage1,0,ppo/attempted_actor_grad_norm,33,1791513542.3010798,1.497589111328125
stage1,0,ppo/attempted_actor_grad_norm,34,1791513569.0541067,0.642084538936615
stage1,0,ppo/attempted_actor_grad_norm,35,1791513596.8377562,1.3642419576644897
stage1,0,ppo/attempted_actor_grad_norm,36,1791513627.5399384,0.6515247225761414
stage1,0,ppo/attempted_actor_grad_norm,37,1791513654.1614482,1.562306523323059
stage1,0,ppo/attempted_actor_grad_norm,38,1791513684.334174,0.8859626650810242
stage1,0,ppo/attempted_actor_grad_norm,39,1791513710.7955544,1.386655330657959
stage1,0,ppo/attempted_actor_grad_norm,40,1791513737.9479477,1.0646671056747437
stage2,0,ppo/attempted_actor_grad_norm,41,1791515433.3211231,0.6247983574867249
stage2,0,ppo/attempted_actor_grad_norm,42,1791515460.5292802,0.8789076209068298
stage2,0,ppo/attempted_actor_grad_norm,43,1791515487.5564885,0.5798631310462952
stage2,0,ppo/attempted_actor_grad_norm,44,1791515515.4392548,0.7281821966171265
stage2,0,ppo/attempted_actor_grad_norm,45,1791515543.4931746,0.4326116740703583
stage2,0,ppo/attempted_actor_grad_norm,46,1791515570.6054206,0.6954379677772522
stage2,0,ppo/attempted_actor_grad_norm,47,1791515597.999684,0.5587435364723206
stage2,0,ppo/attempted_actor_grad_norm,48,1791515624.375651,0.888648271560669
stage2,0,ppo/attempted_actor_grad_norm,49,1791515650.401948,0.4946213364601135
stage2,0,ppo/attempted_actor_grad_norm,50,1791515676.3281953,0.6721714735031128
stage2,0,ppo/attempted_actor_grad_norm,51,1791515702.138169,0.92139732837677
stage2,0,ppo/attempted_actor_grad_norm,52,1791515728.0752683,0.4028349816799164
stage2,0,ppo/attempted_actor_grad_norm,53,1791515753.9772367,0.6405963897705078
stage2,0,ppo/attempted_actor_grad_norm,54,1791515780.5087664,1.3870071172714233
stage2,0,ppo/attempted_actor_grad_norm,55,1791515806.8158398,0.9296925663948059
stage2,0,ppo/attempted_actor_grad_norm,56,1791515833.6522121,0.5990945100784302
stage2,0,ppo/attempted_actor_grad_norm,57,1791515860.5663807,0.903974711894989
stage2,0,ppo/attempted_actor_grad_norm,58,1791515887.0547614,0.4982690215110779
stage2,0,ppo/attempted_actor_grad_norm,59,1791515913.4378629,0.6533586978912354
stage2,0,ppo/attempted_actor_grad_norm,60,1791515939.698811,0.8754269480705261
stage2,0,ppo/attempted_actor_grad_norm,61,1791515966.3031213,1.465180516242981
stage2,0,ppo/attempted_actor_grad_norm,62,1791515993.483516,0.7012493014335632
stage2,0,ppo/attempted_actor_grad_norm,63,1791516021.1278203,0.8180246949195862
stage2,0,ppo/attempted_actor_grad_norm,64,1791516047.0912008,1.095902442932129
stage2,0,ppo/attempted_actor_grad_norm,65,1791516074.310258,0.43938538432121277
stage2,0,ppo/attempted_actor_grad_norm,66,1791516100.5621579,0.512326180934906
stage2,0,ppo/attempted_actor_grad_norm,67,1791516128.0330143,0.7729402780532837
stage2,0,ppo/attempted_actor_grad_norm,68,1791516154.3298633,0.6864860653877258
stage2,0,ppo/attempted_actor_grad_norm,69,1791516181.746375,0.4462544322013855
stage2,0,ppo/attempted_actor_grad_norm,70,1791516207.750155,0.5961123108863831
stage2,0,ppo/attempted_actor_grad_norm,71,1791516236.4828224,0.8651453852653503
stage2,0,ppo/attempted_actor_grad_norm,72,1791516262.7904725,0.4210047423839569
stage2,0,ppo/attempted_actor_grad_norm,73,1791516290.2467132,1.4240942001342773
stage2,0,ppo/attempted_actor_grad_norm,74,1791516316.5379977,1.4373496770858765
stage2,0,ppo/attempted_actor_grad_norm,75,1791516344.7232606,0.5244609713554382
stage2,0,ppo/attempted_actor_grad_norm,76,1791516370.912258,0.607005774974823
stage2,0,ppo/attempted_actor_grad_norm,77,1791516397.4933174,0.4607722759246826
stage2,0,ppo/attempted_actor_grad_norm,78,1791516424.413575,0.7126432657241821
stage2,0,ppo/attempted_actor_grad_norm,79,1791516450.9403157,0.7781200408935547
stage2,0,ppo/attempted_actor_grad_norm,80,1791516478.0185795,0.8611321449279785
stage2,0,ppo/attempted_actor_grad_norm,81,1791518405.3927166,0.8785701394081116
stage2,0,ppo/attempted_actor_grad_norm,82,1791518431.8272007,0.4456072747707367
stage2,0,ppo/attempted_actor_grad_norm,83,1791518458.1030958,0.457969069480896
stage2,0,ppo/attempted_actor_grad_norm,84,1791518484.5124083,0.5851365923881531
stage2,0,ppo/attempted_actor_grad_norm,85,1791518511.2047918,1.5841728448867798
stage2,0,ppo/attempted_actor_grad_norm,86,1791518537.9063106,1.5896097421646118
stage2,0,ppo/attempted_actor_grad_norm,87,1791518565.0305371,0.5226730704307556
stage2,0,ppo/attempted_actor_grad_norm,88,1791518592.2870579,0.4479975700378418
stage2,0,ppo/attempted_actor_grad_norm,89,1791518618.6190927,0.9495353102684021
stage2,0,ppo/attempted_actor_grad_norm,90,1791518644.9750564,0.5196753740310669
stage2,0,ppo/attempted_actor_grad_norm,91,1791518671.5749414,0.7195061445236206
stage2,0,ppo/attempted_actor_grad_norm,92,1791518698.3941927,0.856208860874176
stage2,0,ppo/attempted_actor_grad_norm,93,1791518725.0745604,0.6038089394569397
stage2,0,ppo/attempted_actor_grad_norm,94,1791518751.9681852,0.6927288174629211
stage2,0,ppo/attempted_actor_grad_norm,95,1791518778.1768675,0.4452209174633026
stage2,0,ppo/attempted_actor_grad_norm,96,1791518804.1332624,0.533370316028595
stage2,0,ppo/attempted_actor_grad_norm,97,1791518830.5001366,0.5661219358444214
stage2,0,ppo/attempted_actor_grad_norm,98,1791518857.05678,1.0880606174468994
stage2,0,ppo/attempted_actor_grad_norm,99,1791518884.37965,1.418179988861084
stage2,0,ppo/attempted_actor_grad_norm,100,1791518910.58564,0.5212312340736389
stage2,0,ppo/attempted_actor_grad_norm,101,1791518937.5813038,0.7984238862991333
stage2,0,ppo/attempted_actor_grad_norm,102,1791518963.6818023,1.0210351943969727
stage2,0,ppo/attempted_actor_grad_norm,103,1791518993.190309,0.7172849178314209
stage2,0,ppo/attempted_actor_grad_norm,104,1791519019.7674513,1.0228434801101685
stage2,0,ppo/attempted_actor_grad_norm,105,1791519047.0010238,1.3208112716674805
stage2,0,ppo/attempted_actor_grad_norm,106,1791519073.3109546,0.6681702733039856
stage2,0,ppo/attempted_actor_grad_norm,107,1791519103.1988196,0.9148116707801819
stage2,0,ppo/attempted_actor_grad_norm,108,1791519129.2091885,1.0460379123687744
stage2,0,ppo/attempted_actor_grad_norm,109,1791519156.1440566,0.5606203675270081
stage2,0,ppo/attempted_actor_grad_norm,110,1791519182.4848964,0.9405978918075562
stage2,0,ppo/attempted_actor_grad_norm,111,1791519209.652705,0.841135561466217
stage2,0,ppo/attempted_actor_grad_norm,112,1791519236.0071943,0.7679804563522339
stage2,0,ppo/attempted_actor_grad_norm,113,1791519262.8248844,1.7509136199951172
stage2,0,ppo/attempted_actor_grad_norm,114,1791519289.0331836,1.5908862352371216
stage2,0,ppo/attempted_actor_grad_norm,115,1791519317.2468855,1.0442448854446411
stage2,0,ppo/attempted_actor_grad_norm,116,1791519344.1621616,0.9965859651565552
stage2,0,ppo/attempted_actor_grad_norm,117,1791519370.5899496,1.4865938425064087
stage2,0,ppo/attempted_actor_grad_norm,118,1791519397.32405,0.75173020362854
stage2,0,ppo/attempted_actor_grad_norm,119,1791519424.5419981,1.8602161407470703
stage2,0,ppo/attempted_actor_grad_norm,120,1791519453.0524025,2.1184449195861816
stage1,0,ppo/attempted_critic_grad_norm,1,1791511907.5717685,15.497537612915039
stage1,0,ppo/attempted_critic_grad_norm,2,1791511937.472152,72.07617950439453
stage1,0,ppo/attempted_critic_grad_norm,3,1791511965.2769725,30.252267837524414
stage1,0,ppo/attempted_critic_grad_norm,4,1791511994.536138,9.515127182006836
stage1,0,ppo/attempted_critic_grad_norm,5,1791512021.96328,70.38167572021484
stage1,0,ppo/attempted_critic_grad_norm,6,1791512049.6839018,128.3789520263672
stage1,0,ppo/attempted_critic_grad_norm,7,1791512082.2038913,91.41311645507812
stage1,0,ppo/attempted_critic_grad_norm,8,1791512123.0808582,143.90550231933594
stage1,0,ppo/attempted_critic_grad_norm,9,1791512150.4802287,75.839599609375
stage1,0,ppo/attempted_critic_grad_norm,10,1791512178.1815035,154.21241760253906
stage1,0,ppo/attempted_critic_grad_norm,11,1791512206.4043903,58.563838958740234
stage1,0,ppo/attempted_critic_grad_norm,12,1791512234.740235,156.50491333007812
stage1,0,ppo/attempted_critic_grad_norm,13,1791512262.2971528,40.6309928894043
stage1,0,ppo/attempted_critic_grad_norm,14,1791512290.554601,150.14393615722656
stage1,0,ppo/attempted_critic_grad_norm,15,1791512317.918582,17.512420654296875
stage1,0,ppo/attempted_critic_grad_norm,16,1791512346.1059546,86.18428039550781
stage1,0,ppo/attempted_critic_grad_norm,17,1791512373.8965287,8.775646209716797
stage1,0,ppo/attempted_critic_grad_norm,18,1791512406.3282073,36.98539733886719
stage1,0,ppo/attempted_critic_grad_norm,19,1791512438.7674809,4.147799968719482
stage1,0,ppo/attempted_critic_grad_norm,20,1791512465.7281086,11.191869735717773
stage1,0,ppo/attempted_critic_grad_norm,21,1791513218.5733087,1.6199699640274048
stage1,0,ppo/attempted_critic_grad_norm,22,1791513245.1930206,5.568551540374756
stage1,0,ppo/attempted_critic_grad_norm,23,1791513271.9368389,1.1391359567642212
stage1,0,ppo/attempted_critic_grad_norm,24,1791513298.394864,4.02964973449707
stage1,0,ppo/attempted_critic_grad_norm,25,1791513325.956442,1.1864384412765503
stage1,0,ppo/attempted_critic_grad_norm,26,1791513352.6374831,2.987764358520508
stage1,0,ppo/attempted_critic_grad_norm,27,1791513379.8011851,0.6912341117858887
stage1,0,ppo/attempted_critic_grad_norm,28,1791513405.9593818,1.9535679817199707
stage1,0,ppo/attempted_critic_grad_norm,29,1791513433.5183954,0.724357008934021
stage1,0,ppo/attempted_critic_grad_norm,30,1791513460.321002,1.183760166168213
stage1,0,ppo/attempted_critic_grad_norm,31,1791513487.7396705,0.6211438179016113
stage1,0,ppo/attempted_critic_grad_norm,32,1791513514.4867513,0.7652989625930786
stage1,0,ppo/attempted_critic_grad_norm,33,1791513542.3010883,0.5476526618003845
stage1,0,ppo/attempted_critic_grad_norm,34,1791513569.0541172,0.6196063160896301
stage1,0,ppo/attempted_critic_grad_norm,35,1791513596.8377655,0.6506279110908508
stage1,0,ppo/attempted_critic_grad_norm,36,1791513627.540044,0.32621413469314575
stage1,0,ppo/attempted_critic_grad_norm,37,1791513654.1614912,0.6603952050209045
stage1,0,ppo/attempted_critic_grad_norm,38,1791513684.3343122,0.40873876214027405
stage1,0,ppo/attempted_critic_grad_norm,39,1791513710.79572,0.6382066011428833
stage1,0,ppo/attempted_critic_grad_norm,40,1791513737.9480453,0.27774888277053833
stage2,0,ppo/attempted_critic_grad_norm,41,1791515433.3211327,0.8356947302818298
stage2,0,ppo/attempted_critic_grad_norm,42,1791515460.5292892,8.807514190673828
stage2,0,ppo/attempted_critic_grad_norm,43,1791515487.5564976,19.579336166381836
stage2,0,ppo/attempted_critic_grad_norm,44,1791515515.4394047,30.89130973815918
stage2,0,ppo/attempted_critic_grad_norm,45,1791515543.4998033,44.32575607299805
stage2,0,ppo/attempted_critic_grad_norm,46,1791515570.6054294,39.7602653503418
stage2,0,ppo/attempted_critic_grad_norm,47,1791515597.9997427,86.91389465332031
stage2,0,ppo/attempted_critic_grad_norm,48,1791515624.3758128,6.181676864624023
stage2,0,ppo/attempted_critic_grad_norm,49,1791515650.4019573,24.327802658081055
stage2,0,ppo/attempted_critic_grad_norm,50,1791515676.328204,37.138084411621094
stage2,0,ppo/attempted_critic_grad_norm,51,1791515702.1381783,43.09672546386719
stage2,0,ppo/attempted_critic_grad_norm,52,1791515728.0754025,33.77024459838867
stage2,0,ppo/attempted_critic_grad_norm,53,1791515753.97728,185.59170532226562
stage2,0,ppo/attempted_critic_grad_norm,54,1791515780.5087755,16.671030044555664
stage2,0,ppo/attempted_critic_grad_norm,55,1791515806.815849,6.348514556884766
stage2,0,ppo/attempted_critic_grad_norm,56,1791515833.6522212,28.7829532623291
stage2,0,ppo/attempted_critic_grad_norm,57,1791515860.5663898,50.3105583190918
stage2,0,ppo/attempted_critic_grad_norm,58,1791515887.0547705,25.86394500732422
stage2,0,ppo/attempted_critic_grad_norm,59,1791515913.437872,217.7351837158203
stage2,0,ppo/attempted_critic_grad_norm,60,1791515939.6988199,21.608306884765625
stage2,0,ppo/attempted_critic_grad_norm,61,1791515966.303166,6.533445835113525
stage2,0,ppo/attempted_critic_grad_norm,62,1791515993.4835248,27.095653533935547
stage2,0,ppo/attempted_critic_grad_norm,63,1791516021.1281052,48.65384292602539
stage2,0,ppo/attempted_critic_grad_norm,64,1791516047.0912106,32.526145935058594
stage2,0,ppo/attempted_critic_grad_norm,65,1791516074.310383,192.6835479736328
stage2,0,ppo/attempted_critic_grad_norm,66,1791516100.5621688,16.861539840698242
stage2,0,ppo/attempted_critic_grad_norm,67,1791516128.0330229,4.9057536125183105
stage2,0,ppo/attempted_critic_grad_norm,68,1791516154.3298724,20.282976150512695
stage2,0,ppo/attempted_critic_grad_norm,69,1791516181.7463841,52.780738830566406
stage2,0,ppo/attempted_critic_grad_norm,70,1791516207.7501636,45.09173583984375
stage2,0,ppo/attempted_critic_grad_norm,71,1791516236.4828315,64.2619857788086
stage2,0,ppo/attempted_critic_grad_norm,72,1791516262.7904813,127.1124496459961
stage2,0,ppo/attempted_critic_grad_norm,73,1791516290.246722,11.923535346984863
stage2,0,ppo/attempted_critic_grad_norm,74,1791516316.5381565,7.803625106811523
stage2,0,ppo/attempted_critic_grad_norm,75,1791516344.7232697,21.402372360229492
stage2,0,ppo/attempted_critic_grad_norm,76,1791516370.9124107,29.69668197631836
stage2,0,ppo/attempted_critic_grad_norm,77,1791516397.4933264,28.625198364257812
stage2,0,ppo/attempted_critic_grad_norm,78,1791516424.4135845,120.52364349365234
stage2,0,ppo/attempted_critic_grad_norm,79,1791516450.9403243,6.225426197052002
stage2,0,ppo/attempted_critic_grad_norm,80,1791516478.0185907,7.183915615081787
stage2,0,ppo/attempted_critic_grad_norm,81,1791518405.3929737,27.26444435119629
stage2,0,ppo/attempted_critic_grad_norm,82,1791518431.82721,34.36605453491211
stage2,0,ppo/attempted_critic_grad_norm,83,1791518458.1032665,34.3129768371582
stage2,0,ppo/attempted_critic_grad_norm,84,1791518484.512561,83.68743133544922
stage2,0,ppo/attempted_critic_grad_norm,85,1791518511.204801,14.011116027832031
stage2,0,ppo/attempted_critic_grad_norm,86,1791518537.9063199,12.059598922729492
stage2,0,ppo/attempted_critic_grad_norm,87,1791518565.0305467,20.301128387451172
stage2,0,ppo/attempted_critic_grad_norm,88,1791518592.2871895,36.7402229309082
stage2,0,ppo/attempted_critic_grad_norm,89,1791518618.61922,34.76688766479492
stage2,0,ppo/attempted_critic_grad_norm,90,1791518644.9750652,42.253841400146484
stage2,0,ppo/attempted_critic_grad_norm,91,1791518671.5749507,13.48435115814209
stage2,0,ppo/attempted_critic_grad_norm,92,1791518698.3942018,12.190713882446289
stage2,0,ppo/attempted_critic_grad_norm,93,1791518725.0745726,15.354204177856445
stage2,0,ppo/attempted_critic_grad_norm,94,1791518751.968194,36.00003433227539
stage2,0,ppo/attempted_critic_grad_norm,95,1791518778.1768765,59.43666076660156
stage2,0,ppo/attempted_critic_grad_norm,96,1791518804.1332715,56.199058532714844
stage2,0,ppo/attempted_critic_grad_norm,97,1791518830.500146,58.516353607177734
stage2,0,ppo/attempted_critic_grad_norm,98,1791518857.056789,35.88071060180664
stage2,0,ppo/attempted_critic_grad_norm,99,1791518884.379659,11.613500595092773
stage2,0,ppo/attempted_critic_grad_norm,100,1791518910.5856485,23.966184616088867
stage2,0,ppo/attempted_critic_grad_norm,101,1791518937.5813127,40.15974426269531
stage2,0,ppo/attempted_critic_grad_norm,102,1791518963.6818116,54.69227981567383
stage2,0,ppo/attempted_critic_grad_norm,103,1791518993.1903183,99.782470703125
stage2,0,ppo/attempted_critic_grad_norm,104,1791519019.7674937,54.661495208740234
stage2,0,ppo/attempted_critic_grad_norm,105,1791519047.0010333,12.354549407958984
stage2,0,ppo/attempted_critic_grad_norm,106,1791519073.3110003,27.162988662719727
stage2,0,ppo/attempted_critic_grad_norm,107,1791519103.1990023,70.54029846191406
stage2,0,ppo/attempted_critic_grad_norm,108,1791519129.209197,115.0657730102539
stage2,0,ppo/attempted_critic_grad_norm,109,1791519156.1440654,165.12777709960938
stage2,0,ppo/attempted_critic_grad_norm,110,1791519182.4849412,26.30427360534668
stage2,0,ppo/attempted_critic_grad_norm,111,1791519209.6527143,7.122808456420898
stage2,0,ppo/attempted_critic_grad_norm,112,1791519236.0072033,26.832008361816406
stage2,0,ppo/attempted_critic_grad_norm,113,1791519262.8248959,118.21160888671875
stage2,0,ppo/attempted_critic_grad_norm,114,1791519289.0331926,82.7575454711914
stage2,0,ppo/attempted_critic_grad_norm,115,1791519317.2468944,111.07050323486328
stage2,0,ppo/attempted_critic_grad_norm,116,1791519344.1621706,42.454856872558594
stage2,0,ppo/attempted_critic_grad_norm,117,1791519370.5899591,16.589786529541016
stage2,0,ppo/attempted_critic_grad_norm,118,1791519397.3240588,18.09612464904785
stage2,0,ppo/attempted_critic_grad_norm,119,1791519424.542007,41.22045135498047
stage2,0,ppo/attempted_critic_grad_norm,120,1791519453.0524435,41.935176849365234
stage1,0,ppo/attempted_epochs,1,1791511907.5719066,4.0
stage1,0,ppo/attempted_epochs,2,1791511937.472159,4.0
stage1,0,ppo/attempted_epochs,3,1791511965.276983,4.0
stage1,0,ppo/attempted_epochs,4,1791511994.536145,4.0
stage1,0,ppo/attempted_epochs,5,1791512021.9634387,4.0
stage1,0,ppo/attempted_epochs,6,1791512049.6839125,4.0
stage1,0,ppo/attempted_epochs,7,1791512082.2039018,4.0
stage1,0,ppo/attempted_epochs,8,1791512123.0808692,4.0
stage1,0,ppo/attempted_epochs,9,1791512150.480239,4.0
stage1,0,ppo/attempted_epochs,10,1791512178.181769,4.0
stage1,0,ppo/attempted_epochs,11,1791512206.404496,4.0
stage1,0,ppo/attempted_epochs,12,1791512234.7402458,4.0
stage1,0,ppo/attempted_epochs,13,1791512262.2972584,4.0
stage1,0,ppo/attempted_epochs,14,1791512290.5547397,4.0
stage1,0,ppo/attempted_epochs,15,1791512317.9187386,4.0
stage1,0,ppo/attempted_epochs,16,1791512346.1059651,4.0
stage1,0,ppo/attempted_epochs,17,1791512373.8967464,4.0
stage1,0,ppo/attempted_epochs,18,1791512406.3283436,4.0
stage1,0,ppo/attempted_epochs,19,1791512438.7674873,4.0
stage1,0,ppo/attempted_epochs,20,1791512465.7281156,4.0
stage1,0,ppo/attempted_epochs,21,1791513218.5734258,4.0
stage1,0,ppo/attempted_epochs,22,1791513245.1930308,4.0
stage1,0,ppo/attempted_epochs,23,1791513271.9369917,4.0
stage1,0,ppo/attempted_epochs,24,1791513298.3948748,4.0
stage1,0,ppo/attempted_epochs,25,1791513325.9564807,4.0
stage1,0,ppo/attempted_epochs,26,1791513352.637517,4.0
stage1,0,ppo/attempted_epochs,27,1791513379.8013,4.0
stage1,0,ppo/attempted_epochs,28,1791513405.9594138,4.0
stage1,0,ppo/attempted_epochs,29,1791513433.5185292,4.0
stage1,0,ppo/attempted_epochs,30,1791513460.3210127,4.0
stage1,0,ppo/attempted_epochs,31,1791513487.7397025,4.0
stage1,0,ppo/attempted_epochs,32,1791513514.486798,4.0
stage1,0,ppo/attempted_epochs,33,1791513542.3010952,4.0
stage1,0,ppo/attempted_epochs,34,1791513569.0541244,4.0
stage1,0,ppo/attempted_epochs,35,1791513596.8378837,4.0
stage1,0,ppo/attempted_epochs,36,1791513627.5400758,4.0
stage1,0,ppo/attempted_epochs,37,1791513654.161524,4.0
stage1,0,ppo/attempted_epochs,38,1791513684.3343408,4.0
stage1,0,ppo/attempted_epochs,39,1791513710.7957304,4.0
stage1,0,ppo/attempted_epochs,40,1791513737.9480736,4.0
stage2,0,ppo/attempted_epochs,41,1791515433.321294,4.0
stage2,0,ppo/attempted_epochs,42,1791515460.5292962,4.0
stage2,0,ppo/attempted_epochs,43,1791515487.5568573,4.0
stage2,0,ppo/attempted_epochs,44,1791515515.4394152,4.0
stage2,0,ppo/attempted_epochs,45,1791515543.4998138,4.0
stage2,0,ppo/attempted_epochs,46,1791515570.6054363,4.0
stage2,0,ppo/attempted_epochs,47,1791515597.9997807,4.0
stage2,0,ppo/attempted_epochs,48,1791515624.3758235,4.0
stage2,0,ppo/attempted_epochs,49,1791515650.401964,4.0
stage2,0,ppo/attempted_epochs,50,1791515676.3282108,4.0
stage2,0,ppo/attempted_epochs,51,1791515702.1381881,4.0
stage2,0,ppo/attempted_epochs,52,1791515728.0754135,4.0
stage2,0,ppo/attempted_epochs,53,1791515753.9773133,4.0
stage2,0,ppo/attempted_epochs,54,1791515780.508928,4.0
stage2,0,ppo/attempted_epochs,55,1791515806.8158553,4.0
stage2,0,ppo/attempted_epochs,56,1791515833.6522276,4.0
stage2,0,ppo/attempted_epochs,57,1791515860.5663965,4.0
stage2,0,ppo/attempted_epochs,58,1791515887.0547767,4.0
stage2,0,ppo/attempted_epochs,59,1791515913.4378788,4.0
stage2,0,ppo/attempted_epochs,60,1791515939.6988266,4.0
stage2,0,ppo/attempted_epochs,61,1791515966.3032029,4.0
stage2,0,ppo/attempted_epochs,62,1791515993.4835317,4.0
stage2,0,ppo/attempted_epochs,63,1791516021.1281157,4.0
stage2,0,ppo/attempted_epochs,64,1791516047.0912175,4.0
stage2,0,ppo/attempted_epochs,65,1791516074.3103936,4.0
stage2,0,ppo/attempted_epochs,66,1791516100.562176,4.0
stage2,0,ppo/attempted_epochs,67,1791516128.0330298,4.0
stage2,0,ppo/attempted_epochs,68,1791516154.3298788,4.0
stage2,0,ppo/attempted_epochs,69,1791516181.7463908,4.0
stage2,0,ppo/attempted_epochs,70,1791516207.7501707,4.0
stage2,0,ppo/attempted_epochs,71,1791516236.482838,4.0
stage2,0,ppo/attempted_epochs,72,1791516262.790488,4.0
stage2,0,ppo/attempted_epochs,73,1791516290.2467287,4.0
stage2,0,ppo/attempted_epochs,74,1791516316.5381668,4.0
stage2,0,ppo/attempted_epochs,75,1791516344.7232764,4.0
stage2,0,ppo/attempted_epochs,76,1791516370.9124207,4.0
stage2,0,ppo/attempted_epochs,77,1791516397.493333,4.0
stage2,0,ppo/attempted_epochs,78,1791516424.4135911,4.0
stage2,0,ppo/attempted_epochs,79,1791516450.9403312,4.0
stage2,0,ppo/attempted_epochs,80,1791516478.0185976,4.0
stage2,0,ppo/attempted_epochs,81,1791518405.3929844,4.0
stage2,0,ppo/attempted_epochs,82,1791518431.8272169,4.0
stage2,0,ppo/attempted_epochs,83,1791518458.103277,4.0
stage2,0,ppo/attempted_epochs,84,1791518484.5125763,4.0
stage2,0,ppo/attempted_epochs,85,1791518511.2049363,4.0
stage2,0,ppo/attempted_epochs,86,1791518537.906327,4.0
stage2,0,ppo/attempted_epochs,87,1791518565.0305536,4.0
stage2,0,ppo/attempted_epochs,88,1791518592.2872,4.0
stage2,0,ppo/attempted_epochs,89,1791518618.619231,4.0
stage2,0,ppo/attempted_epochs,90,1791518644.9750726,4.0
stage2,0,ppo/attempted_epochs,91,1791518671.5751033,4.0
stage2,0,ppo/attempted_epochs,92,1791518698.3943505,4.0
stage2,0,ppo/attempted_epochs,93,1791518725.0745795,4.0
stage2,0,ppo/attempted_epochs,94,1791518751.9682007,4.0
stage2,0,ppo/attempted_epochs,95,1791518778.176883,4.0
stage2,0,ppo/attempted_epochs,96,1791518804.1332784,4.0
stage2,0,ppo/attempted_epochs,97,1791518830.5003123,4.0
stage2,0,ppo/attempted_epochs,98,1791518857.0567956,4.0
stage2,0,ppo/attempted_epochs,99,1791518884.379765,4.0
stage2,0,ppo/attempted_epochs,100,1791518910.5856571,4.0
stage2,0,ppo/attempted_epochs,101,1791518937.5815408,4.0
stage2,0,ppo/attempted_epochs,102,1791518963.6818178,4.0
stage2,0,ppo/attempted_epochs,103,1791518993.1903265,4.0
stage2,0,ppo/attempted_epochs,104,1791519019.7675169,4.0
stage2,0,ppo/attempted_epochs,105,1791519047.0010428,4.0
stage2,0,ppo/attempted_epochs,106,1791519073.3110328,4.0
stage2,0,ppo/attempted_epochs,107,1791519103.1990137,4.0
stage2,0,ppo/attempted_epochs,108,1791519129.2092037,4.0
stage2,0,ppo/attempted_epochs,109,1791519156.1440725,4.0
stage2,0,ppo/attempted_epochs,110,1791519182.4849875,4.0
stage2,0,ppo/attempted_epochs,111,1791519209.6527212,4.0
stage2,0,ppo/attempted_epochs,112,1791519236.007223,4.0
stage2,0,ppo/attempted_epochs,113,1791519262.8249028,1.0
stage2,0,ppo/attempted_epochs,114,1791519289.0331993,4.0
stage2,0,ppo/attempted_epochs,115,1791519317.2469015,4.0
stage2,0,ppo/attempted_epochs,116,1791519344.1621778,4.0
stage2,0,ppo/attempted_epochs,117,1791519370.5899775,4.0
stage2,0,ppo/attempted_epochs,118,1791519397.3240657,4.0
stage2,0,ppo/attempted_epochs,119,1791519424.5420141,4.0
stage2,0,ppo/attempted_epochs,120,1791519453.052472,4.0
stage1,0,ppo/attempted_minibatches,1,1791511907.5722597,16.0
stage1,0,ppo/attempted_minibatches,2,1791511937.4721675,16.0
stage1,0,ppo/attempted_minibatches,3,1791511965.2771418,16.0
stage1,0,ppo/attempted_minibatches,4,1791511994.5363128,16.0
stage1,0,ppo/attempted_minibatches,5,1791512021.963718,16.0
stage1,0,ppo/attempted_minibatches,6,1791512049.6839218,16.0
stage1,0,ppo/attempted_minibatches,7,1791512082.2039106,16.0
stage1,0,ppo/attempted_minibatches,8,1791512123.0808787,16.0
stage1,0,ppo/attempted_minibatches,9,1791512150.4803612,16.0
stage1,0,ppo/attempted_minibatches,10,1791512178.1817825,16.0
stage1,0,ppo/attempted_minibatches,11,1791512206.4045098,16.0
stage1,0,ppo/attempted_minibatches,12,1791512234.7402549,16.0
stage1,0,ppo/attempted_minibatches,13,1791512262.2973301,16.0
stage1,0,ppo/attempted_minibatches,14,1791512290.5548737,16.0
stage1,0,ppo/attempted_minibatches,15,1791512317.9189384,16.0
stage1,0,ppo/attempted_minibatches,16,1791512346.1060877,16.0
stage1,0,ppo/attempted_minibatches,17,1791512373.89676,16.0
stage1,0,ppo/attempted_minibatches,18,1791512406.3284976,16.0
stage1,0,ppo/attempted_minibatches,19,1791512438.7674952,16.0
stage1,0,ppo/attempted_minibatches,20,1791512465.7281232,16.0
stage1,0,ppo/attempted_minibatches,21,1791513218.5734398,16.0
stage1,0,ppo/attempted_minibatches,22,1791513245.1930394,16.0
stage1,0,ppo/attempted_minibatches,23,1791513271.9371295,16.0
stage1,0,ppo/attempted_minibatches,24,1791513298.3948843,16.0
stage1,0,ppo/attempted_minibatches,25,1791513325.9566612,16.0
stage1,0,ppo/attempted_minibatches,26,1791513352.637571,16.0
stage1,0,ppo/attempted_minibatches,27,1791513379.8013136,16.0
stage1,0,ppo/attempted_minibatches,28,1791513405.9594646,16.0
stage1,0,ppo/attempted_minibatches,29,1791513433.5185428,16.0
stage1,0,ppo/attempted_minibatches,30,1791513460.3211713,16.0
stage1,0,ppo/attempted_minibatches,31,1791513487.7397535,16.0
stage1,0,ppo/attempted_minibatches,32,1791513514.486848,16.0
stage1,0,ppo/attempted_minibatches,33,1791513542.3013003,16.0
stage1,0,ppo/attempted_minibatches,34,1791513569.0542707,16.0
stage1,0,ppo/attempted_minibatches,35,1791513596.8378973,16.0
stage1,0,ppo/attempted_minibatches,36,1791513627.5401244,16.0
stage1,0,ppo/attempted_minibatches,37,1791513654.1615734,16.0
stage1,0,ppo/attempted_minibatches,38,1791513684.334471,16.0
stage1,0,ppo/attempted_minibatches,39,1791513710.7957397,16.0
stage1,0,ppo/attempted_minibatches,40,1791513737.948111,16.0
stage2,0,ppo/attempted_minibatches,41,1791515433.3214386,16.0
stage2,0,ppo/attempted_minibatches,42,1791515460.5293036,16.0
stage2,0,ppo/attempted_minibatches,43,1791515487.5568717,16.0
stage2,0,ppo/attempted_minibatches,44,1791515515.4396236,16.0
stage2,0,ppo/attempted_minibatches,45,1791515543.4999802,16.0
stage2,0,ppo/attempted_minibatches,46,1791515570.6054444,16.0
stage2,0,ppo/attempted_minibatches,47,1791515597.9998467,16.0
stage2,0,ppo/attempted_minibatches,48,1791515624.3761826,16.0
stage2,0,ppo/attempted_minibatches,49,1791515650.4019718,16.0
stage2,0,ppo/attempted_minibatches,50,1791515676.3282187,16.0
stage2,0,ppo/attempted_minibatches,51,1791515702.1381958,16.0
stage2,0,ppo/attempted_minibatches,52,1791515728.0754228,16.0
stage2,0,ppo/attempted_minibatches,53,1791515753.9774623,16.0
stage2,0,ppo/attempted_minibatches,54,1791515780.5089421,16.0
stage2,0,ppo/attempted_minibatches,55,1791515806.8158634,16.0
stage2,0,ppo/attempted_minibatches,56,1791515833.6522355,16.0
stage2,0,ppo/attempted_minibatches,57,1791515860.566404,16.0
stage2,0,ppo/attempted_minibatches,58,1791515887.0547845,16.0
stage2,0,ppo/attempted_minibatches,59,1791515913.437887,16.0
stage2,0,ppo/attempted_minibatches,60,1791515939.6988344,16.0
stage2,0,ppo/attempted_minibatches,61,1791515966.3033473,16.0
stage2,0,ppo/attempted_minibatches,62,1791515993.483787,16.0
stage2,0,ppo/attempted_minibatches,63,1791516021.128125,16.0
stage2,0,ppo/attempted_minibatches,64,1791516047.0912251,16.0
stage2,0,ppo/attempted_minibatches,65,1791516074.310534,16.0
stage2,0,ppo/attempted_minibatches,66,1791516100.562184,16.0
stage2,0,ppo/attempted_minibatches,67,1791516128.0330377,16.0
stage2,0,ppo/attempted_minibatches,68,1791516154.3298862,16.0
stage2,0,ppo/attempted_minibatches,69,1791516181.7466667,16.0
stage2,0,ppo/attempted_minibatches,70,1791516207.750333,16.0
stage2,0,ppo/attempted_minibatches,71,1791516236.4828458,16.0
stage2,0,ppo/attempted_minibatches,72,1791516262.7904956,16.0
stage2,0,ppo/attempted_minibatches,73,1791516290.2469,16.0
stage2,0,ppo/attempted_minibatches,74,1791516316.5383477,16.0
stage2,0,ppo/attempted_minibatches,75,1791516344.7232842,16.0
stage2,0,ppo/attempted_minibatches,76,1791516370.9125795,16.0
stage2,0,ppo/attempted_minibatches,77,1791516397.493365,16.0
stage2,0,ppo/attempted_minibatches,78,1791516424.4135993,16.0
stage2,0,ppo/attempted_minibatches,79,1791516450.9403389,16.0
stage2,0,ppo/attempted_minibatches,80,1791516478.0186055,16.0
stage2,0,ppo/attempted_minibatches,81,1791518405.3931313,16.0
stage2,0,ppo/attempted_minibatches,82,1791518431.827225,16.0
stage2,0,ppo/attempted_minibatches,83,1791518458.103388,16.0
stage2,0,ppo/attempted_minibatches,84,1791518484.5127409,16.0
stage2,0,ppo/attempted_minibatches,85,1791518511.205138,16.0
stage2,0,ppo/attempted_minibatches,86,1791518537.9063356,16.0
stage2,0,ppo/attempted_minibatches,87,1791518565.0305624,16.0
stage2,0,ppo/attempted_minibatches,88,1791518592.2872097,16.0
stage2,0,ppo/attempted_minibatches,89,1791518618.6193533,16.0
stage2,0,ppo/attempted_minibatches,90,1791518644.9751945,16.0
stage2,0,ppo/attempted_minibatches,91,1791518671.5751178,16.0
stage2,0,ppo/attempted_minibatches,92,1791518698.3945162,16.0
stage2,0,ppo/attempted_minibatches,93,1791518725.0747504,16.0
stage2,0,ppo/attempted_minibatches,94,1791518751.9682083,16.0
stage2,0,ppo/attempted_minibatches,95,1791518778.1770215,16.0
stage2,0,ppo/attempted_minibatches,96,1791518804.133443,16.0
stage2,0,ppo/attempted_minibatches,97,1791518830.5003262,16.0
stage2,0,ppo/attempted_minibatches,98,1791518857.0569553,16.0
stage2,0,ppo/attempted_minibatches,99,1791518884.3797793,16.0
stage2,0,ppo/attempted_minibatches,100,1791518910.585665,16.0
stage2,0,ppo/attempted_minibatches,101,1791518937.5815547,16.0
stage2,0,ppo/attempted_minibatches,102,1791518963.6818256,16.0
stage2,0,ppo/attempted_minibatches,103,1791518993.1903346,16.0
stage2,0,ppo/attempted_minibatches,104,1791519019.7675555,16.0
stage2,0,ppo/attempted_minibatches,105,1791519047.001051,16.0
stage2,0,ppo/attempted_minibatches,106,1791519073.3110843,16.0
stage2,0,ppo/attempted_minibatches,107,1791519103.1991742,16.0
stage2,0,ppo/attempted_minibatches,108,1791519129.2093596,16.0
stage2,0,ppo/attempted_minibatches,109,1791519156.1442134,16.0
stage2,0,ppo/attempted_minibatches,110,1791519182.4850154,16.0
stage2,0,ppo/attempted_minibatches,111,1791519209.652729,16.0
stage2,0,ppo/attempted_minibatches,112,1791519236.0072305,16.0
stage2,0,ppo/attempted_minibatches,113,1791519262.8249102,4.0
stage2,0,ppo/attempted_minibatches,114,1791519289.0332072,16.0
stage2,0,ppo/attempted_minibatches,115,1791519317.2469096,16.0
stage2,0,ppo/attempted_minibatches,116,1791519344.162186,16.0
stage2,0,ppo/attempted_minibatches,117,1791519370.5899856,16.0
stage2,0,ppo/attempted_minibatches,118,1791519397.324074,16.0
stage2,0,ppo/attempted_minibatches,119,1791519424.5420222,16.0
stage2,0,ppo/attempted_minibatches,120,1791519453.0525157,16.0
stage1,0,ppo/completed_epochs,1,1791511907.5722733,4.0
stage1,0,ppo/completed_epochs,2,1791511937.4724972,4.0
stage1,0,ppo/completed_epochs,3,1791511965.2772944,4.0
stage1,0,ppo/completed_epochs,4,1791511994.5364485,4.0
stage1,0,ppo/completed_epochs,5,1791512021.9637315,4.0
stage1,0,ppo/completed_epochs,6,1791512049.6843014,4.0
stage1,0,ppo/completed_epochs,7,1791512082.2039175,4.0
stage1,0,ppo/completed_epochs,8,1791512123.0808861,4.0
stage1,0,ppo/completed_epochs,9,1791512150.4803753,4.0
stage1,0,ppo/completed_epochs,10,1791512178.1817899,4.0
stage1,0,ppo/completed_epochs,11,1791512206.4046416,4.0
stage1,0,ppo/completed_epochs,12,1791512234.7403865,4.0
stage1,0,ppo/completed_epochs,13,1791512262.297396,4.0
stage1,0,ppo/completed_epochs,14,1791512290.5549178,4.0
stage1,0,ppo/completed_epochs,15,1791512317.9189517,4.0
stage1,0,ppo/completed_epochs,16,1791512346.106096,4.0
stage1,0,ppo/completed_epochs,17,1791512373.8967679,4.0
stage1,0,ppo/completed_epochs,18,1791512406.328646,4.0
stage1,0,ppo/completed_epochs,19,1791512438.767631,4.0
stage1,0,ppo/completed_epochs,20,1791512465.7282658,4.0
stage1,0,ppo/completed_epochs,21,1791513218.5737867,4.0
stage1,0,ppo/completed_epochs,22,1791513245.1932876,4.0
stage1,0,ppo/completed_epochs,23,1791513271.9372683,4.0
stage1,0,ppo/completed_epochs,24,1791513298.3948913,4.0
stage1,0,ppo/completed_epochs,25,1791513325.9567316,4.0
stage1,0,ppo/completed_epochs,26,1791513352.637619,4.0
stage1,0,ppo/completed_epochs,27,1791513379.8014271,4.0
stage1,0,ppo/completed_epochs,28,1791513405.95952,4.0
stage1,0,ppo/completed_epochs,29,1791513433.5186884,4.0
stage1,0,ppo/completed_epochs,30,1791513460.3212976,4.0
stage1,0,ppo/completed_epochs,31,1791513487.7397997,4.0
stage1,0,ppo/completed_epochs,32,1791513514.4868925,4.0
stage1,0,ppo/completed_epochs,33,1791513542.301313,4.0
stage1,0,ppo/completed_epochs,34,1791513569.0544226,4.0
stage1,0,ppo/completed_epochs,35,1791513596.8380084,4.0
stage1,0,ppo/completed_epochs,36,1791513627.5401673,4.0
stage1,0,ppo/completed_epochs,37,1791513654.161621,4.0
stage1,0,ppo/completed_epochs,38,1791513684.334529,4.0
stage1,0,ppo/completed_epochs,39,1791513710.7957463,4.0
stage1,0,ppo/completed_epochs,40,1791513737.9481485,4.0
stage2,0,ppo/completed_epochs,41,1791515433.3215797,4.0
stage2,0,ppo/completed_epochs,42,1791515460.5293102,4.0
stage2,0,ppo/completed_epochs,43,1791515487.556879,4.0
stage2,0,ppo/completed_epochs,44,1791515515.4399126,4.0
stage2,0,ppo/completed_epochs,45,1791515543.4999938,4.0
stage2,0,ppo/completed_epochs,46,1791515570.605451,4.0
stage2,0,ppo/completed_epochs,47,1791515597.99991,4.0
stage2,0,ppo/completed_epochs,48,1791515624.3761911,4.0
stage2,0,ppo/completed_epochs,49,1791515650.4019783,4.0
stage2,0,ppo/completed_epochs,50,1791515676.3282256,4.0
stage2,0,ppo/completed_epochs,51,1791515702.1383407,4.0
stage2,0,ppo/completed_epochs,52,1791515728.07543,4.0
stage2,0,ppo/completed_epochs,53,1791515753.9775,4.0
stage2,0,ppo/completed_epochs,54,1791515780.5089493,4.0
stage2,0,ppo/completed_epochs,55,1791515806.8158703,4.0
stage2,0,ppo/completed_epochs,56,1791515833.6522427,4.0
stage2,0,ppo/completed_epochs,57,1791515860.5664113,4.0
stage2,0,ppo/completed_epochs,58,1791515887.0547915,4.0
stage2,0,ppo/completed_epochs,59,1791515913.4378939,4.0
stage2,0,ppo/completed_epochs,60,1791515939.6988413,4.0
stage2,0,ppo/completed_epochs,61,1791515966.3034058,4.0
stage2,0,ppo/completed_epochs,62,1791515993.4837954,4.0
stage2,0,ppo/completed_epochs,63,1791516021.1281319,4.0
stage2,0,ppo/completed_epochs,64,1791516047.0914788,4.0
stage2,0,ppo/completed_epochs,65,1791516074.3106854,4.0
stage2,0,ppo/completed_epochs,66,1791516100.562191,4.0
stage2,0,ppo/completed_epochs,67,1791516128.0330682,4.0
stage2,0,ppo/completed_epochs,68,1791516154.3300366,4.0
stage2,0,ppo/completed_epochs,69,1791516181.746676,4.0
stage2,0,ppo/completed_epochs,70,1791516207.7503421,4.0
stage2,0,ppo/completed_epochs,71,1791516236.482853,4.0
stage2,0,ppo/completed_epochs,72,1791516262.790503,4.0
stage2,0,ppo/completed_epochs,73,1791516290.2469163,4.0
stage2,0,ppo/completed_epochs,74,1791516316.5383565,4.0
stage2,0,ppo/completed_epochs,75,1791516344.7234342,4.0
stage2,0,ppo/completed_epochs,76,1791516370.9125934,4.0
stage2,0,ppo/completed_epochs,77,1791516397.4934018,4.0
stage2,0,ppo/completed_epochs,78,1791516424.4136062,4.0
stage2,0,ppo/completed_epochs,79,1791516450.9403713,4.0
stage2,0,ppo/completed_epochs,80,1791516478.0187526,4.0
stage2,0,ppo/completed_epochs,81,1791518405.3931403,4.0
stage2,0,ppo/completed_epochs,82,1791518431.827232,4.0
stage2,0,ppo/completed_epochs,83,1791518458.1034021,4.0
stage2,0,ppo/completed_epochs,84,1791518484.5129495,4.0
stage2,0,ppo/completed_epochs,85,1791518511.2051523,4.0
stage2,0,ppo/completed_epochs,86,1791518537.9066432,4.0
stage2,0,ppo/completed_epochs,87,1791518565.0307763,4.0
stage2,0,ppo/completed_epochs,88,1791518592.2874417,4.0
stage2,0,ppo/completed_epochs,89,1791518618.6193674,4.0
stage2,0,ppo/completed_epochs,90,1791518644.9752085,4.0
stage2,0,ppo/completed_epochs,91,1791518671.5752673,4.0
stage2,0,ppo/completed_epochs,92,1791518698.3946977,4.0
stage2,0,ppo/completed_epochs,93,1791518725.074911,4.0
stage2,0,ppo/completed_epochs,94,1791518751.968215,4.0
stage2,0,ppo/completed_epochs,95,1791518778.1771584,4.0
stage2,0,ppo/completed_epochs,96,1791518804.1337745,4.0
stage2,0,ppo/completed_epochs,97,1791518830.5003963,4.0
stage2,0,ppo/completed_epochs,98,1791518857.0569642,4.0
stage2,0,ppo/completed_epochs,99,1791518884.3797872,4.0
stage2,0,ppo/completed_epochs,100,1791518910.5859454,4.0
stage2,0,ppo/completed_epochs,101,1791518937.581562,4.0
stage2,0,ppo/completed_epochs,102,1791518963.6818318,4.0
stage2,0,ppo/completed_epochs,103,1791518993.1903417,4.0
stage2,0,ppo/completed_epochs,104,1791519019.7675962,4.0
stage2,0,ppo/completed_epochs,105,1791519047.001058,4.0
stage2,0,ppo/completed_epochs,106,1791519073.3111296,4.0
stage2,0,ppo/completed_epochs,107,1791519103.1991885,4.0
stage2,0,ppo/completed_epochs,108,1791519129.209368,4.0
stage2,0,ppo/completed_epochs,109,1791519156.1443605,4.0
stage2,0,ppo/completed_epochs,110,1791519182.485059,4.0
stage2,0,ppo/completed_epochs,111,1791519209.652736,4.0
stage2,0,ppo/completed_epochs,112,1791519236.0072942,4.0
stage2,0,ppo/completed_epochs,113,1791519262.8251424,1.0
stage2,0,ppo/completed_epochs,114,1791519289.0333383,4.0
stage2,0,ppo/completed_epochs,115,1791519317.2471523,4.0
stage2,0,ppo/completed_epochs,116,1791519344.1624272,4.0
stage2,0,ppo/completed_epochs,117,1791519370.5899923,4.0
stage2,0,ppo/completed_epochs,118,1791519397.3240812,4.0
stage2,0,ppo/completed_epochs,119,1791519424.5420291,4.0
stage2,0,ppo/completed_epochs,120,1791519453.0525568,4.0
stage1,0,ppo/completed_minibatches,1,1791511907.572277,16.0
stage1,0,ppo/completed_minibatches,2,1791511937.472506,16.0
stage1,0,ppo/completed_minibatches,3,1791511965.2774322,16.0
stage1,0,ppo/completed_minibatches,4,1791511994.5365555,16.0
stage1,0,ppo/completed_minibatches,5,1791512021.9637353,16.0
stage1,0,ppo/completed_minibatches,6,1791512049.6843066,16.0
stage1,0,ppo/completed_minibatches,7,1791512082.2041297,16.0
stage1,0,ppo/completed_minibatches,8,1791512123.0810027,16.0
stage1,0,ppo/completed_minibatches,9,1791512150.480379,16.0
stage1,0,ppo/completed_minibatches,10,1791512178.1817932,16.0
stage1,0,ppo/completed_minibatches,11,1791512206.4046469,16.0
stage1,0,ppo/completed_minibatches,12,1791512234.7405405,16.0
stage1,0,ppo/completed_minibatches,13,1791512262.297426,16.0
stage1,0,ppo/completed_minibatches,14,1791512290.5549507,16.0
stage1,0,ppo/completed_minibatches,15,1791512317.9189556,16.0
stage1,0,ppo/completed_minibatches,16,1791512346.1062107,16.0
stage1,0,ppo/completed_minibatches,17,1791512373.8967707,16.0
stage1,0,ppo/completed_minibatches,18,1791512406.3286545,16.0
stage1,0,ppo/completed_minibatches,19,1791512438.767636,16.0
stage1,0,ppo/completed_minibatches,20,1791512465.7284029,16.0
stage1,0,ppo/completed_minibatches,21,1791513218.5737917,16.0
stage1,0,ppo/completed_minibatches,22,1791513245.1932967,16.0
stage1,0,ppo/completed_minibatches,23,1791513271.9372768,16.0
stage1,0,ppo/completed_minibatches,24,1791513298.3950837,16.0
stage1,0,ppo/completed_minibatches,25,1791513325.956754,16.0
stage1,0,ppo/completed_minibatches,26,1791513352.6376398,16.0
stage1,0,ppo/completed_minibatches,27,1791513379.801436,16.0
stage1,0,ppo/completed_minibatches,28,1791513405.9595442,16.0
stage1,0,ppo/completed_minibatches,29,1791513433.5186937,16.0
stage1,0,ppo/completed_minibatches,30,1791513460.3213022,16.0
stage1,0,ppo/completed_minibatches,31,1791513487.7398198,16.0
stage1,0,ppo/completed_minibatches,32,1791513514.4869137,16.0
stage1,0,ppo/completed_minibatches,33,1791513542.3013163,16.0
stage1,0,ppo/completed_minibatches,34,1791513569.054651,16.0
stage1,0,ppo/completed_minibatches,35,1791513596.8380172,16.0
stage1,0,ppo/completed_minibatches,36,1791513627.5401874,16.0
stage1,0,ppo/completed_minibatches,37,1791513654.161641,16.0
stage1,0,ppo/completed_minibatches,38,1791513684.3345554,16.0
stage1,0,ppo/completed_minibatches,39,1791513710.7957494,16.0
stage1,0,ppo/completed_minibatches,40,1791513737.9481664,16.0
stage2,0,ppo/completed_minibatches,41,1791515433.3215892,16.0
stage2,0,ppo/completed_minibatches,42,1791515460.5293136,16.0
stage2,0,ppo/completed_minibatches,43,1791515487.5568824,16.0
stage2,0,ppo/completed_minibatches,44,1791515515.4399176,16.0
stage2,0,ppo/completed_minibatches,45,1791515543.5001245,16.0
stage2,0,ppo/completed_minibatches,46,1791515570.605454,16.0
stage2,0,ppo/completed_minibatches,47,1791515597.9999387,16.0
stage2,0,ppo/completed_minibatches,48,1791515624.3761947,16.0
stage2,0,ppo/completed_minibatches,49,1791515650.4019814,16.0
stage2,0,ppo/completed_minibatches,50,1791515676.3282287,16.0
stage2,0,ppo/completed_minibatches,51,1791515702.138352,16.0
stage2,0,ppo/completed_minibatches,52,1791515728.0754333,16.0
stage2,0,ppo/completed_minibatches,53,1791515753.9775171,16.0
stage2,0,ppo/completed_minibatches,54,1791515780.5090806,16.0
stage2,0,ppo/completed_minibatches,55,1791515806.8158734,16.0
stage2,0,ppo/completed_minibatches,56,1791515833.652246,16.0
stage2,0,ppo/completed_minibatches,57,1791515860.566629,16.0
stage2,0,ppo/completed_minibatches,58,1791515887.0547948,16.0
stage2,0,ppo/completed_minibatches,59,1791515913.43792,16.0
stage2,0,ppo/completed_minibatches,60,1791515939.6988823,16.0
stage2,0,ppo/completed_minibatches,61,1791515966.3034353,16.0
stage2,0,ppo/completed_minibatches,62,1791515993.483799,16.0
stage2,0,ppo/completed_minibatches,63,1791516021.1281352,16.0
stage2,0,ppo/completed_minibatches,64,1791516047.0914886,16.0
stage2,0,ppo/completed_minibatches,65,1791516074.3106945,16.0
stage2,0,ppo/completed_minibatches,66,1791516100.5623949,16.0
stage2,0,ppo/completed_minibatches,67,1791516128.0331945,16.0
stage2,0,ppo/completed_minibatches,68,1791516154.3300455,16.0
stage2,0,ppo/completed_minibatches,69,1791516181.7466793,16.0
stage2,0,ppo/completed_minibatches,70,1791516207.7503455,16.0
stage2,0,ppo/completed_minibatches,71,1791516236.482856,16.0
stage2,0,ppo/completed_minibatches,72,1791516262.790529,16.0
stage2,0,ppo/completed_minibatches,73,1791516290.2472172,16.0
stage2,0,ppo/completed_minibatches,74,1791516316.53836,16.0
stage2,0,ppo/completed_minibatches,75,1791516344.7234454,16.0
stage2,0,ppo/completed_minibatches,76,1791516370.9125974,16.0
stage2,0,ppo/completed_minibatches,77,1791516397.4934187,16.0
stage2,0,ppo/completed_minibatches,78,1791516424.4136095,16.0
stage2,0,ppo/completed_minibatches,79,1791516450.9405077,16.0
stage2,0,ppo/completed_minibatches,80,1791516478.018997,16.0
stage2,0,ppo/completed_minibatches,81,1791518405.3931441,16.0
stage2,0,ppo/completed_minibatches,82,1791518431.8272378,16.0
stage2,0,ppo/completed_minibatches,83,1791518458.1034374,16.0
stage2,0,ppo/completed_minibatches,84,1791518484.5129547,16.0
stage2,0,ppo/completed_minibatches,85,1791518511.2052784,16.0
stage2,0,ppo/completed_minibatches,86,1791518537.906652,16.0
stage2,0,ppo/completed_minibatches,87,1791518565.0307815,16.0
stage2,0,ppo/completed_minibatches,88,1791518592.2874467,16.0
stage2,0,ppo/completed_minibatches,89,1791518618.6193714,16.0
stage2,0,ppo/completed_minibatches,90,1791518644.9752126,16.0
stage2,0,ppo/completed_minibatches,91,1791518671.5752769,16.0
stage2,0,ppo/completed_minibatches,92,1791518698.394707,16.0
stage2,0,ppo/completed_minibatches,93,1791518725.0749204,16.0
stage2,0,ppo/completed_minibatches,94,1791518751.9682183,16.0
stage2,0,ppo/completed_minibatches,95,1791518778.177391,16.0
stage2,0,ppo/completed_minibatches,96,1791518804.1337838,16.0
stage2,0,ppo/completed_minibatches,97,1791518830.5004258,16.0
stage2,0,ppo/completed_minibatches,98,1791518857.0569677,16.0
stage2,0,ppo/completed_minibatches,99,1791518884.3797905,16.0
stage2,0,ppo/completed_minibatches,100,1791518910.5859501,16.0
stage2,0,ppo/completed_minibatches,101,1791518937.5815656,16.0
stage2,0,ppo/completed_minibatches,102,1791518963.6818352,16.0
stage2,0,ppo/completed_minibatches,103,1791518993.190345,16.0
stage2,0,ppo/completed_minibatches,104,1791519019.7676144,16.0
stage2,0,ppo/completed_minibatches,105,1791519047.001278,16.0
stage2,0,ppo/completed_minibatches,106,1791519073.3111498,16.0
stage2,0,ppo/completed_minibatches,107,1791519103.1991923,16.0
stage2,0,ppo/completed_minibatches,108,1791519129.209501,16.0
stage2,0,ppo/completed_minibatches,109,1791519156.1443696,16.0
stage2,0,ppo/completed_minibatches,110,1791519182.4850795,16.0
stage2,0,ppo/completed_minibatches,111,1791519209.6527393,16.0
stage2,0,ppo/completed_minibatches,112,1791519236.007298,16.0
stage2,0,ppo/completed_minibatches,113,1791519262.8251472,4.0
stage2,0,ppo/completed_minibatches,114,1791519289.0333476,16.0
stage2,0,ppo/completed_minibatches,115,1791519317.2471576,16.0
stage2,0,ppo/completed_minibatches,116,1791519344.1624322,16.0
stage2,0,ppo/completed_minibatches,117,1791519370.5899956,16.0
stage2,0,ppo/completed_minibatches,118,1791519397.3240845,16.0
stage2,0,ppo/completed_minibatches,119,1791519424.5420325,16.0
stage2,0,ppo/completed_minibatches,120,1791519453.0525804,16.0
stage1,0,ppo/critic_grad_norm,1,1791511907.5715997,15.497537612915039
stage1,0,ppo/critic_grad_norm,2,1791511937.4719212,72.07617950439453
stage1,0,ppo/critic_grad_norm,3,1791511965.2767024,30.252267837524414
stage1,0,ppo/critic_grad_norm,4,1791511994.5359406,9.515127182006836
stage1,0,ppo/critic_grad_norm,5,1791512021.9631064,70.38167572021484
stage1,0,ppo/critic_grad_norm,6,1791512049.683622,128.3789520263672
stage1,0,ppo/critic_grad_norm,7,1791512082.1969874,91.41311645507812
stage1,0,ppo/critic_grad_norm,8,1791512123.08044,143.90550231933594
stage1,0,ppo/critic_grad_norm,9,1791512150.4799156,75.839599609375
stage1,0,ppo/critic_grad_norm,10,1791512178.181329,154.21241760253906
stage1,0,ppo/critic_grad_norm,11,1791512206.4042215,58.563838958740234
stage1,0,ppo/critic_grad_norm,12,1791512234.7398877,156.50491333007812
stage1,0,ppo/critic_grad_norm,13,1791512262.2970014,40.6309928894043
stage1,0,ppo/critic_grad_norm,14,1791512290.5544267,150.14393615722656
stage1,0,ppo/critic_grad_norm,15,1791512317.9184246,17.512420654296875
stage1,0,ppo/critic_grad_norm,16,1791512346.105592,86.18428039550781
stage1,0,ppo/critic_grad_norm,17,1791512373.8963537,8.775646209716797
stage1,0,ppo/critic_grad_norm,18,1791512406.3280487,36.98539733886719
stage1,0,ppo/critic_grad_norm,19,1791512438.7672236,4.147799968719482
stage1,0,ppo/critic_grad_norm,20,1791512465.727857,11.191869735717773
stage1,0,ppo/critic_grad_norm,21,1791513218.5728486,1.6199699640274048
stage1,0,ppo/critic_grad_norm,22,1791513245.1926758,5.568551540374756
stage1,0,ppo/critic_grad_norm,23,1791513271.9366627,1.1391359567642212
stage1,0,ppo/critic_grad_norm,24,1791513298.3944848,4.02964973449707
stage1,0,ppo/critic_grad_norm,25,1791513325.9563098,1.1864384412765503
stage1,0,ppo/critic_grad_norm,26,1791513352.637373,2.987764358520508
stage1,0,ppo/critic_grad_norm,27,1791513379.8010273,0.6912341117858887
stage1,0,ppo/critic_grad_norm,28,1791513405.9592154,1.9535679817199707
stage1,0,ppo/critic_grad_norm,29,1791513433.5182915,0.724357008934021
stage1,0,ppo/critic_grad_norm,30,1791513460.320706,1.183760166168213
stage1,0,ppo/critic_grad_norm,31,1791513487.7395623,0.6211438179016113
stage1,0,ppo/critic_grad_norm,32,1791513514.4864726,0.7652989625930786
stage1,0,ppo/critic_grad_norm,33,1791513542.3009343,0.5476526618003845
stage1,0,ppo/critic_grad_norm,34,1791513569.0539386,0.6196063160896301
stage1,0,ppo/critic_grad_norm,35,1791513596.8376055,0.6506279110908508
stage1,0,ppo/critic_grad_norm,36,1791513627.5398781,0.32621413469314575
stage1,0,ppo/critic_grad_norm,37,1791513654.1613877,0.6603952050209045
stage1,0,ppo/critic_grad_norm,38,1791513684.3341153,0.40873876214027405
stage1,0,ppo/critic_grad_norm,39,1791513710.795497,0.6382066011428833
stage1,0,ppo/critic_grad_norm,40,1791513737.9478838,0.27774888277053833
stage2,0,ppo/critic_grad_norm,41,1791515433.3209572,0.8356947302818298
stage2,0,ppo/critic_grad_norm,42,1791515460.5289915,8.807514190673828
stage2,0,ppo/critic_grad_norm,43,1791515487.5563307,19.579336166381836
stage2,0,ppo/critic_grad_norm,44,1791515515.439105,30.89130973815918
stage2,0,ppo/critic_grad_norm,45,1791515543.4930282,44.32575607299805
stage2,0,ppo/critic_grad_norm,46,1791515570.605075,39.7602653503418
stage2,0,ppo/critic_grad_norm,47,1791515597.9995878,86.91389465332031
stage2,0,ppo/critic_grad_norm,48,1791515624.375512,6.181676864624023
stage2,0,ppo/critic_grad_norm,49,1791515650.4016445,24.327802658081055
stage2,0,ppo/critic_grad_norm,50,1791515676.3279364,37.138084411621094
stage2,0,ppo/critic_grad_norm,51,1791515702.1379921,43.09672546386719
stage2,0,ppo/critic_grad_norm,52,1791515728.0750577,33.77024459838867
stage2,0,ppo/critic_grad_norm,53,1791515753.9771793,185.59170532226562
stage2,0,ppo/critic_grad_norm,54,1791515780.5086226,16.671030044555664
stage2,0,ppo/critic_grad_norm,55,1791515806.8155127,6.348514556884766
stage2,0,ppo/critic_grad_norm,56,1791515833.6519296,28.7829532623291
stage2,0,ppo/critic_grad_norm,57,1791515860.5661135,50.3105583190918
stage2,0,ppo/critic_grad_norm,58,1791515887.054549,25.86394500732422
stage2,0,ppo/critic_grad_norm,59,1791515913.437702,217.7351837158203
stage2,0,ppo/critic_grad_norm,60,1791515939.6986496,21.608306884765625
stage2,0,ppo/critic_grad_norm,61,1791515966.3030515,6.533445835113525
stage2,0,ppo/critic_grad_norm,62,1791515993.4833102,27.095653533935547
stage2,0,ppo/critic_grad_norm,63,1791516021.1276739,48.65384292602539
stage2,0,ppo/critic_grad_norm,64,1791516047.0910316,32.526145935058594
stage2,0,ppo/critic_grad_norm,65,1791516074.3100855,192.6835479736328
stage2,0,ppo/critic_grad_norm,66,1791516100.5619676,16.861539840698242
stage2,0,ppo/critic_grad_norm,67,1791516128.0328543,4.9057536125183105
stage2,0,ppo/critic_grad_norm,68,1791516154.3296938,20.282976150512695
stage2,0,ppo/critic_grad_norm,69,1791516181.7462285,52.780738830566406
stage2,0,ppo/critic_grad_norm,70,1791516207.7499905,45.09173583984375
stage2,0,ppo/critic_grad_norm,71,1791516236.4825158,64.2619857788086
stage2,0,ppo/critic_grad_norm,72,1791516262.790308,127.1124496459961
stage2,0,ppo/critic_grad_norm,73,1791516290.2465742,11.923535346984863
stage2,0,ppo/critic_grad_norm,74,1791516316.5377944,7.803625106811523
stage2,0,ppo/critic_grad_norm,75,1791516344.7230916,21.402372360229492
stage2,0,ppo/critic_grad_norm,76,1791516370.912156,29.69668197631836
stage2,0,ppo/critic_grad_norm,77,1791516397.4931457,28.625198364257812
stage2,0,ppo/critic_grad_norm,78,1791516424.4133694,120.52364349365234
stage2,0,ppo/critic_grad_norm,79,1791516450.9401417,6.225426197052002
stage2,0,ppo/critic_grad_norm,80,1791516478.018401,7.183915615081787
stage2,0,ppo/critic_grad_norm,81,1791518405.3925617,27.26444435119629
stage2,0,ppo/critic_grad_norm,82,1791518431.8269367,34.36605453491211
stage2,0,ppo/critic_grad_norm,83,1791518458.1029367,34.3129768371582
stage2,0,ppo/critic_grad_norm,84,1791518484.5122657,83.68743133544922
stage2,0,ppo/critic_grad_norm,85,1791518511.2046263,14.011116027832031
stage2,0,ppo/critic_grad_norm,86,1791518537.9060636,12.059598922729492
stage2,0,ppo/critic_grad_norm,87,1791518565.0302925,20.301128387451172
stage2,0,ppo/critic_grad_norm,88,1791518592.2869093,36.7402229309082
stage2,0,ppo/critic_grad_norm,89,1791518618.6189947,34.76688766479492
stage2,0,ppo/critic_grad_norm,90,1791518644.9748518,42.253841400146484
stage2,0,ppo/critic_grad_norm,91,1791518671.5747807,13.48435115814209
stage2,0,ppo/critic_grad_norm,92,1791518698.394031,12.190713882446289
stage2,0,ppo/critic_grad_norm,93,1791518725.0743086,15.354204177856445
stage2,0,ppo/critic_grad_norm,94,1791518751.9678674,36.00003433227539
stage2,0,ppo/critic_grad_norm,95,1791518778.176693,59.43666076660156
stage2,0,ppo/critic_grad_norm,96,1791518804.1330814,56.199058532714844
stage2,0,ppo/critic_grad_norm,97,1791518830.4999762,58.516353607177734
stage2,0,ppo/critic_grad_norm,98,1791518857.0566003,35.88071060180664
stage2,0,ppo/critic_grad_norm,99,1791518884.379495,11.613500595092773
stage2,0,ppo/critic_grad_norm,100,1791518910.5854604,23.966184616088867
stage2,0,ppo/critic_grad_norm,101,1791518937.5810883,40.15974426269531
stage2,0,ppo/critic_grad_norm,102,1791518963.6815221,54.69227981567383
stage2,0,ppo/critic_grad_norm,103,1791518993.1900518,99.782470703125
stage2,0,ppo/critic_grad_norm,104,1791519019.767386,54.661495208740234
stage2,0,ppo/critic_grad_norm,105,1791519047.0008545,12.354549407958984
stage2,0,ppo/critic_grad_norm,106,1791519073.3108923,27.162988662719727
stage2,0,ppo/critic_grad_norm,107,1791519103.1986434,70.54029846191406
stage2,0,ppo/critic_grad_norm,108,1791519129.2089682,115.0657730102539
stage2,0,ppo/critic_grad_norm,109,1791519156.1438432,165.12777709960938
stage2,0,ppo/critic_grad_norm,110,1791519182.4848351,26.30427360534668
stage2,0,ppo/critic_grad_norm,111,1791519209.652426,7.122808456420898
stage2,0,ppo/critic_grad_norm,112,1791519236.007044,26.832008361816406
stage2,0,ppo/critic_grad_norm,113,1791519262.8247106,118.21160888671875
stage2,0,ppo/critic_grad_norm,114,1791519289.0330334,82.7575454711914
stage2,0,ppo/critic_grad_norm,115,1791519317.2467277,111.07050323486328
stage2,0,ppo/critic_grad_norm,116,1791519344.1620114,42.454856872558594
stage2,0,ppo/critic_grad_norm,117,1791519370.5896873,16.589786529541016
stage2,0,ppo/critic_grad_norm,118,1791519397.3237731,18.09612464904785
stage2,0,ppo/critic_grad_norm,119,1791519424.5417368,41.22045135498047
stage2,0,ppo/critic_grad_norm,120,1791519453.0523176,41.935176849365234
stage1,0,ppo/critic_grad_norm_preclip,1,1791511907.5716136,15.497537612915039
stage1,0,ppo/critic_grad_norm_preclip,2,1791511937.471936,72.07617950439453
stage1,0,ppo/critic_grad_norm_preclip,3,1791511965.2767165,30.252267837524414
stage1,0,ppo/critic_grad_norm_preclip,4,1791511994.5359554,9.515127182006836
stage1,0,ppo/critic_grad_norm_preclip,5,1791512021.9631202,70.38167572021484
stage1,0,ppo/critic_grad_norm_preclip,6,1791512049.6836371,128.3789520263672
stage1,0,ppo/critic_grad_norm_preclip,7,1791512082.1970017,91.41311645507812
stage1,0,ppo/critic_grad_norm_preclip,8,1791512123.0804543,143.90550231933594
stage1,0,ppo/critic_grad_norm_preclip,9,1791512150.47993,75.839599609375
stage1,0,ppo/critic_grad_norm_preclip,10,1791512178.1813436,154.21241760253906
stage1,0,ppo/critic_grad_norm_preclip,11,1791512206.4042358,58.563838958740234
stage1,0,ppo/critic_grad_norm_preclip,12,1791512234.739902,156.50491333007812
stage1,0,ppo/critic_grad_norm_preclip,13,1791512262.297016,40.6309928894043
stage1,0,ppo/critic_grad_norm_preclip,14,1791512290.5544407,150.14393615722656
stage1,0,ppo/critic_grad_norm_preclip,15,1791512317.918438,17.512420654296875
stage1,0,ppo/critic_grad_norm_preclip,16,1791512346.105606,86.18428039550781
stage1,0,ppo/critic_grad_norm_preclip,17,1791512373.8963683,8.775646209716797
stage1,0,ppo/critic_grad_norm_preclip,18,1791512406.3280625,36.98539733886719
stage1,0,ppo/critic_grad_norm_preclip,19,1791512438.7672377,4.147799968719482
stage1,0,ppo/critic_grad_norm_preclip,20,1791512465.7278712,11.191869735717773
stage1,0,ppo/critic_grad_norm_preclip,21,1791513218.5728626,1.6199699640274048
stage1,0,ppo/critic_grad_norm_preclip,22,1791513245.19269,5.568551540374756
stage1,0,ppo/critic_grad_norm_preclip,23,1791513271.936699,1.1391359567642212
stage1,0,ppo/critic_grad_norm_preclip,24,1791513298.394499,4.02964973449707
stage1,0,ppo/critic_grad_norm_preclip,25,1791513325.9563236,1.1864384412765503
stage1,0,ppo/critic_grad_norm_preclip,26,1791513352.637388,2.987764358520508
stage1,0,ppo/critic_grad_norm_preclip,27,1791513379.8010416,0.6912341117858887
stage1,0,ppo/critic_grad_norm_preclip,28,1791513405.9592297,1.9535679817199707
stage1,0,ppo/critic_grad_norm_preclip,29,1791513433.518305,0.724357008934021
stage1,0,ppo/critic_grad_norm_preclip,30,1791513460.320724,1.183760166168213
stage1,0,ppo/critic_grad_norm_preclip,31,1791513487.7395804,0.6211438179016113
stage1,0,ppo/critic_grad_norm_preclip,32,1791513514.4864872,0.7652989625930786
stage1,0,ppo/critic_grad_norm_preclip,33,1791513542.3009481,0.5476526618003845
stage1,0,ppo/critic_grad_norm_preclip,34,1791513569.053953,0.6196063160896301
stage1,0,ppo/critic_grad_norm_preclip,35,1791513596.8376198,0.6506279110908508
stage1,0,ppo/critic_grad_norm_preclip,36,1791513627.5398924,0.32621413469314575
stage1,0,ppo/critic_grad_norm_preclip,37,1791513654.1614017,0.6603952050209045
stage1,0,ppo/critic_grad_norm_preclip,38,1791513684.3341286,0.40873876214027405
stage1,0,ppo/critic_grad_norm_preclip,39,1791513710.7955108,0.6382066011428833
stage1,0,ppo/critic_grad_norm_preclip,40,1791513737.9478986,0.27774888277053833
stage2,0,ppo/critic_grad_norm_preclip,41,1791515433.320972,0.8356947302818298
stage2,0,ppo/critic_grad_norm_preclip,42,1791515460.529006,8.807514190673828
stage2,0,ppo/critic_grad_norm_preclip,43,1791515487.5563455,19.579336166381836
stage2,0,ppo/critic_grad_norm_preclip,44,1791515515.439119,30.89130973815918
stage2,0,ppo/critic_grad_norm_preclip,45,1791515543.4930425,44.32575607299805
stage2,0,ppo/critic_grad_norm_preclip,46,1791515570.6050894,39.7602653503418
stage2,0,ppo/critic_grad_norm_preclip,47,1791515597.9996023,86.91389465332031
stage2,0,ppo/critic_grad_norm_preclip,48,1791515624.3755257,6.181676864624023
stage2,0,ppo/critic_grad_norm_preclip,49,1791515650.4016593,24.327802658081055
stage2,0,ppo/critic_grad_norm_preclip,50,1791515676.3279552,37.138084411621094
stage2,0,ppo/critic_grad_norm_preclip,51,1791515702.1380064,43.09672546386719
stage2,0,ppo/critic_grad_norm_preclip,52,1791515728.0750778,33.77024459838867
stage2,0,ppo/critic_grad_norm_preclip,53,1791515753.977194,185.59170532226562
stage2,0,ppo/critic_grad_norm_preclip,54,1791515780.508637,16.671030044555664
stage2,0,ppo/critic_grad_norm_preclip,55,1791515806.815527,6.348514556884766
stage2,0,ppo/critic_grad_norm_preclip,56,1791515833.6519442,28.7829532623291
stage2,0,ppo/critic_grad_norm_preclip,57,1791515860.566129,50.3105583190918
stage2,0,ppo/critic_grad_norm_preclip,58,1791515887.0545633,25.86394500732422
stage2,0,ppo/critic_grad_norm_preclip,59,1791515913.4377167,217.7351837158203
stage2,0,ppo/critic_grad_norm_preclip,60,1791515939.6986642,21.608306884765625
stage2,0,ppo/critic_grad_norm_preclip,61,1791515966.3030763,6.533445835113525
stage2,0,ppo/critic_grad_norm_preclip,62,1791515993.483346,27.095653533935547
stage2,0,ppo/critic_grad_norm_preclip,63,1791516021.1276884,48.65384292602539
stage2,0,ppo/critic_grad_norm_preclip,64,1791516047.091046,32.526145935058594
stage2,0,ppo/critic_grad_norm_preclip,65,1791516074.3101003,192.6835479736328
stage2,0,ppo/critic_grad_norm_preclip,66,1791516100.5619924,16.861539840698242
stage2,0,ppo/critic_grad_norm_preclip,67,1791516128.0328696,4.9057536125183105
stage2,0,ppo/critic_grad_norm_preclip,68,1791516154.3297164,20.282976150512695
stage2,0,ppo/critic_grad_norm_preclip,69,1791516181.7462428,52.780738830566406
stage2,0,ppo/critic_grad_norm_preclip,70,1791516207.7500043,45.09173583984375
stage2,0,ppo/critic_grad_norm_preclip,71,1791516236.4825377,64.2619857788086
stage2,0,ppo/critic_grad_norm_preclip,72,1791516262.790323,127.1124496459961
stage2,0,ppo/critic_grad_norm_preclip,73,1791516290.2465885,11.923535346984863
stage2,0,ppo/critic_grad_norm_preclip,74,1791516316.5378087,7.803625106811523
stage2,0,ppo/critic_grad_norm_preclip,75,1791516344.7231064,21.402372360229492
stage2,0,ppo/critic_grad_norm_preclip,76,1791516370.9121702,29.69668197631836
stage2,0,ppo/critic_grad_norm_preclip,77,1791516397.4931598,28.625198364257812
stage2,0,ppo/critic_grad_norm_preclip,78,1791516424.4133837,120.52364349365234
stage2,0,ppo/critic_grad_norm_preclip,79,1791516450.9401557,6.225426197052002
stage2,0,ppo/critic_grad_norm_preclip,80,1791516478.0184166,7.183915615081787
stage2,0,ppo/critic_grad_norm_preclip,81,1791518405.392591,27.26444435119629
stage2,0,ppo/critic_grad_norm_preclip,82,1791518431.8269517,34.36605453491211
stage2,0,ppo/critic_grad_norm_preclip,83,1791518458.1029515,34.3129768371582
stage2,0,ppo/critic_grad_norm_preclip,84,1791518484.5122802,83.68743133544922
stage2,0,ppo/critic_grad_norm_preclip,85,1791518511.2046413,14.011116027832031
stage2,0,ppo/critic_grad_norm_preclip,86,1791518537.9060779,12.059598922729492
stage2,0,ppo/critic_grad_norm_preclip,87,1791518565.0303066,20.301128387451172
stage2,0,ppo/critic_grad_norm_preclip,88,1791518592.2869241,36.7402229309082
stage2,0,ppo/critic_grad_norm_preclip,89,1791518618.6190088,34.76688766479492
stage2,0,ppo/critic_grad_norm_preclip,90,1791518644.9748664,42.253841400146484
stage2,0,ppo/critic_grad_norm_preclip,91,1791518671.5747955,13.48435115814209
stage2,0,ppo/critic_grad_norm_preclip,92,1791518698.3940454,12.190713882446289
stage2,0,ppo/critic_grad_norm_preclip,93,1791518725.0743241,15.354204177856445
stage2,0,ppo/critic_grad_norm_preclip,94,1791518751.967882,36.00003433227539
stage2,0,ppo/critic_grad_norm_preclip,95,1791518778.1767068,59.43666076660156
stage2,0,ppo/critic_grad_norm_preclip,96,1791518804.133096,56.199058532714844
stage2,0,ppo/critic_grad_norm_preclip,97,1791518830.4999907,58.516353607177734
stage2,0,ppo/critic_grad_norm_preclip,98,1791518857.0566144,35.88071060180664
stage2,0,ppo/critic_grad_norm_preclip,99,1791518884.3795092,11.613500595092773
stage2,0,ppo/critic_grad_norm_preclip,100,1791518910.5854745,23.966184616088867
stage2,0,ppo/critic_grad_norm_preclip,101,1791518937.5811026,40.15974426269531
stage2,0,ppo/critic_grad_norm_preclip,102,1791518963.6815367,54.69227981567383
stage2,0,ppo/critic_grad_norm_preclip,103,1791518993.1900673,99.782470703125
stage2,0,ppo/critic_grad_norm_preclip,104,1791519019.7674053,54.661495208740234
stage2,0,ppo/critic_grad_norm_preclip,105,1791519047.0008693,12.354549407958984
stage2,0,ppo/critic_grad_norm_preclip,106,1791519073.310907,27.162988662719727
stage2,0,ppo/critic_grad_norm_preclip,107,1791519103.1986578,70.54029846191406
stage2,0,ppo/critic_grad_norm_preclip,108,1791519129.208983,115.0657730102539
stage2,0,ppo/critic_grad_norm_preclip,109,1791519156.1438575,165.12777709960938
stage2,0,ppo/critic_grad_norm_preclip,110,1791519182.4848492,26.30427360534668
stage2,0,ppo/critic_grad_norm_preclip,111,1791519209.652447,7.122808456420898
stage2,0,ppo/critic_grad_norm_preclip,112,1791519236.0070589,26.832008361816406
stage2,0,ppo/critic_grad_norm_preclip,113,1791519262.824734,118.21160888671875
stage2,0,ppo/critic_grad_norm_preclip,114,1791519289.0330484,82.7575454711914
stage2,0,ppo/critic_grad_norm_preclip,115,1791519317.246743,111.07050323486328
stage2,0,ppo/critic_grad_norm_preclip,116,1791519344.1620255,42.454856872558594
stage2,0,ppo/critic_grad_norm_preclip,117,1791519370.5897012,16.589786529541016
stage2,0,ppo/critic_grad_norm_preclip,118,1791519397.323788,18.09612464904785
stage2,0,ppo/critic_grad_norm_preclip,119,1791519424.5417519,41.22045135498047
stage2,0,ppo/critic_grad_norm_preclip,120,1791519453.0523317,41.935176849365234
stage1,0,ppo/critic_lr,1,1791511907.572301,0.0003000000142492354
stage1,0,ppo/critic_lr,2,1791511937.472828,0.0003000000142492354
stage1,0,ppo/critic_lr,3,1791511965.2775843,0.0003000000142492354
stage1,0,ppo/critic_lr,4,1791511994.5367613,0.0003000000142492354
stage1,0,ppo/critic_lr,5,1791512021.9639053,0.0003000000142492354
stage1,0,ppo/critic_lr,6,1791512049.6843238,0.0003000000142492354
stage1,0,ppo/critic_lr,7,1791512082.2043946,0.0003000000142492354
stage1,0,ppo/critic_lr,8,1791512123.0811386,0.0003000000142492354
stage1,0,ppo/critic_lr,9,1791512150.4805145,0.0003000000142492354
stage1,0,ppo/critic_lr,10,1791512178.1821506,0.0003000000142492354
stage1,0,ppo/critic_lr,11,1791512206.404804,0.0003000000142492354
stage1,0,ppo/critic_lr,12,1791512234.74073,0.0003000000142492354
stage1,0,ppo/critic_lr,13,1791512262.2975519,0.0003000000142492354
stage1,0,ppo/critic_lr,14,1791512290.555079,0.0003000000142492354
stage1,0,ppo/critic_lr,15,1791512317.9191325,0.0003000000142492354
stage1,0,ppo/critic_lr,16,1791512346.106344,0.0003000000142492354
stage1,0,ppo/critic_lr,17,1791512373.8969038,0.0003000000142492354
stage1,0,ppo/critic_lr,18,1791512406.3290315,0.0003000000142492354
stage1,0,ppo/critic_lr,19,1791512438.7677681,0.0003000000142492354
stage1,0,ppo/critic_lr,20,1791512465.728689,0.0003000000142492354
stage1,0,ppo/critic_lr,21,1791513218.5738094,0.0003000000142492354
stage1,0,ppo/critic_lr,22,1791513245.193475,0.0003000000142492354
stage1,0,ppo/critic_lr,23,1791513271.9374154,0.0003000000142492354
stage1,0,ppo/critic_lr,24,1791513298.3953378,0.0003000000142492354
stage1,0,ppo/critic_lr,25,1791513325.956843,0.0003000000142492354
stage1,0,ppo/critic_lr,26,1791513352.6377263,0.0003000000142492354
stage1,0,ppo/critic_lr,27,1791513379.801501,0.0003000000142492354
stage1,0,ppo/critic_lr,28,1791513405.9596522,0.0003000000142492354
stage1,0,ppo/critic_lr,29,1791513433.5189476,0.0003000000142492354
stage1,0,ppo/critic_lr,30,1791513460.321323,0.0003000000142492354
stage1,0,ppo/critic_lr,31,1791513487.739906,0.0003000000142492354
stage1,0,ppo/critic_lr,32,1791513514.4870012,0.0003000000142492354
stage1,0,ppo/critic_lr,33,1791513542.3013327,0.0003000000142492354
stage1,0,ppo/critic_lr,34,1791513569.0546746,0.0003000000142492354
stage1,0,ppo/critic_lr,35,1791513596.8381476,0.0003000000142492354
stage1,0,ppo/critic_lr,36,1791513627.5402722,0.0003000000142492354
stage1,0,ppo/critic_lr,37,1791513654.1617262,0.0003000000142492354
stage1,0,ppo/critic_lr,38,1791513684.3346431,0.0003000000142492354
stage1,0,ppo/critic_lr,39,1791513710.7957795,0.0003000000142492354
stage1,0,ppo/critic_lr,40,1791513737.948242,0.0003000000142492354
stage2,0,ppo/critic_lr,41,1791515433.3218834,0.0003000000142492354
stage2,0,ppo/critic_lr,42,1791515460.5295644,0.0003000000142492354
stage2,0,ppo/critic_lr,43,1791515487.5568986,0.0003000000142492354
stage2,0,ppo/critic_lr,44,1791515515.4399345,0.0003000000142492354
stage2,0,ppo/critic_lr,45,1791515543.50026,0.0003000000142492354
stage2,0,ppo/critic_lr,46,1791515570.6055903,0.0003000000142492354
stage2,0,ppo/critic_lr,47,1791515598.000065,0.0003000000142492354
stage2,0,ppo/critic_lr,48,1791515624.3762116,0.0003000000142492354
stage2,0,ppo/critic_lr,49,1791515650.402285,0.0003000000142492354
stage2,0,ppo/critic_lr,50,1791515676.3284621,0.0003000000142492354
stage2,0,ppo/critic_lr,51,1791515702.1385202,0.0003000000142492354
stage2,0,ppo/critic_lr,52,1791515728.0755167,0.0003000000142492354
stage2,0,ppo/critic_lr,53,1791515753.9775953,0.0003000000142492354
stage2,0,ppo/critic_lr,54,1791515780.5092392,0.0003000000142492354
stage2,0,ppo/critic_lr,55,1791515806.8160715,0.0003000000142492354
stage2,0,ppo/critic_lr,56,1791515833.6523962,0.0003000000142492354
stage2,0,ppo/critic_lr,57,1791515860.566653,0.0003000000142492354
stage2,0,ppo/critic_lr,58,1791515887.054949,0.0003000000142492354
stage2,0,ppo/critic_lr,59,1791515913.438061,0.0003000000142492354
stage2,0,ppo/critic_lr,60,1791515939.6990397,0.0003000000142492354
stage2,0,ppo/critic_lr,61,1791515966.30353,0.0003000000142492354
stage2,0,ppo/critic_lr,62,1791515993.4838157,0.0003000000142492354
stage2,0,ppo/critic_lr,63,1791516021.128286,0.0003000000142492354
stage2,0,ppo/critic_lr,64,1791516047.091508,0.0003000000142492354
stage2,0,ppo/critic_lr,65,1791516074.310839,0.0003000000142492354
stage2,0,ppo/critic_lr,66,1791516100.5624182,0.0003000000142492354
stage2,0,ppo/critic_lr,67,1791516128.0332184,0.0003000000142492354
stage2,0,ppo/critic_lr,68,1791516154.330204,0.0003000000142492354
stage2,0,ppo/critic_lr,69,1791516181.7466955,0.0003000000142492354
stage2,0,ppo/critic_lr,70,1791516207.7505188,0.0003000000142492354
stage2,0,ppo/critic_lr,71,1791516236.4830427,0.0003000000142492354
stage2,0,ppo/critic_lr,72,1791516262.790683,0.0003000000142492354
stage2,0,ppo/critic_lr,73,1791516290.2472494,0.0003000000142492354
stage2,0,ppo/critic_lr,74,1791516316.5386207,0.0003000000142492354
stage2,0,ppo/critic_lr,75,1791516344.7234643,0.0003000000142492354
stage2,0,ppo/critic_lr,76,1791516370.9127722,0.0003000000142492354
stage2,0,ppo/critic_lr,77,1791516397.493491,0.0003000000142492354
stage2,0,ppo/critic_lr,78,1791516424.413788,0.0003000000142492354
stage2,0,ppo/critic_lr,79,1791516450.940532,0.0003000000142492354
stage2,0,ppo/critic_lr,80,1791516478.019023,0.0003000000142492354
stage2,0,ppo/critic_lr,81,1791518405.4703014,0.0003000000142492354
stage2,0,ppo/critic_lr,82,1791518431.827351,0.0003000000142492354
stage2,0,ppo/critic_lr,83,1791518458.1035743,0.0003000000142492354
stage2,0,ppo/critic_lr,84,1791518484.513083,0.0003000000142492354
stage2,0,ppo/critic_lr,85,1791518511.2055051,0.0003000000142492354
stage2,0,ppo/critic_lr,86,1791518537.9067976,0.0003000000142492354
stage2,0,ppo/critic_lr,87,1791518565.0311503,0.0003000000142492354
stage2,0,ppo/critic_lr,88,1791518592.287464,0.0003000000142492354
stage2,0,ppo/critic_lr,89,1791518618.6195116,0.0003000000142492354
stage2,0,ppo/critic_lr,90,1791518644.9753408,0.0003000000142492354
stage2,0,ppo/critic_lr,91,1791518671.5753226,0.0003000000142492354
stage2,0,ppo/critic_lr,92,1791518698.3949215,0.0003000000142492354
stage2,0,ppo/critic_lr,93,1791518725.0750504,0.0003000000142492354
stage2,0,ppo/critic_lr,94,1791518751.9684494,0.0003000000142492354
stage2,0,ppo/critic_lr,95,1791518778.1774151,0.0003000000142492354
stage2,0,ppo/critic_lr,96,1791518804.1338024,0.0003000000142492354
stage2,0,ppo/critic_lr,97,1791518830.5005515,0.0003000000142492354
stage2,0,ppo/critic_lr,98,1791518857.0571046,0.0003000000142492354
stage2,0,ppo/critic_lr,99,1791518884.3799157,0.0003000000142492354
stage2,0,ppo/critic_lr,100,1791518910.5859666,0.0003000000142492354
stage2,0,ppo/critic_lr,101,1791518937.5815852,0.0003000000142492354
stage2,0,ppo/critic_lr,102,1791518963.681989,0.0003000000142492354
stage2,0,ppo/critic_lr,103,1791518993.190549,0.0003000000142492354
stage2,0,ppo/critic_lr,104,1791519019.76769,0.0003000000142492354
stage2,0,ppo/critic_lr,105,1791519047.0013027,0.0003000000142492354
stage2,0,ppo/critic_lr,106,1791519073.3112345,0.0003000000142492354
stage2,0,ppo/critic_lr,107,1791519103.199209,0.0003000000142492354
stage2,0,ppo/critic_lr,108,1791519129.2097511,0.0003000000142492354
stage2,0,ppo/critic_lr,109,1791519156.1445365,0.0003000000142492354
stage2,0,ppo/critic_lr,110,1791519182.4851632,0.0003000000142492354
stage2,0,ppo/critic_lr,111,1791519209.6528928,0.0003000000142492354
stage2,0,ppo/critic_lr,112,1791519236.007377,0.0003000000142492354
stage2,0,ppo/critic_lr,113,1791519262.8251638,0.0003000000142492354
stage2,0,ppo/critic_lr,114,1791519289.0333664,0.0003000000142492354
stage2,0,ppo/critic_lr,115,1791519317.2471752,0.0003000000142492354
stage2,0,ppo/critic_lr,116,1791519344.1624491,0.0003000000142492354
stage2,0,ppo/critic_lr,117,1791519370.590135,0.0003000000142492354
stage2,0,ppo/critic_lr,118,1791519397.324252,0.0003000000142492354
stage2,0,ppo/critic_lr,119,1791519424.542183,0.0003000000142492354
stage2,0,ppo/critic_lr,120,1791519453.0526636,0.0003000000142492354
stage1,0,ppo/entropy,1,1791511907.5715919,-0.6675361394882202
stage1,0,ppo/entropy,2,1791511937.4719143,-0.6655707359313965
stage1,0,ppo/entropy,3,1791511965.2766957,-0.6638944149017334
stage1,0,ppo/entropy,4,1791511994.5359159,-0.6636149287223816
stage1,0,ppo/entropy,5,1791512021.9630992,-0.6642744541168213
stage1,0,ppo/entropy,6,1791512049.6835966,-0.6647217273712158
stage1,0,ppo/entropy,7,1791512082.1969802,-0.6662604212760925
stage1,0,ppo/entropy,8,1791512123.0804334,-0.6666361093521118
stage1,0,ppo/entropy,9,1791512150.479909,-0.6667569279670715
stage1,0,ppo/entropy,10,1791512178.181322,-0.6670460104942322
stage1,0,ppo/entropy,11,1791512206.404215,-0.6679556369781494
stage1,0,ppo/entropy,12,1791512234.739881,-0.6686046719551086
stage1,0,ppo/entropy,13,1791512262.2969942,-0.6701201796531677
stage1,0,ppo/entropy,14,1791512290.5544202,-0.6712573170661926
stage1,0,ppo/entropy,15,1791512317.918418,-0.6726771593093872
stage1,0,ppo/entropy,16,1791512346.1055853,-0.6736723184585571
stage1,0,ppo/entropy,17,1791512373.8963451,-0.6741952896118164
stage1,0,ppo/entropy,18,1791512406.328042,-0.6740638613700867
stage1,0,ppo/entropy,19,1791512438.767217,-0.6742541790008545
stage1,0,ppo/entropy,20,1791512465.7278504,-0.6742616295814514
stage1,0,ppo/entropy,21,1791513218.5728192,-0.6749380230903625
stage1,0,ppo/entropy,22,1791513245.1926684,-0.6761642098426819
stage1,0,ppo/entropy,23,1791513271.9366546,-0.6781179308891296
stage1,0,ppo/entropy,24,1791513298.394478,-0.6793025732040405
stage1,0,ppo/entropy,25,1791513325.9562802,-0.6807568669319153
stage1,0,ppo/entropy,26,1791513352.637366,-0.6824052929878235
stage1,0,ppo/entropy,27,1791513379.8010201,-0.6837186813354492
stage1,0,ppo/entropy,28,1791513405.9592087,-0.6856633424758911
stage1,0,ppo/entropy,29,1791513433.5182848,-0.6868836879730225
stage1,0,ppo/entropy,30,1791513460.3206995,-0.6888328194618225
stage1,0,ppo/entropy,31,1791513487.7395556,-0.6905332803726196
stage1,0,ppo/entropy,32,1791513514.4864664,-0.6932259798049927
stage1,0,ppo/entropy,33,1791513542.3009276,-0.6955686807632446
stage1,0,ppo/entropy,34,1791513569.053932,-0.69744473695755
stage1,0,ppo/entropy,35,1791513596.8375986,-0.6987337470054626
stage1,0,ppo/entropy,36,1791513627.5398712,-0.7010811567306519
stage1,0,ppo/entropy,37,1791513654.1613815,-0.7028201222419739
stage1,0,ppo/entropy,38,1791513684.3341088,-0.7045912146568298
stage1,0,ppo/entropy,39,1791513710.79549,-0.706510066986084
stage1,0,ppo/entropy,40,1791513737.9478774,-0.7081428170204163
stage2,0,ppo/entropy,41,1791515433.3209496,-0.7104101181030273
stage2,0,ppo/entropy,42,1791515460.5289848,-0.7111809849739075
stage2,0,ppo/entropy,43,1791515487.5563238,-0.7118855714797974
stage2,0,ppo/entropy,44,1791515515.4390984,-0.7118720412254333
stage2,0,ppo/entropy,45,1791515543.4930215,-0.7117584347724915
stage2,0,ppo/entropy,46,1791515570.605068,-0.7120693922042847
stage2,0,ppo/entropy,47,1791515597.9995806,-0.7129221558570862
stage2,0,ppo/entropy,48,1791515624.375505,-0.7130521535873413
stage2,0,ppo/entropy,49,1791515650.4016378,-0.7137070298194885
stage2,0,ppo/entropy,50,1791515676.327928,-0.7139557003974915
stage2,0,ppo/entropy,51,1791515702.1379852,-0.7141539454460144
stage2,0,ppo/entropy,52,1791515728.0750499,-0.7135477662086487
stage2,0,ppo/entropy,53,1791515753.9771729,-0.7129871249198914
stage2,0,ppo/entropy,54,1791515780.5086155,-0.7122868895530701
stage2,0,ppo/entropy,55,1791515806.8154976,-0.7117162942886353
stage2,0,ppo/entropy,56,1791515833.6519222,-0.7123841643333435
stage2,0,ppo/entropy,57,1791515860.566105,-0.7130964398384094
stage2,0,ppo/entropy,58,1791515887.0545423,-0.7133740186691284
stage2,0,ppo/entropy,59,1791515913.437695,-0.7132964134216309
stage2,0,ppo/entropy,60,1791515939.6986427,-0.7129701972007751
stage2,0,ppo/entropy,61,1791515966.3030436,-0.7128549814224243
stage2,0,ppo/entropy,62,1791515993.4833033,-0.7136788964271545
stage2,0,ppo/entropy,63,1791516021.127667,-0.7145618200302124
stage2,0,ppo/entropy,64,1791516047.091025,-0.7151378989219666
stage2,0,ppo/entropy,65,1791516074.3100708,-0.7154421210289001
stage2,0,ppo/entropy,66,1791516100.5619605,-0.7164212465286255
stage2,0,ppo/entropy,67,1791516128.0328472,-0.718366801738739
stage2,0,ppo/entropy,68,1791516154.329687,-0.7203810811042786
stage2,0,ppo/entropy,69,1791516181.7462215,-0.721389889717102
stage2,0,ppo/entropy,70,1791516207.7499762,-0.721714198589325
stage2,0,ppo/entropy,71,1791516236.4825065,-0.7221962809562683
stage2,0,ppo/entropy,72,1791516262.790301,-0.7223690152168274
stage2,0,ppo/entropy,73,1791516290.2465641,-0.7223009467124939
stage2,0,ppo/entropy,74,1791516316.5377748,-0.7233787775039673
stage2,0,ppo/entropy,75,1791516344.7230723,-0.7242123484611511
stage2,0,ppo/entropy,76,1791516370.9121494,-0.7244483828544617
stage2,0,ppo/entropy,77,1791516397.4931278,-0.7248181104660034
stage2,0,ppo/entropy,78,1791516424.4133625,-0.725334107875824
stage2,0,ppo/entropy,79,1791516450.9401343,-0.7251851558685303
stage2,0,ppo/entropy,80,1791516478.0183783,-0.7258015871047974
stage2,0,ppo/entropy,81,1791518405.3925545,-0.7263667583465576
stage2,0,ppo/entropy,82,1791518431.8269296,-0.7268274426460266
stage2,0,ppo/entropy,83,1791518458.1029112,-0.7278763651847839
stage2,0,ppo/entropy,84,1791518484.5122585,-0.7297871112823486
stage2,0,ppo/entropy,85,1791518511.2045963,-0.7316142320632935
stage2,0,ppo/entropy,86,1791518537.9060347,-0.7319813966751099
stage2,0,ppo/entropy,87,1791518565.0302858,-0.7327515482902527
stage2,0,ppo/entropy,88,1791518592.2869024,-0.734288215637207
stage2,0,ppo/entropy,89,1791518618.6189878,-0.7355998754501343
stage2,0,ppo/entropy,90,1791518644.974845,-0.7358676791191101
stage2,0,ppo/entropy,91,1791518671.5747738,-0.736751139163971
stage2,0,ppo/entropy,92,1791518698.3940241,-0.7373343706130981
stage2,0,ppo/entropy,93,1791518725.0743015,-0.7379060387611389
stage2,0,ppo/entropy,94,1791518751.9678607,-0.7394362092018127
stage2,0,ppo/entropy,95,1791518778.176686,-0.7413008809089661
stage2,0,ppo/entropy,96,1791518804.1330538,-0.7415911555290222
stage2,0,ppo/entropy,97,1791518830.4999688,-0.7416738271713257
stage2,0,ppo/entropy,98,1791518857.0565932,-0.7411521077156067
stage2,0,ppo/entropy,99,1791518884.379488,-0.7408759593963623
stage2,0,ppo/entropy,100,1791518910.5854535,-0.7424368262290955
stage2,0,ppo/entropy,101,1791518937.5810735,-0.7440746426582336
stage2,0,ppo/entropy,102,1791518963.6815155,-0.7454495429992676
stage2,0,ppo/entropy,103,1791518993.190045,-0.7464871406555176
stage2,0,ppo/entropy,104,1791519019.767375,-0.7482326626777649
stage2,0,ppo/entropy,105,1791519047.0008469,-0.7505974769592285
stage2,0,ppo/entropy,106,1791519073.3108857,-0.7521034479141235
stage2,0,ppo/entropy,107,1791519103.1986272,-0.7524253129959106
stage2,0,ppo/entropy,108,1791519129.2089517,-0.7532228231430054
stage2,0,ppo/entropy,109,1791519156.143836,-0.7538739442825317
stage2,0,ppo/entropy,110,1791519182.4848285,-0.7544187903404236
stage2,0,ppo/entropy,111,1791519209.6524174,-0.7549126148223877
stage2,0,ppo/entropy,112,1791519236.0070372,-0.7562532424926758
stage2,0,ppo/entropy,113,1791519262.8247037,-0.7571602463722229
stage2,0,ppo/entropy,114,1791519289.0330265,-0.7579387426376343
stage2,0,ppo/entropy,115,1791519317.2467206,-0.7593926191329956
stage2,0,ppo/entropy,116,1791519344.1620045,-0.7605624198913574
stage2,0,ppo/entropy,117,1791519370.5896807,-0.7612617015838623
stage2,0,ppo/entropy,118,1791519397.3237665,-0.7617680430412292
stage2,0,ppo/entropy,119,1791519424.5417302,-0.7630552649497986
stage2,0,ppo/entropy,120,1791519453.0523107,-0.7645549178123474
stage1,0,ppo/exact_kl,1,1791511907.571606,0.0014092924538999796
stage1,0,ppo/exact_kl,2,1791511937.471928,0.003346068086102605
stage1,0,ppo/exact_kl,3,1791511965.2767088,0.0033361241221427917
stage1,0,ppo/exact_kl,4,1791511994.5359476,0.0043054609559476376
stage1,0,ppo/exact_kl,5,1791512021.9631126,0.0025119571946561337
stage1,0,ppo/exact_kl,6,1791512049.683629,0.0026502558030188084
stage1,0,ppo/exact_kl,7,1791512082.1969943,0.0017498416127637029
stage1,0,ppo/exact_kl,8,1791512123.0804465,0.002455868059769273
stage1,0,ppo/exact_kl,9,1791512150.4799223,0.002242523478344083
stage1,0,ppo/exact_kl,10,1791512178.1813354,0.0023587599862366915
stage1,0,ppo/exact_kl,11,1791512206.4042277,0.0014733306597918272
stage1,0,ppo/exact_kl,12,1791512234.739894,0.003808326320722699
stage1,0,ppo/exact_kl,13,1791512262.2970078,0.0022062326315790415
stage1,0,ppo/exact_kl,14,1791512290.5544329,0.0011991732753813267
stage1,0,ppo/exact_kl,15,1791512317.9184308,0.004232014529407024
stage1,0,ppo/exact_kl,16,1791512346.1055987,0.0014766789972782135
stage1,0,ppo/exact_kl,17,1791512373.8963606,0.00412718765437603
stage1,0,ppo/exact_kl,18,1791512406.3280547,0.0028656860813498497
stage1,0,ppo/exact_kl,19,1791512438.76723,0.004339144099503756
stage1,0,ppo/exact_kl,20,1791512465.7278636,0.0031659279484301805
stage1,0,ppo/exact_kl,21,1791513218.5728552,0.007536317687481642
stage1,0,ppo/exact_kl,22,1791513245.1926825,0.0030740422662347555
stage1,0,ppo/exact_kl,23,1791513271.9366915,0.007360727060586214
stage1,0,ppo/exact_kl,24,1791513298.3944912,0.0024315672926604748
stage1,0,ppo/exact_kl,25,1791513325.9563165,0.00496659055352211
stage1,0,ppo/exact_kl,26,1791513352.6373796,0.0019861331675201654
stage1,0,ppo/exact_kl,27,1791513379.801034,0.004546798765659332
stage1,0,ppo/exact_kl,28,1791513405.9592218,0.0012224462116137147
stage1,0,ppo/exact_kl,29,1791513433.5182977,0.005579805932939053
stage1,0,ppo/exact_kl,30,1791513460.3207166,0.00291609694249928
stage1,0,ppo/exact_kl,31,1791513487.7395725,0.0031052790582180023
stage1,0,ppo/exact_kl,32,1791513514.4864793,0.004955143202096224
stage1,0,ppo/exact_kl,33,1791513542.3009405,0.0025398917496204376
stage1,0,ppo/exact_kl,34,1791513569.053945,0.0019370848312973976
stage1,0,ppo/exact_kl,35,1791513596.837612,0.0029275892302393913
stage1,0,ppo/exact_kl,36,1791513627.5398848,0.001491611823439598
stage1,0,ppo/exact_kl,37,1791513654.1613944,0.004646317567676306
stage1,0,ppo/exact_kl,38,1791513684.3341217,0.0026526078581809998
stage1,0,ppo/exact_kl,39,1791513710.7955034,0.0031140134669840336
stage1,0,ppo/exact_kl,40,1791513737.9478905,0.0023269704543054104
stage2,0,ppo/exact_kl,41,1791515433.3209643,0.001947468495927751
stage2,0,ppo/exact_kl,42,1791515460.5289984,0.0030908130574971437
stage2,0,ppo/exact_kl,43,1791515487.5563374,0.0012560125906020403
stage2,0,ppo/exact_kl,44,1791515515.4391117,0.0011776398168876767
stage2,0,ppo/exact_kl,45,1791515543.4930348,0.0008600882138125598
stage2,0,ppo/exact_kl,46,1791515570.6050818,0.003700205823406577
stage2,0,ppo/exact_kl,47,1791515597.9995944,0.001339430920779705
stage2,0,ppo/exact_kl,48,1791515624.3755183,0.002048091497272253
stage2,0,ppo/exact_kl,49,1791515650.4016511,0.0014878406655043364
stage2,0,ppo/exact_kl,50,1791515676.327947,0.001412155688740313
stage2,0,ppo/exact_kl,51,1791515702.1379988,0.00030274639721028507
stage2,0,ppo/exact_kl,52,1791515728.07507,0.0018140310421586037
stage2,0,ppo/exact_kl,53,1791515753.977186,0.0023261322639882565
stage2,0,ppo/exact_kl,54,1791515780.5086293,0.003867500461637974
stage2,0,ppo/exact_kl,55,1791515806.8155193,0.0014382274821400642
stage2,0,ppo/exact_kl,56,1791515833.6519365,0.001348388846963644
stage2,0,ppo/exact_kl,57,1791515860.5661209,0.0015998377930372953
stage2,0,ppo/exact_kl,58,1791515887.0545557,0.0015778946690261364
stage2,0,ppo/exact_kl,59,1791515913.4377089,0.002978658303618431
stage2,0,ppo/exact_kl,60,1791515939.6986566,0.0022604507394135
stage2,0,ppo/exact_kl,61,1791515966.3030584,0.004332828335464001
stage2,0,ppo/exact_kl,62,1791515993.483319,0.0018162594642490149
stage2,0,ppo/exact_kl,63,1791516021.1276808,0.0007309148786589503
stage2,0,ppo/exact_kl,64,1791516047.0910385,0.00030120208975858986
stage2,0,ppo/exact_kl,65,1791516074.3100924,0.001101798377931118
stage2,0,ppo/exact_kl,66,1791516100.5619745,0.0014179965946823359
stage2,0,ppo/exact_kl,67,1791516128.032862,0.003231803420931101
stage2,0,ppo/exact_kl,68,1791516154.3297005,0.002398548647761345
stage2,0,ppo/exact_kl,69,1791516181.7462354,0.002187711652368307
stage2,0,ppo/exact_kl,70,1791516207.749997,0.0006971671245992184
stage2,0,ppo/exact_kl,71,1791516236.48253,0.003033628221601248
stage2,0,ppo/exact_kl,72,1791516262.790315,0.0021211819257587194
stage2,0,ppo/exact_kl,73,1791516290.2465808,0.004559685941785574
stage2,0,ppo/exact_kl,74,1791516316.537801,0.004066380672156811
stage2,0,ppo/exact_kl,75,1791516344.7230985,0.001499175326898694
stage2,0,ppo/exact_kl,76,1791516370.9121625,0.003243342973291874
stage2,0,ppo/exact_kl,77,1791516397.4931521,0.0002616384590510279
stage2,0,ppo/exact_kl,78,1791516424.413376,0.0015964473132044077
stage2,0,ppo/exact_kl,79,1791516450.9401479,0.0029570385813713074
stage2,0,ppo/exact_kl,80,1791516478.0184076,0.0018388915341347456
stage2,0,ppo/exact_kl,81,1791518405.3925831,0.0020060522947460413
stage2,0,ppo/exact_kl,82,1791518431.8269434,0.0012243553064763546
stage2,0,ppo/exact_kl,83,1791518458.1029434,0.000867130933329463
stage2,0,ppo/exact_kl,84,1791518484.5122726,0.002245317678898573
stage2,0,ppo/exact_kl,85,1791518511.2046332,0.00593998096883297
stage2,0,ppo/exact_kl,86,1791518537.9060705,0.004089591093361378
stage2,0,ppo/exact_kl,87,1791518565.0302992,0.0013861149782314897
stage2,0,ppo/exact_kl,88,1791518592.2869165,0.0007850602851249278
stage2,0,ppo/exact_kl,89,1791518618.6190012,0.004104405641555786
stage2,0,ppo/exact_kl,90,1791518644.9748585,0.0011021926766261458
stage2,0,ppo/exact_kl,91,1791518671.5747874,0.0030058969277888536
stage2,0,ppo/exact_kl,92,1791518698.3940377,0.002023730194196105
stage2,0,ppo/exact_kl,93,1791518725.0743153,0.0011780563509091735
stage2,0,ppo/exact_kl,94,1791518751.967874,0.003072338178753853
stage2,0,ppo/exact_kl,95,1791518778.1766994,0.0033781644888222218
stage2,0,ppo/exact_kl,96,1791518804.1330884,0.0026392436120659113
stage2,0,ppo/exact_kl,97,1791518830.4999828,0.002673024544492364
stage2,0,ppo/exact_kl,98,1791518857.0566068,0.0028384358156472445
stage2,0,ppo/exact_kl,99,1791518884.3795013,0.0020727026276290417
stage2,0,ppo/exact_kl,100,1791518910.5854669,0.0015994859859347343
stage2,0,ppo/exact_kl,101,1791518937.581095,0.0009847930632531643
stage2,0,ppo/exact_kl,102,1791518963.6815286,0.0026217508129775524
stage2,0,ppo/exact_kl,103,1791518993.190059,0.0018563340418040752
stage2,0,ppo/exact_kl,104,1791519019.767395,0.0018404697766527534
stage2,0,ppo/exact_kl,105,1791519047.0008614,0.0012387791648507118
stage2,0,ppo/exact_kl,106,1791519073.3108993,0.0014936855295673013
stage2,0,ppo/exact_kl,107,1791519103.1986501,0.0023154313676059246
stage2,0,ppo/exact_kl,108,1791519129.208975,0.003084181807935238
stage2,0,ppo/exact_kl,109,1791519156.1438496,0.002887256909161806
stage2,0,ppo/exact_kl,110,1791519182.4848418,0.0022516106255352497
stage2,0,ppo/exact_kl,111,1791519209.6524389,0.003067698562517762
stage2,0,ppo/exact_kl,112,1791519236.007051,0.001967466901987791
stage2,0,ppo/exact_kl,113,1791519262.8247263,0.011267508380115032
stage2,0,ppo/exact_kl,114,1791519289.03304,0.0014621955342590809
stage2,0,ppo/exact_kl,115,1791519317.2467349,0.0024011307395994663
stage2,0,ppo/exact_kl,116,1791519344.1620178,0.0030183494091033936
stage2,0,ppo/exact_kl,117,1791519370.5896938,0.004515633452683687
stage2,0,ppo/exact_kl,118,1791519397.32378,0.001637520850636065
stage2,0,ppo/exact_kl,119,1791519424.5417435,0.000989205320365727
stage2,0,ppo/exact_kl,120,1791519453.052324,0.001447151182219386
stage1,0,ppo/hard_kl_stop,1,1791511907.5722888,0.0
stage1,0,ppo/hard_kl_stop,2,1791511937.4726558,0.0
stage1,0,ppo/hard_kl_stop,3,1791511965.277442,0.0
stage1,0,ppo/hard_kl_stop,4,1791511994.5366654,0.0
stage1,0,ppo/hard_kl_stop,5,1791512021.9637399,0.0
stage1,0,ppo/hard_kl_stop,6,1791512049.684312,0.0
stage1,0,ppo/hard_kl_stop,7,1791512082.2043736,0.0
stage1,0,ppo/hard_kl_stop,8,1791512123.0810125,0.0
stage1,0,ppo/hard_kl_stop,9,1791512150.4804945,0.0
stage1,0,ppo/hard_kl_stop,10,1791512178.181798,0.0
stage1,0,ppo/hard_kl_stop,11,1791512206.404652,0.0
stage1,0,ppo/hard_kl_stop,12,1791512234.7405498,0.0
stage1,0,ppo/hard_kl_stop,13,1791512262.2974565,0.0
stage1,0,ppo/hard_kl_stop,14,1791512290.554982,0.0
stage1,0,ppo/hard_kl_stop,15,1791512317.91896,0.0
stage1,0,ppo/hard_kl_stop,16,1791512346.1062202,0.0
stage1,0,ppo/hard_kl_stop,17,1791512373.8967755,0.0
stage1,0,ppo/hard_kl_stop,18,1791512406.3287797,0.0
stage1,0,ppo/hard_kl_stop,19,1791512438.7676408,0.0
stage1,0,ppo/hard_kl_stop,20,1791512465.7284124,0.0
stage1,0,ppo/hard_kl_stop,21,1791513218.5737972,0.0
stage1,0,ppo/hard_kl_stop,22,1791513245.1933022,0.0
stage1,0,ppo/hard_kl_stop,23,1791513271.9373143,0.0
stage1,0,ppo/hard_kl_stop,24,1791513298.3952377,0.0
stage1,0,ppo/hard_kl_stop,25,1791513325.9567769,0.0
stage1,0,ppo/hard_kl_stop,26,1791513352.6376615,0.0
stage1,0,ppo/hard_kl_stop,27,1791513379.8014421,0.0
stage1,0,ppo/hard_kl_stop,28,1791513405.9595716,0.0
stage1,0,ppo/hard_kl_stop,29,1791513433.5187871,0.0
stage1,0,ppo/hard_kl_stop,30,1791513460.3213074,0.0
stage1,0,ppo/hard_kl_stop,31,1791513487.7398415,0.0
stage1,0,ppo/hard_kl_stop,32,1791513514.4869356,0.0
stage1,0,ppo/hard_kl_stop,33,1791513542.301321,0.0
stage1,0,ppo/hard_kl_stop,34,1791513569.0546608,0.0
stage1,0,ppo/hard_kl_stop,35,1791513596.8380234,0.0
stage1,0,ppo/hard_kl_stop,36,1791513627.5402088,0.0
stage1,0,ppo/hard_kl_stop,37,1791513654.161662,0.0
stage1,0,ppo/hard_kl_stop,38,1791513684.3345864,0.0
stage1,0,ppo/hard_kl_stop,39,1791513710.7957535,0.0
stage1,0,ppo/hard_kl_stop,40,1791513737.9481857,0.0
stage2,0,ppo/hard_kl_stop,41,1791515433.3217506,0.0
stage2,0,ppo/hard_kl_stop,42,1791515460.529544,0.0
stage2,0,ppo/hard_kl_stop,43,1791515487.5568871,0.0
stage2,0,ppo/hard_kl_stop,44,1791515515.4399226,0.0
stage2,0,ppo/hard_kl_stop,45,1791515543.500134,0.0
stage2,0,ppo/hard_kl_stop,46,1791515570.6054583,0.0
stage2,0,ppo/hard_kl_stop,47,1791515597.9999697,0.0
stage2,0,ppo/hard_kl_stop,48,1791515624.3762,0.0
stage2,0,ppo/hard_kl_stop,49,1791515650.401986,0.0
stage2,0,ppo/hard_kl_stop,50,1791515676.3282332,0.0
stage2,0,ppo/hard_kl_stop,51,1791515702.1383579,0.0
stage2,0,ppo/hard_kl_stop,52,1791515728.0754373,0.0
stage2,0,ppo/hard_kl_stop,53,1791515753.9775348,0.0
stage2,0,ppo/hard_kl_stop,54,1791515780.5090902,0.0
stage2,0,ppo/hard_kl_stop,55,1791515806.8158774,0.0
stage2,0,ppo/hard_kl_stop,56,1791515833.6522503,0.0
stage2,0,ppo/hard_kl_stop,57,1791515860.5666382,0.0
stage2,0,ppo/hard_kl_stop,58,1791515887.054799,0.0
stage2,0,ppo/hard_kl_stop,59,1791515913.4380407,0.0
stage2,0,ppo/hard_kl_stop,60,1791515939.6988895,0.0
stage2,0,ppo/hard_kl_stop,61,1791515966.3034759,0.0
stage2,0,ppo/hard_kl_stop,62,1791515993.483804,0.0
stage2,0,ppo/hard_kl_stop,63,1791516021.1281395,0.0
stage2,0,ppo/hard_kl_stop,64,1791516047.0914953,0.0
stage2,0,ppo/hard_kl_stop,65,1791516074.3107002,0.0
stage2,0,ppo/hard_kl_stop,66,1791516100.5624044,0.0
stage2,0,ppo/hard_kl_stop,67,1791516128.033204,0.0
stage2,0,ppo/hard_kl_stop,68,1791516154.3300517,0.0
stage2,0,ppo/hard_kl_stop,69,1791516181.7466836,0.0
stage2,0,ppo/hard_kl_stop,70,1791516207.75035,0.0
stage2,0,ppo/hard_kl_stop,71,1791516236.4828603,0.0
stage2,0,ppo/hard_kl_stop,72,1791516262.7906628,0.0
stage2,0,ppo/hard_kl_stop,73,1791516290.2472267,0.0
stage2,0,ppo/hard_kl_stop,74,1791516316.5386002,0.0
stage2,0,ppo/hard_kl_stop,75,1791516344.7234519,0.0
stage2,0,ppo/hard_kl_stop,76,1791516370.912752,0.0
stage2,0,ppo/hard_kl_stop,77,1791516397.493436,0.0
stage2,0,ppo/hard_kl_stop,78,1791516424.4136136,0.0
stage2,0,ppo/hard_kl_stop,79,1791516450.9405174,0.0
stage2,0,ppo/hard_kl_stop,80,1791516478.019009,0.0
stage2,0,ppo/hard_kl_stop,81,1791518405.4702492,0.0
stage2,0,ppo/hard_kl_stop,82,1791518431.8272426,0.0
stage2,0,ppo/hard_kl_stop,83,1791518458.103471,0.0
stage2,0,ppo/hard_kl_stop,84,1791518484.5129595,0.0
stage2,0,ppo/hard_kl_stop,85,1791518511.2052882,0.0
stage2,0,ppo/hard_kl_stop,86,1791518537.906658,0.0
stage2,0,ppo/hard_kl_stop,87,1791518565.0309072,0.0
stage2,0,ppo/hard_kl_stop,88,1791518592.2874517,0.0
stage2,0,ppo/hard_kl_stop,89,1791518618.6194909,0.0
stage2,0,ppo/hard_kl_stop,90,1791518644.9752438,0.0
stage2,0,ppo/hard_kl_stop,91,1791518671.575283,0.0
stage2,0,ppo/hard_kl_stop,92,1791518698.394713,0.0
stage2,0,ppo/hard_kl_stop,93,1791518725.074927,0.0
stage2,0,ppo/hard_kl_stop,94,1791518751.9684286,0.0
stage2,0,ppo/hard_kl_stop,95,1791518778.177401,0.0
stage2,0,ppo/hard_kl_stop,96,1791518804.1337898,0.0
stage2,0,ppo/hard_kl_stop,97,1791518830.500457,0.0
stage2,0,ppo/hard_kl_stop,98,1791518857.056972,0.0
stage2,0,ppo/hard_kl_stop,99,1791518884.3797953,0.0
stage2,0,ppo/hard_kl_stop,100,1791518910.5859551,0.0
stage2,0,ppo/hard_kl_stop,101,1791518937.5815735,0.0
stage2,0,ppo/hard_kl_stop,102,1791518963.681839,0.0
stage2,0,ppo/hard_kl_stop,103,1791518993.1903496,0.0
stage2,0,ppo/hard_kl_stop,104,1791519019.7676334,0.0
stage2,0,ppo/hard_kl_stop,105,1791519047.001288,0.0
stage2,0,ppo/hard_kl_stop,106,1791519073.3111708,0.0
stage2,0,ppo/hard_kl_stop,107,1791519103.1991973,0.0
stage2,0,ppo/hard_kl_stop,108,1791519129.2095108,0.0
stage2,0,ppo/hard_kl_stop,109,1791519156.1443758,0.0
stage2,0,ppo/hard_kl_stop,110,1791519182.4851,0.0
stage2,0,ppo/hard_kl_stop,111,1791519209.6527436,0.0
stage2,0,ppo/hard_kl_stop,112,1791519236.0073178,0.0
stage2,0,ppo/hard_kl_stop,113,1791519262.825152,0.0
stage2,0,ppo/hard_kl_stop,114,1791519289.033354,0.0
stage2,0,ppo/hard_kl_stop,115,1791519317.2471628,0.0
stage2,0,ppo/hard_kl_stop,116,1791519344.1624374,0.0
stage2,0,ppo/hard_kl_stop,117,1791519370.5900002,0.0
stage2,0,ppo/hard_kl_stop,118,1791519397.3240888,0.0
stage2,0,ppo/hard_kl_stop,119,1791519424.5420372,0.0
stage2,0,ppo/hard_kl_stop,120,1791519453.0526018,0.0
stage1,0,ppo/mean_kl,1,1791511907.571603,0.0014092924538999796
stage1,0,ppo/mean_kl,2,1791511937.4719245,0.003346068086102605
stage1,0,ppo/mean_kl,3,1791511965.2767055,0.0033361241221427917
stage1,0,ppo/mean_kl,4,1791511994.535944,0.0043054609559476376
stage1,0,ppo/mean_kl,5,1791512021.9631097,0.0025119571946561337
stage1,0,ppo/mean_kl,6,1791512049.6836255,0.0026502558030188084
stage1,0,ppo/mean_kl,7,1791512082.196991,0.0017498416127637029
stage1,0,ppo/mean_kl,8,1791512123.0804434,0.002455868059769273
stage1,0,ppo/mean_kl,9,1791512150.479919,0.002242523478344083
stage1,0,ppo/mean_kl,10,1791512178.1813326,0.0023587599862366915
stage1,0,ppo/mean_kl,11,1791512206.4042244,0.0014733306597918272
stage1,0,ppo/mean_kl,12,1791512234.7398906,0.003808326320722699
stage1,0,ppo/mean_kl,13,1791512262.2970047,0.0022062326315790415
stage1,0,ppo/mean_kl,14,1791512290.5544298,0.0011991732753813267
stage1,0,ppo/mean_kl,15,1791512317.9184277,0.004232014529407024
stage1,0,ppo/mean_kl,16,1791512346.1055954,0.0014766789972782135
stage1,0,ppo/mean_kl,17,1791512373.8963573,0.00412718765437603
stage1,0,ppo/mean_kl,18,1791512406.3280518,0.0028656860813498497
stage1,0,ppo/mean_kl,19,1791512438.767227,0.004339144099503756
stage1,0,ppo/mean_kl,20,1791512465.7278605,0.0031659279484301805
stage1,0,ppo/mean_kl,21,1791513218.5728521,0.007536317687481642
stage1,0,ppo/mean_kl,22,1791513245.1926792,0.0030740422662347555
stage1,0,ppo/mean_kl,23,1791513271.9366882,0.007360727060586214
stage1,0,ppo/mean_kl,24,1791513298.394488,0.0024315672926604748
stage1,0,ppo/mean_kl,25,1791513325.956313,0.00496659055352211
stage1,0,ppo/mean_kl,26,1791513352.6373765,0.0019861331675201654
stage1,0,ppo/mean_kl,27,1791513379.8010306,0.004546798765659332
stage1,0,ppo/mean_kl,28,1791513405.9592187,0.0012224462116137147
stage1,0,ppo/mean_kl,29,1791513433.5182946,0.005579805932939053
stage1,0,ppo/mean_kl,30,1791513460.3207133,0.00291609694249928
stage1,0,ppo/mean_kl,31,1791513487.7395654,0.0031052790582180023
stage1,0,ppo/mean_kl,32,1791513514.486476,0.004955143202096224
stage1,0,ppo/mean_kl,33,1791513542.3009374,0.0025398917496204376
stage1,0,ppo/mean_kl,34,1791513569.053942,0.0019370848312973976
stage1,0,ppo/mean_kl,35,1791513596.8376088,0.0029275892302393913
stage1,0,ppo/mean_kl,36,1791513627.5398812,0.001491611823439598
stage1,0,ppo/mean_kl,37,1791513654.1613908,0.004646317567676306
stage1,0,ppo/mean_kl,38,1791513684.3341186,0.0026526078581809998
stage1,0,ppo/mean_kl,39,1791513710.7955,0.0031140134669840336
stage1,0,ppo/mean_kl,40,1791513737.9478874,0.0023269704543054104
stage2,0,ppo/mean_kl,41,1791515433.3209608,0.001947468495927751
stage2,0,ppo/mean_kl,42,1791515460.528995,0.0030908130574971437
stage2,0,ppo/mean_kl,43,1791515487.556334,0.0012560125906020403
stage2,0,ppo/mean_kl,44,1791515515.4391084,0.0011776398168876767
stage2,0,ppo/mean_kl,45,1791515543.4930315,0.0008600882138125598
stage2,0,ppo/mean_kl,46,1791515570.6050782,0.003700205823406577
stage2,0,ppo/mean_kl,47,1791515597.999591,0.001339430920779705
stage2,0,ppo/mean_kl,48,1791515624.375515,0.002048091497272253
stage2,0,ppo/mean_kl,49,1791515650.4016478,0.0014878406655043364
stage2,0,ppo/mean_kl,50,1791515676.3279436,0.001412155688740313
stage2,0,ppo/mean_kl,51,1791515702.1379955,0.00030274639721028507
stage2,0,ppo/mean_kl,52,1791515728.0750666,0.0018140310421586037
stage2,0,ppo/mean_kl,53,1791515753.9771826,0.0023261322639882565
stage2,0,ppo/mean_kl,54,1791515780.508626,0.003867500461637974
stage2,0,ppo/mean_kl,55,1791515806.815516,0.0014382274821400642
stage2,0,ppo/mean_kl,56,1791515833.651933,0.001348388846963644
stage2,0,ppo/mean_kl,57,1791515860.5661175,0.0015998377930372953
stage2,0,ppo/mean_kl,58,1791515887.0545523,0.0015778946690261364
stage2,0,ppo/mean_kl,59,1791515913.4377055,0.002978658303618431
stage2,0,ppo/mean_kl,60,1791515939.6986532,0.0022604507394135
stage2,0,ppo/mean_kl,61,1791515966.303055,0.004332828335464001
stage2,0,ppo/mean_kl,62,1791515993.483314,0.0018162594642490149
stage2,0,ppo/mean_kl,63,1791516021.1276774,0.0007309148786589503
stage2,0,ppo/mean_kl,64,1791516047.0910351,0.00030120208975858986
stage2,0,ppo/mean_kl,65,1791516074.3100889,0.001101798377931118
stage2,0,ppo/mean_kl,66,1791516100.5619714,0.0014179965946823359
stage2,0,ppo/mean_kl,67,1791516128.0328581,0.003231803420931101
stage2,0,ppo/mean_kl,68,1791516154.3296967,0.002398548647761345
stage2,0,ppo/mean_kl,69,1791516181.746232,0.002187711652368307
stage2,0,ppo/mean_kl,70,1791516207.7499936,0.0006971671245992184
stage2,0,ppo/mean_kl,71,1791516236.4825268,0.003033628221601248
stage2,0,ppo/mean_kl,72,1791516262.7903116,0.0021211819257587194
stage2,0,ppo/mean_kl,73,1791516290.2465775,0.004559685941785574
stage2,0,ppo/mean_kl,74,1791516316.5377977,0.004066380672156811
stage2,0,ppo/mean_kl,75,1791516344.723095,0.001499175326898694
stage2,0,ppo/mean_kl,76,1791516370.9121592,0.003243342973291874
stage2,0,ppo/mean_kl,77,1791516397.493149,0.0002616384590510279
stage2,0,ppo/mean_kl,78,1791516424.4133728,0.0015964473132044077
stage2,0,ppo/mean_kl,79,1791516450.9401448,0.0029570385813713074
stage2,0,ppo/mean_kl,80,1791516478.0184042,0.0018388915341347456
stage2,0,ppo/mean_kl,81,1791518405.3925793,0.0020060522947460413
stage2,0,ppo/mean_kl,82,1791518431.82694,0.0012243553064763546
stage2,0,ppo/mean_kl,83,1791518458.10294,0.000867130933329463
stage2,0,ppo/mean_kl,84,1791518484.5122693,0.002245317678898573
stage2,0,ppo/mean_kl,85,1791518511.2046297,0.00593998096883297
stage2,0,ppo/mean_kl,86,1791518537.906067,0.004089591093361378
stage2,0,ppo/mean_kl,87,1791518565.0302958,0.0013861149782314897
stage2,0,ppo/mean_kl,88,1791518592.2869127,0.0007850602851249278
stage2,0,ppo/mean_kl,89,1791518618.6189978,0.004104405641555786
stage2,0,ppo/mean_kl,90,1791518644.9748552,0.0011021926766261458
stage2,0,ppo/mean_kl,91,1791518671.574784,0.0030058969277888536
stage2,0,ppo/mean_kl,92,1791518698.3940344,0.002023730194196105
stage2,0,ppo/mean_kl,93,1791518725.0743117,0.0011780563509091735
stage2,0,ppo/mean_kl,94,1791518751.9678705,0.003072338178753853
stage2,0,ppo/mean_kl,95,1791518778.176696,0.0033781644888222218
stage2,0,ppo/mean_kl,96,1791518804.133085,0.0026392436120659113
stage2,0,ppo/mean_kl,97,1791518830.4999795,0.002673024544492364
stage2,0,ppo/mean_kl,98,1791518857.0566037,0.0028384358156472445
stage2,0,ppo/mean_kl,99,1791518884.379498,0.0020727026276290417
stage2,0,ppo/mean_kl,100,1791518910.5854638,0.0015994859859347343
stage2,0,ppo/mean_kl,101,1791518937.5810916,0.0009847930632531643
stage2,0,ppo/mean_kl,102,1791518963.6815252,0.0026217508129775524
stage2,0,ppo/mean_kl,103,1791518993.1900554,0.0018563340418040752
stage2,0,ppo/mean_kl,104,1791519019.7673905,0.0018404697766527534
stage2,0,ppo/mean_kl,105,1791519047.000858,0.0012387791648507118
stage2,0,ppo/mean_kl,106,1791519073.3108957,0.0014936855295673013
stage2,0,ppo/mean_kl,107,1791519103.1986468,0.0023154313676059246
stage2,0,ppo/mean_kl,108,1791519129.2089715,0.003084181807935238
stage2,0,ppo/mean_kl,109,1791519156.1438465,0.002887256909161806
stage2,0,ppo/mean_kl,110,1791519182.4848382,0.0022516106255352497
stage2,0,ppo/mean_kl,111,1791519209.6524293,0.003067698562517762
stage2,0,ppo/mean_kl,112,1791519236.0070474,0.001967466901987791
stage2,0,ppo/mean_kl,113,1791519262.8247156,0.011267508380115032
stage2,0,ppo/mean_kl,114,1791519289.0330367,0.0014621955342590809
stage2,0,ppo/mean_kl,115,1791519317.246731,0.0024011307395994663
stage2,0,ppo/mean_kl,116,1791519344.1620145,0.0030183494091033936
stage2,0,ppo/mean_kl,117,1791519370.5896907,0.004515633452683687
stage2,0,ppo/mean_kl,118,1791519397.3237767,0.001637520850636065
stage2,0,ppo/mean_kl,119,1791519424.5417402,0.000989205320365727
stage2,0,ppo/mean_kl,120,1791519453.0523207,0.001447151182219386
stage1,0,ppo/nonfinite_stop,1,1791511907.572292,0.0
stage1,0,ppo/nonfinite_stop,2,1791511937.4726644,0.0
stage1,0,ppo/nonfinite_stop,3,1791511965.2775636,0.0
stage1,0,ppo/nonfinite_stop,4,1791511994.5366735,0.0
stage1,0,ppo/nonfinite_stop,5,1791512021.9637432,0.0
stage1,0,ppo/nonfinite_stop,6,1791512049.6843154,0.0
stage1,0,ppo/nonfinite_stop,7,1791512082.2043822,0.0
stage1,0,ppo/nonfinite_stop,8,1791512123.0810173,0.0
stage1,0,ppo/nonfinite_stop,9,1791512150.480503,0.0
stage1,0,ppo/nonfinite_stop,10,1791512178.1819787,0.0
stage1,0,ppo/nonfinite_stop,11,1791512206.4047875,0.0
stage1,0,ppo/nonfinite_stop,12,1791512234.740645,0.0
stage1,0,ppo/nonfinite_stop,13,1791512262.2974885,0.0
stage1,0,ppo/nonfinite_stop,14,1791512290.5550134,0.0
stage1,0,ppo/nonfinite_stop,15,1791512317.9190545,0.0
stage1,0,ppo/nonfinite_stop,16,1791512346.1062245,0.0
stage1,0,ppo/nonfinite_stop,17,1791512373.896887,0.0
stage1,0,ppo/nonfinite_stop,18,1791512406.3287883,0.0
stage1,0,ppo/nonfinite_stop,19,1791512438.7677515,0.0
stage1,0,ppo/nonfinite_stop,20,1791512465.7285368,0.0
stage1,0,ppo/nonfinite_stop,21,1791513218.573801,0.0
stage1,0,ppo/nonfinite_stop,22,1791513245.1933062,0.0
stage1,0,ppo/nonfinite_stop,23,1791513271.9373481,0.0
stage1,0,ppo/nonfinite_stop,24,1791513298.3952458,0.0
stage1,0,ppo/nonfinite_stop,25,1791513325.9567986,0.0
stage1,0,ppo/nonfinite_stop,26,1791513352.637683,0.0
stage1,0,ppo/nonfinite_stop,27,1791513379.8014462,0.0
stage1,0,ppo/nonfinite_stop,28,1791513405.9596016,0.0
stage1,0,ppo/nonfinite_stop,29,1791513433.518811,0.0
stage1,0,ppo/nonfinite_stop,30,1791513460.3213105,0.0
stage1,0,ppo/nonfinite_stop,31,1791513487.7398632,0.0
stage1,0,ppo/nonfinite_stop,32,1791513514.4869573,0.0
stage1,0,ppo/nonfinite_stop,33,1791513542.3013244,0.0
stage1,0,ppo/nonfinite_stop,34,1791513569.0546653,0.0
stage1,0,ppo/nonfinite_stop,35,1791513596.8380272,0.0
stage1,0,ppo/nonfinite_stop,36,1791513627.5402296,0.0
stage1,0,ppo/nonfinite_stop,37,1791513654.161683,0.0
stage1,0,ppo/nonfinite_stop,38,1791513684.3346052,0.0
stage1,0,ppo/nonfinite_stop,39,1791513710.7957563,0.0
stage1,0,ppo/nonfinite_stop,40,1791513737.948204,0.0
stage2,0,ppo/nonfinite_stop,41,1791515433.3217592,0.0
stage2,0,ppo/nonfinite_stop,42,1791515460.5295527,0.0
stage2,0,ppo/nonfinite_stop,43,1791515487.55689,0.0
stage2,0,ppo/nonfinite_stop,44,1791515515.439926,0.0
stage2,0,ppo/nonfinite_stop,45,1791515543.5001383,0.0
stage2,0,ppo/nonfinite_stop,46,1791515570.605461,0.0
stage2,0,ppo/nonfinite_stop,47,1791515598.0000012,0.0
stage2,0,ppo/nonfinite_stop,48,1791515624.376203,0.0
stage2,0,ppo/nonfinite_stop,49,1791515650.4022682,0.0
stage2,0,ppo/nonfinite_stop,50,1791515676.328236,0.0
stage2,0,ppo/nonfinite_stop,51,1791515702.1385026,0.0
stage2,0,ppo/nonfinite_stop,52,1791515728.0754404,0.0
stage2,0,ppo/nonfinite_stop,53,1791515753.977553,0.0
stage2,0,ppo/nonfinite_stop,54,1791515780.509095,0.0
stage2,0,ppo/nonfinite_stop,55,1791515806.8158805,0.0
stage2,0,ppo/nonfinite_stop,56,1791515833.6522534,0.0
stage2,0,ppo/nonfinite_stop,57,1791515860.566643,0.0
stage2,0,ppo/nonfinite_stop,58,1791515887.0548022,0.0
stage2,0,ppo/nonfinite_stop,59,1791515913.4380493,0.0
stage2,0,ppo/nonfinite_stop,60,1791515939.698917,0.0
stage2,0,ppo/nonfinite_stop,61,1791515966.3034942,0.0
stage2,0,ppo/nonfinite_stop,62,1791515993.4838073,0.0
stage2,0,ppo/nonfinite_stop,63,1791516021.1281428,0.0
stage2,0,ppo/nonfinite_stop,64,1791516047.0914989,0.0
stage2,0,ppo/nonfinite_stop,65,1791516074.3107042,0.0
stage2,0,ppo/nonfinite_stop,66,1791516100.562409,0.0
stage2,0,ppo/nonfinite_stop,67,1791516128.0332086,0.0
stage2,0,ppo/nonfinite_stop,68,1791516154.330187,0.0
stage2,0,ppo/nonfinite_stop,69,1791516181.746687,0.0
stage2,0,ppo/nonfinite_stop,70,1791516207.750502,0.0
stage2,0,ppo/nonfinite_stop,71,1791516236.4828634,0.0
stage2,0,ppo/nonfinite_stop,72,1791516262.790671,0.0
stage2,0,ppo/nonfinite_stop,73,1791516290.247234,0.0
stage2,0,ppo/nonfinite_stop,74,1791516316.5386083,0.0
stage2,0,ppo/nonfinite_stop,75,1791516344.7234554,0.0
stage2,0,ppo/nonfinite_stop,76,1791516370.91276,0.0
stage2,0,ppo/nonfinite_stop,77,1791516397.4934535,0.0
stage2,0,ppo/nonfinite_stop,78,1791516424.4136167,0.0
stage2,0,ppo/nonfinite_stop,79,1791516450.940522,0.0
stage2,0,ppo/nonfinite_stop,80,1791516478.0190136,0.0
stage2,0,ppo/nonfinite_stop,81,1791518405.4702892,0.0
stage2,0,ppo/nonfinite_stop,82,1791518431.8272455,0.0
stage2,0,ppo/nonfinite_stop,83,1791518458.1035042,0.0
stage2,0,ppo/nonfinite_stop,84,1791518484.512963,0.0
stage2,0,ppo/nonfinite_stop,85,1791518511.2054884,0.0
stage2,0,ppo/nonfinite_stop,86,1791518537.9066617,0.0
stage2,0,ppo/nonfinite_stop,87,1791518565.0309157,0.0
stage2,0,ppo/nonfinite_stop,88,1791518592.287455,0.0
stage2,0,ppo/nonfinite_stop,89,1791518618.6194994,0.0
stage2,0,ppo/nonfinite_stop,90,1791518644.975276,0.0
stage2,0,ppo/nonfinite_stop,91,1791518671.575287,0.0
stage2,0,ppo/nonfinite_stop,92,1791518698.3947165,0.0
stage2,0,ppo/nonfinite_stop,93,1791518725.074931,0.0
stage2,0,ppo/nonfinite_stop,94,1791518751.9684372,0.0
stage2,0,ppo/nonfinite_stop,95,1791518778.1774056,0.0
stage2,0,ppo/nonfinite_stop,96,1791518804.1337934,0.0
stage2,0,ppo/nonfinite_stop,97,1791518830.5004876,0.0
stage2,0,ppo/nonfinite_stop,98,1791518857.0570874,0.0
stage2,0,ppo/nonfinite_stop,99,1791518884.3798988,0.0
stage2,0,ppo/nonfinite_stop,100,1791518910.5859585,0.0
stage2,0,ppo/nonfinite_stop,101,1791518937.5815766,0.0
stage2,0,ppo/nonfinite_stop,102,1791518963.681842,0.0
stage2,0,ppo/nonfinite_stop,103,1791518993.1903527,0.0
stage2,0,ppo/nonfinite_stop,104,1791519019.7676525,0.0
stage2,0,ppo/nonfinite_stop,105,1791519047.0012925,0.0
stage2,0,ppo/nonfinite_stop,106,1791519073.3111916,0.0
stage2,0,ppo/nonfinite_stop,107,1791519103.1992009,0.0
stage2,0,ppo/nonfinite_stop,108,1791519129.2095158,0.0
stage2,0,ppo/nonfinite_stop,109,1791519156.14452,0.0
stage2,0,ppo/nonfinite_stop,110,1791519182.485121,0.0
stage2,0,ppo/nonfinite_stop,111,1791519209.6527467,0.0
stage2,0,ppo/nonfinite_stop,112,1791519236.0073364,0.0
stage2,0,ppo/nonfinite_stop,113,1791519262.825155,0.0
stage2,0,ppo/nonfinite_stop,114,1791519289.0333579,0.0
stage2,0,ppo/nonfinite_stop,115,1791519317.2471662,0.0
stage2,0,ppo/nonfinite_stop,116,1791519344.162441,0.0
stage2,0,ppo/nonfinite_stop,117,1791519370.5900033,0.0
stage2,0,ppo/nonfinite_stop,118,1791519397.3240921,0.0
stage2,0,ppo/nonfinite_stop,119,1791519424.5420403,0.0
stage2,0,ppo/nonfinite_stop,120,1791519453.052622,0.0
stage1,0,ppo/surrogate,1,1791511907.5715878,-0.00046541757183149457
stage1,0,ppo/surrogate,2,1791511937.4719105,-0.0011118960101157427
stage1,0,ppo/surrogate,3,1791511965.2766922,-0.00047731143422424793
stage1,0,ppo/surrogate,4,1791511994.535912,-0.0005934896180406213
stage1,0,ppo/surrogate,5,1791512021.9630952,-0.0003639525966718793
stage1,0,ppo/surrogate,6,1791512049.6835907,-0.0008771589491516352
stage1,0,ppo/surrogate,7,1791512082.1969767,-0.0005316244205459952
stage1,0,ppo/surrogate,8,1791512123.0804296,-0.0008175114635378122
stage1,0,ppo/surrogate,9,1791512150.4799054,-0.001017666538245976
stage1,0,ppo/surrogate,10,1791512178.1813188,-0.000968272564932704
stage1,0,ppo/surrogate,11,1791512206.4042115,-0.0012267391430214047
stage1,0,ppo/surrogate,12,1791512234.7398772,-0.0005998159758746624
stage1,0,ppo/surrogate,13,1791512262.2969909,-0.0015770846512168646
stage1,0,ppo/surrogate,14,1791512290.5544171,-0.0004570210294332355
stage1,0,ppo/surrogate,15,1791512317.9184146,-0.001731107011437416
stage1,0,ppo/surrogate,16,1791512346.1055818,-0.00017771709826774895
stage1,0,ppo/surrogate,17,1791512373.8963418,-0.0021716272458434105
stage1,0,ppo/surrogate,18,1791512406.3280382,-0.00033078022534027696
stage1,0,ppo/surrogate,19,1791512438.7672133,-0.0020820654463022947
stage1,0,ppo/surrogate,20,1791512465.7278469,-0.00029823416844010353
stage1,0,ppo/surrogate,21,1791513218.572814,-0.001919855480082333
stage1,0,ppo/surrogate,22,1791513245.1926649,-0.0007622588309459388
stage1,0,ppo/surrogate,23,1791513271.9366508,-0.001995140453800559
stage1,0,ppo/surrogate,24,1791513298.3944743,-0.0004049077979288995
stage1,0,ppo/surrogate,25,1791513325.9562764,-0.0017394686583429575
stage1,0,ppo/surrogate,26,1791513352.6373625,-0.00028290963382460177
stage1,0,ppo/surrogate,27,1791513379.8010166,-0.0019150364678353071
stage1,0,ppo/surrogate,28,1791513405.9592054,-0.0004207897582091391
stage1,0,ppo/surrogate,29,1791513433.5182815,-0.0014983357395976782
stage1,0,ppo/surrogate,30,1791513460.3206964,-0.00039310421561822295
stage1,0,ppo/surrogate,31,1791513487.7395523,-0.0012360373511910439
stage1,0,ppo/surrogate,32,1791513514.486463,-0.0006253268802538514
stage1,0,ppo/surrogate,33,1791513542.300924,-0.001054724445566535
stage1,0,ppo/surrogate,34,1791513569.0539286,-0.00023856558254919946
stage1,0,ppo/surrogate,35,1791513596.837595,-0.0008998424746096134
stage1,0,ppo/surrogate,36,1791513627.5398676,-0.000472618528874591
stage1,0,ppo/surrogate,37,1791513654.1613772,-0.0006991649279370904
stage1,0,ppo/surrogate,38,1791513684.334106,-0.000852516561280936
stage1,0,ppo/surrogate,39,1791513710.7954867,-0.0006484957993961871
stage1,0,ppo/surrogate,40,1791513737.9478738,-0.0007761084707453847
stage2,0,ppo/surrogate,41,1791515433.3209445,-0.00045886822044849396
stage2,0,ppo/surrogate,42,1791515460.5289812,-0.0006064922781661153
stage2,0,ppo/surrogate,43,1791515487.5563202,-0.00018784213170874864
stage2,0,ppo/surrogate,44,1791515515.4390945,-3.5855991882272065e-05
stage2,0,ppo/surrogate,45,1791515543.4930172,-3.8356716686394066e-05
stage2,0,ppo/surrogate,46,1791515570.6050644,-0.00035610829945653677
stage2,0,ppo/surrogate,47,1791515597.9995768,-0.00012716151832137257
stage2,0,ppo/surrogate,48,1791515624.3755014,-0.0005550189525820315
stage2,0,ppo/surrogate,49,1791515650.401634,-0.00026769167743623257
stage2,0,ppo/surrogate,50,1791515676.3279245,-1.5199322660919279e-05
stage2,0,ppo/surrogate,51,1791515702.1379817,0.00010204605496255681
stage2,0,ppo/surrogate,52,1791515728.075046,-0.00019730677013285458
stage2,0,ppo/surrogate,53,1791515753.9771688,-0.0005129555356688797
stage2,0,ppo/surrogate,54,1791515780.508612,-0.0005265833460725844
stage2,0,ppo/surrogate,55,1791515806.8154938,-0.00026959599927067757
stage2,0,ppo/surrogate,56,1791515833.6519186,-0.0002140354336006567
stage2,0,ppo/surrogate,57,1791515860.5661013,-9.32027178350836e-05
stage2,0,ppo/surrogate,58,1791515887.0545387,-0.00018158482271246612
stage2,0,ppo/surrogate,59,1791515913.4376915,-0.00031196133932098746
stage2,0,ppo/surrogate,60,1791515939.698639,-0.0005291140987537801
stage2,0,ppo/surrogate,61,1791515966.3030398,-0.0005287150852382183
stage2,0,ppo/surrogate,62,1791515993.4832997,-0.00012682298256549984
stage2,0,ppo/surrogate,63,1791516021.1276634,-1.0732488590292633e-05
stage2,0,ppo/surrogate,64,1791516047.0910218,5.192538083065301e-06
stage2,0,ppo/surrogate,65,1791516074.3100667,-8.731299749342725e-05
stage2,0,ppo/surrogate,66,1791516100.5619571,-0.0002598995924927294
stage2,0,ppo/surrogate,67,1791516128.0328436,-0.000593904173001647
stage2,0,ppo/surrogate,68,1791516154.3296833,-0.00034756812965497375
stage2,0,ppo/surrogate,69,1791516181.746218,-0.00033269968116655946
stage2,0,ppo/surrogate,70,1791516207.7499726,4.4923610403202474e-05
stage2,0,ppo/surrogate,71,1791516236.482503,-7.067955448292196e-05
stage2,0,ppo/surrogate,72,1791516262.7902973,-0.0001400430192006752
stage2,0,ppo/surrogate,73,1791516290.2465606,-0.0004980643279850483
stage2,0,ppo/surrogate,74,1791516316.537771,-9.21425671549514e-05
stage2,0,ppo/surrogate,75,1791516344.7230687,-0.00013190334721002728
stage2,0,ppo/surrogate,76,1791516370.9121459,-0.0002111220674123615
stage2,0,ppo/surrogate,77,1791516397.493124,-0.00023130219778977334
stage2,0,ppo/surrogate,78,1791516424.413359,-0.000373391667380929
stage2,0,ppo/surrogate,79,1791516450.9401305,-0.0006617137696594
stage2,0,ppo/surrogate,80,1791516478.0183747,-0.00035517249489203095
stage2,0,ppo/surrogate,81,1791518405.3925507,-0.0005036662914790213
stage2,0,ppo/surrogate,82,1791518431.8269258,-7.92038335930556e-05
stage2,0,ppo/surrogate,83,1791518458.1029055,-0.00011669183732010424
stage2,0,ppo/surrogate,84,1791518484.5122545,-0.0002501219278201461
stage2,0,ppo/surrogate,85,1791518511.2045925,-0.00042951107025146484
stage2,0,ppo/surrogate,86,1791518537.9060311,-0.00034754493390209973
stage2,0,ppo/surrogate,87,1791518565.0302823,-0.0003529695968609303
stage2,0,ppo/surrogate,88,1791518592.286899,-0.0001883982913568616
stage2,0,ppo/surrogate,89,1791518618.6189842,-0.0001376403379254043
stage2,0,ppo/surrogate,90,1791518644.974841,-6.439043499995023e-05
stage2,0,ppo/surrogate,91,1791518671.5747697,-0.0006336871301755309
stage2,0,ppo/surrogate,92,1791518698.3940005,-0.0002821151283569634
stage2,0,ppo/surrogate,93,1791518725.074298,-0.00021463795565068722
stage2,0,ppo/surrogate,94,1791518751.967857,-0.0001563820114824921
stage2,0,ppo/surrogate,95,1791518778.1766822,-0.00035262288292869925
stage2,0,ppo/surrogate,96,1791518804.1330502,-6.938696606084704e-05
stage2,0,ppo/surrogate,97,1791518830.4999652,-0.00022403015464078635
stage2,0,ppo/surrogate,98,1791518857.0565894,-0.00033371668541803956
stage2,0,ppo/surrogate,99,1791518884.3794844,-0.00021325824491214007
stage2,0,ppo/surrogate,100,1791518910.58545,-7.525809633079916e-05
stage2,0,ppo/surrogate,101,1791518937.5810697,-0.00013301626313477755
stage2,0,ppo/surrogate,102,1791518963.6815116,9.299934754380956e-05
stage2,0,ppo/surrogate,103,1791518993.1900413,-0.0004632368218153715
stage2,0,ppo/surrogate,104,1791519019.7673702,-0.0003856477851513773
stage2,0,ppo/surrogate,105,1791519047.0008426,-0.00010831455438164994
stage2,0,ppo/surrogate,106,1791519073.310882,-0.0001161727705039084
stage2,0,ppo/surrogate,107,1791519103.1986237,-0.00036534725222736597
stage2,0,ppo/surrogate,108,1791519129.208948,-0.00016194820636883378
stage2,0,ppo/surrogate,109,1791519156.1438193,3.329946775920689e-05
stage2,0,ppo/surrogate,110,1791519182.4848247,-0.00047403498319908977
stage2,0,ppo/surrogate,111,1791519209.6524136,-0.0007844943320378661
stage2,0,ppo/surrogate,112,1791519236.0070333,-0.0001842514902818948
stage2,0,ppo/surrogate,113,1791519262.8246999,-0.00036947353510186076
stage2,0,ppo/surrogate,114,1791519289.0330224,-0.000178155314642936
stage2,0,ppo/surrogate,115,1791519317.2467167,-0.00018810816982295364
stage2,0,ppo/surrogate,116,1791519344.1620011,-0.0005076727829873562
stage2,0,ppo/surrogate,117,1791519370.5896769,-0.00047809965326450765
stage2,0,ppo/surrogate,118,1791519397.3237627,-0.0004418760654516518
stage2,0,ppo/surrogate,119,1791519424.5417264,-0.0004704577731899917
stage2,0,ppo/surrogate,120,1791519453.052307,-0.000603344407863915
stage1,0,ppo/temporal,1,1791511907.5715744,0.0
stage1,0,ppo/temporal,2,1791511937.4719002,0.0
stage1,0,ppo/temporal,3,1791511965.276682,0.0
stage1,0,ppo/temporal,4,1791511994.535902,0.0
stage1,0,ppo/temporal,5,1791512021.9630847,0.0
stage1,0,ppo/temporal,6,1791512049.6835802,0.0
stage1,0,ppo/temporal,7,1791512082.1969671,0.0
stage1,0,ppo/temporal,8,1791512123.0804195,0.0
stage1,0,ppo/temporal,9,1791512150.4798954,0.0
stage1,0,ppo/temporal,10,1791512178.1813087,0.0
stage1,0,ppo/temporal,11,1791512206.4042013,0.0
stage1,0,ppo/temporal,12,1791512234.739867,0.0
stage1,0,ppo/temporal,13,1791512262.2969797,0.0
stage1,0,ppo/temporal,14,1791512290.5544076,0.0
stage1,0,ppo/temporal,15,1791512317.9184046,0.0
stage1,0,ppo/temporal,16,1791512346.1055715,0.0
stage1,0,ppo/temporal,17,1791512373.8963327,0.0
stage1,0,ppo/temporal,18,1791512406.3280282,0.0
stage1,0,ppo/temporal,19,1791512438.7672026,0.0
stage1,0,ppo/temporal,20,1791512465.727837,0.0
stage1,0,ppo/temporal,21,1791513218.5728045,0.0
stage1,0,ppo/temporal,22,1791513245.1926553,1.8645994970256652e-08
stage1,0,ppo/temporal,23,1791513271.93664,2.746961547117621e-10
stage1,0,ppo/temporal,24,1791513298.3944647,7.613490993207961e-08
stage1,0,ppo/temporal,25,1791513325.9562662,2.8131514895335386e-09
stage1,0,ppo/temporal,26,1791513352.637352,1.5612748427429324e-07
stage1,0,ppo/temporal,27,1791513379.8010068,5.801052527232287e-09
stage1,0,ppo/temporal,28,1791513405.9591954,2.351958556801037e-07
stage1,0,ppo/temporal,29,1791513433.5182707,1.1496836371804875e-08
stage1,0,ppo/temporal,30,1791513460.3206868,3.2495310620106466e-07
stage1,0,ppo/temporal,31,1791513487.739542,1.3677093235742177e-08
stage1,0,ppo/temporal,32,1791513514.4864533,4.304834249069245e-07
stage1,0,ppo/temporal,33,1791513542.3009145,2.294536827207594e-08
stage1,0,ppo/temporal,34,1791513569.0539188,5.577055617322912e-07
stage1,0,ppo/temporal,35,1791513596.8375838,2.5851401019849618e-08
stage1,0,ppo/temporal,36,1791513627.5398576,7.927859542178339e-07
stage1,0,ppo/temporal,37,1791513654.161366,2.3768496504317227e-08
stage1,0,ppo/temporal,38,1791513684.3340967,1.119849230235559e-06
stage1,0,ppo/temporal,39,1791513710.7954772,4.57935840358914e-08
stage1,0,ppo/temporal,40,1791513737.9478638,1.4638789025411825e-06
stage2,0,ppo/temporal,41,1791515433.320932,1.2717273421003483e-06
stage2,0,ppo/temporal,42,1791515460.528971,1.0604112787859776e-07
stage2,0,ppo/temporal,43,1791515487.5563097,3.1528976762729144e-08
stage2,0,ppo/temporal,44,1791515515.4390845,1.7651855088729462e-08
stage2,0,ppo/temporal,45,1791515543.4930062,1.2560580131548704e-08
stage2,0,ppo/temporal,46,1791515570.6050541,1.0208847101011997e-08
stage2,0,ppo/temporal,47,1791515597.999564,1.5620030353602488e-06
stage2,0,ppo/temporal,48,1791515624.375491,1.4140277926344424e-07
stage2,0,ppo/temporal,49,1791515650.401624,4.92832690213163e-08
stage2,0,ppo/temporal,50,1791515676.3279145,1.682180617024187e-08
stage2,0,ppo/temporal,51,1791515702.137971,1.7365941573643795e-08
stage2,0,ppo/temporal,52,1791515728.075035,1.684908568222454e-08
stage2,0,ppo/temporal,53,1791515753.9771593,1.4532397472066805e-06
stage2,0,ppo/temporal,54,1791515780.5086024,1.556617377218572e-07
stage2,0,ppo/temporal,55,1791515806.8154836,5.580093542789655e-08
stage2,0,ppo/temporal,56,1791515833.6519082,1.4896348154991301e-08
stage2,0,ppo/temporal,57,1791515860.566092,1.04391499888834e-08
stage2,0,ppo/temporal,58,1791515887.054529,1.2860165377048816e-08
stage2,0,ppo/temporal,59,1791515913.4376817,1.3779178971162764e-06
stage2,0,ppo/temporal,60,1791515939.6986282,2.51522720873254e-07
stage2,0,ppo/temporal,61,1791515966.3030295,3.849716989634544e-08
stage2,0,ppo/temporal,62,1791515993.4832902,4.8533261853833665e-09
stage2,0,ppo/temporal,63,1791516021.1276517,1.386664294500406e-08
stage2,0,ppo/temporal,64,1791516047.0910118,1.5343717407745316e-08
stage2,0,ppo/temporal,65,1791516074.3100564,2.5224096589226974e-08
stage2,0,ppo/temporal,66,1791516100.5619473,1.5602641951772966e-06
stage2,0,ppo/temporal,67,1791516128.0328336,3.588785446595466e-08
stage2,0,ppo/temporal,68,1791516154.329673,5.754765997068034e-09
stage2,0,ppo/temporal,69,1791516181.7462077,1.0652320803217208e-08
stage2,0,ppo/temporal,70,1791516207.749962,1.4569672579511916e-08
stage2,0,ppo/temporal,71,1791516236.482493,1.854450104588068e-08
stage2,0,ppo/temporal,72,1791516262.7902873,1.7000917296172702e-06
stage2,0,ppo/temporal,73,1791516290.2465503,1.757129410862035e-07
stage2,0,ppo/temporal,74,1791516316.537761,7.23344726338837e-08
stage2,0,ppo/temporal,75,1791516344.7230582,5.957316773219645e-08
stage2,0,ppo/temporal,76,1791516370.9121356,5.7702138178683526e-08
stage2,0,ppo/temporal,77,1791516397.4931135,7.140526037119344e-08
stage2,0,ppo/temporal,78,1791516424.413349,1.7276687458434026e-06
stage2,0,ppo/temporal,79,1791516450.9401205,3.3894426110236964e-07
stage2,0,ppo/temporal,80,1791516478.018365,2.1047159748377453e-07
stage2,0,ppo/temporal,81,1791518405.3925405,2.672282164439821e-07
stage2,0,ppo/temporal,82,1791518431.8269153,1.7319611345101293e-07
stage2,0,ppo/temporal,83,1791518458.102895,1.1555672330132438e-07
stage2,0,ppo/temporal,84,1791518484.5122442,1.894115030154353e-06
stage2,0,ppo/temporal,85,1791518511.2045825,6.363919169416477e-07
stage2,0,ppo/temporal,86,1791518537.906021,1.5811012588073936e-07
stage2,0,ppo/temporal,87,1791518565.0302718,1.0259481086904998e-07
stage2,0,ppo/temporal,88,1791518592.286889,5.5719400648968076e-08
stage2,0,ppo/temporal,89,1791518618.618974,2.662833864519598e-08
stage2,0,ppo/temporal,90,1791518644.974831,4.8596351831520224e-08
stage2,0,ppo/temporal,91,1791518671.5747595,2.3332031560130417e-06
stage2,0,ppo/temporal,92,1791518698.3939886,5.1994579308711764e-08
stage2,0,ppo/temporal,93,1791518725.0742884,2.4934758258154943e-08
stage2,0,ppo/temporal,94,1791518751.967847,2.2445430403195132e-08
stage2,0,ppo/temporal,95,1791518778.1766725,2.4081916905061007e-08
stage2,0,ppo/temporal,96,1791518804.1330402,2.4625805394862255e-08
stage2,0,ppo/temporal,97,1791518830.499955,2.2245737909543095e-06
stage2,0,ppo/temporal,98,1791518857.0565794,3.283289728983618e-08
stage2,0,ppo/temporal,99,1791518884.3794742,1.3959753353276483e-08
stage2,0,ppo/temporal,100,1791518910.585439,1.6116819878675415e-08
stage2,0,ppo/temporal,101,1791518937.5810592,1.894292722681712e-08
stage2,0,ppo/temporal,102,1791518963.6815016,1.8626458597736928e-08
stage2,0,ppo/temporal,103,1791518993.1900315,2.2729609554517083e-06
stage2,0,ppo/temporal,104,1791519019.767358,3.4057517694918715e-08
stage2,0,ppo/temporal,105,1791519047.000831,1.6102454480915185e-08
stage2,0,ppo/temporal,106,1791519073.3108702,1.5614139314834574e-08
stage2,0,ppo/temporal,107,1791519103.198613,2.0054367055877265e-08
stage2,0,ppo/temporal,108,1791519129.208938,2.2101934504803467e-08
stage2,0,ppo/temporal,109,1791519156.1438093,2.7145988497068174e-06
stage2,0,ppo/temporal,110,1791519182.484813,2.4232619466602046e-07
stage2,0,ppo/temporal,111,1791519209.6524034,1.7008396469009313e-08
stage2,0,ppo/temporal,112,1791519236.0070226,2.1041433484469962e-08
stage2,0,ppo/temporal,113,1791519262.8246896,2.5152182558940694e-08
stage2,0,ppo/temporal,114,1791519289.033012,3.48549384909802e-08
stage2,0,ppo/temporal,115,1791519317.2467062,1.2920806646832261e-08
stage2,0,ppo/temporal,116,1791519344.1619911,3.721046368809766e-06
stage2,0,ppo/temporal,117,1791519370.5896668,8.23958288265203e-08
stage2,0,ppo/temporal,118,1791519397.3237522,8.59527489183165e-08
stage2,0,ppo/temporal,119,1791519424.5417163,1.1257940712994241e-07
stage2,0,ppo/temporal,120,1791519453.0522954,6.093907956028488e-08
stage1,0,ppo/temporal_coefficient,1,1791511907.572304,0.0
stage1,0,ppo/temporal_coefficient,2,1791511937.4729083,0.0
stage1,0,ppo/temporal_coefficient,3,1791511965.2775888,0.0
stage1,0,ppo/temporal_coefficient,4,1791511994.5368047,0.0
stage1,0,ppo/temporal_coefficient,5,1791512021.9640684,0.0
stage1,0,ppo/temporal_coefficient,6,1791512049.6843274,0.0
stage1,0,ppo/temporal_coefficient,7,1791512082.2043984,0.0
stage1,0,ppo/temporal_coefficient,8,1791512123.0811477,0.0
stage1,0,ppo/temporal_coefficient,9,1791512150.4806342,0.0
stage1,0,ppo/temporal_coefficient,10,1791512178.1823027,0.0
stage1,0,ppo/temporal_coefficient,11,1791512206.4048083,0.0
stage1,0,ppo/temporal_coefficient,12,1791512234.7407634,0.0
stage1,0,ppo/temporal_coefficient,13,1791512262.297589,0.0
stage1,0,ppo/temporal_coefficient,14,1791512290.5551107,0.0
stage1,0,ppo/temporal_coefficient,15,1791512317.919168,0.0
stage1,0,ppo/temporal_coefficient,16,1791512346.1063526,0.0
stage1,0,ppo/temporal_coefficient,17,1791512373.8970401,0.0
stage1,0,ppo/temporal_coefficient,18,1791512406.3290718,0.0
stage1,0,ppo/temporal_coefficient,19,1791512438.7677999,0.0
stage1,0,ppo/temporal_coefficient,20,1791512465.7286975,0.0
stage1,0,ppo/temporal_coefficient,21,1791513218.573813,0.0
stage1,0,ppo/temporal_coefficient,22,1791513245.1935656,9.999999747378752e-05
stage1,0,ppo/temporal_coefficient,23,1791513271.9374468,0.00019999999494757503
stage1,0,ppo/temporal_coefficient,24,1791513298.3953776,0.0003000000142492354
stage1,0,ppo/temporal_coefficient,25,1791513325.9568648,0.00039999998989515007
stage1,0,ppo/temporal_coefficient,26,1791513352.6377473,0.0005000000237487257
stage1,0,ppo/temporal_coefficient,27,1791513379.801526,0.0006000000284984708
stage1,0,ppo/temporal_coefficient,28,1791513405.9596775,0.000699999975040555
stage1,0,ppo/temporal_coefficient,29,1791513433.5189724,0.0007999999797903001
stage1,0,ppo/temporal_coefficient,30,1791513460.3213263,0.0008999999845400453
stage1,0,ppo/temporal_coefficient,31,1791513487.7399263,0.0010000000474974513
stage1,0,ppo/temporal_coefficient,32,1791513514.4870226,0.0010999999940395355
stage1,0,ppo/temporal_coefficient,33,1791513542.3013363,0.0012000000569969416
stage1,0,ppo/temporal_coefficient,34,1791513569.054678,0.0013000000035390258
stage1,0,ppo/temporal_coefficient,35,1791513596.8381526,0.00139999995008111
stage1,0,ppo/temporal_coefficient,36,1791513627.540293,0.001500000013038516
stage1,0,ppo/temporal_coefficient,37,1791513654.16175,0.0015999999595806003
stage1,0,ppo/temporal_coefficient,38,1791513684.334661,0.0017000000225380063
stage1,0,ppo/temporal_coefficient,39,1791513710.7957985,0.0017999999690800905
stage1,0,ppo/temporal_coefficient,40,1791513737.9482598,0.0019000000320374966
stage2,0,ppo/temporal_coefficient,41,1791515433.3219187,0.0020000000949949026
stage2,0,ppo/temporal_coefficient,42,1791515460.5295722,0.0020000000949949026
stage2,0,ppo/temporal_coefficient,43,1791515487.5571394,0.0020000000949949026
stage2,0,ppo/temporal_coefficient,44,1791515515.4400697,0.0020000000949949026
stage2,0,ppo/temporal_coefficient,45,1791515543.5002687,0.0020000000949949026
stage2,0,ppo/temporal_coefficient,46,1791515570.605595,0.0020000000949949026
stage2,0,ppo/temporal_coefficient,47,1791515598.0000966,0.0020000000949949026
stage2,0,ppo/temporal_coefficient,48,1791515624.376215,0.0020000000949949026
stage2,0,ppo/temporal_coefficient,49,1791515650.402289,0.0020000000949949026
stage2,0,ppo/temporal_coefficient,50,1791515676.328467,0.0020000000949949026
stage2,0,ppo/temporal_coefficient,51,1791515702.1386125,0.0020000000949949026
stage2,0,ppo/temporal_coefficient,52,1791515728.0755208,0.0020000000949949026
stage2,0,ppo/temporal_coefficient,53,1791515753.9776134,0.0020000000949949026
stage2,0,ppo/temporal_coefficient,54,1791515780.5092442,0.0020000000949949026
stage2,0,ppo/temporal_coefficient,55,1791515806.8162131,0.0020000000949949026
stage2,0,ppo/temporal_coefficient,56,1791515833.6524012,0.0020000000949949026
stage2,0,ppo/temporal_coefficient,57,1791515860.5666873,0.0020000000949949026
stage2,0,ppo/temporal_coefficient,58,1791515887.0549579,0.0020000000949949026
stage2,0,ppo/temporal_coefficient,59,1791515913.4380648,0.0020000000949949026
stage2,0,ppo/temporal_coefficient,60,1791515939.6990445,0.0020000000949949026
stage2,0,ppo/temporal_coefficient,61,1791515966.3035502,0.0020000000949949026
stage2,0,ppo/temporal_coefficient,62,1791515993.4838192,0.0020000000949949026
stage2,0,ppo/temporal_coefficient,63,1791516021.1282952,0.0020000000949949026
stage2,0,ppo/temporal_coefficient,64,1791516047.0915117,0.0020000000949949026
stage2,0,ppo/temporal_coefficient,65,1791516074.310844,0.0020000000949949026
stage2,0,ppo/temporal_coefficient,66,1791516100.5624218,0.0020000000949949026
stage2,0,ppo/temporal_coefficient,67,1791516128.033222,0.0020000000949949026
stage2,0,ppo/temporal_coefficient,68,1791516154.3303626,0.0020000000949949026
stage2,0,ppo/temporal_coefficient,69,1791516181.746699,0.0020000000949949026
stage2,0,ppo/temporal_coefficient,70,1791516207.7505229,0.0020000000949949026
stage2,0,ppo/temporal_coefficient,71,1791516236.4833167,0.0020000000949949026
stage2,0,ppo/temporal_coefficient,72,1791516262.790687,0.0020000000949949026
stage2,0,ppo/temporal_coefficient,73,1791516290.2472532,0.0020000000949949026
stage2,0,ppo/temporal_coefficient,74,1791516316.5386243,0.0020000000949949026
stage2,0,ppo/temporal_coefficient,75,1791516344.723468,0.0020000000949949026
stage2,0,ppo/temporal_coefficient,76,1791516370.9129858,0.0020000000949949026
stage2,0,ppo/temporal_coefficient,77,1791516397.4935126,0.0020000000949949026
stage2,0,ppo/temporal_coefficient,78,1791516424.413793,0.0020000000949949026
stage2,0,ppo/temporal_coefficient,79,1791516450.9405353,0.0020000000949949026
stage2,0,ppo/temporal_coefficient,80,1791516478.0190265,0.0020000000949949026
stage2,0,ppo/temporal_coefficient,81,1791518405.4703054,0.0020000000949949026
stage2,0,ppo/temporal_coefficient,82,1791518431.8273919,0.0020000000949949026
stage2,0,ppo/temporal_coefficient,83,1791518458.1036081,0.0020000000949949026
stage2,0,ppo/temporal_coefficient,84,1791518484.513117,0.0020000000949949026
stage2,0,ppo/temporal_coefficient,85,1791518511.2055092,0.0020000000949949026
stage2,0,ppo/temporal_coefficient,86,1791518537.9068065,0.0020000000949949026
stage2,0,ppo/temporal_coefficient,87,1791518565.0311553,0.0020000000949949026
stage2,0,ppo/temporal_coefficient,88,1791518592.2874675,0.0020000000949949026
stage2,0,ppo/temporal_coefficient,89,1791518618.6195471,0.0020000000949949026
stage2,0,ppo/temporal_coefficient,90,1791518644.9753723,0.0020000000949949026
stage2,0,ppo/temporal_coefficient,91,1791518671.5753562,0.0020000000949949026
stage2,0,ppo/temporal_coefficient,92,1791518698.3949592,0.0020000000949949026
stage2,0,ppo/temporal_coefficient,93,1791518725.0750594,0.0020000000949949026
stage2,0,ppo/temporal_coefficient,94,1791518751.968453,0.0020000000949949026
stage2,0,ppo/temporal_coefficient,95,1791518778.1774185,0.0020000000949949026
stage2,0,ppo/temporal_coefficient,96,1791518804.133806,0.0020000000949949026
stage2,0,ppo/temporal_coefficient,97,1791518830.5005903,0.0020000000949949026
stage2,0,ppo/temporal_coefficient,98,1791518857.0571084,0.0020000000949949026
stage2,0,ppo/temporal_coefficient,99,1791518884.3799198,0.0020000000949949026
stage2,0,ppo/temporal_coefficient,100,1791518910.5859702,0.0020000000949949026
stage2,0,ppo/temporal_coefficient,101,1791518937.5817595,0.0020000000949949026
stage2,0,ppo/temporal_coefficient,102,1791518963.681994,0.0020000000949949026
stage2,0,ppo/temporal_coefficient,103,1791518993.1907203,0.0020000000949949026
stage2,0,ppo/temporal_coefficient,104,1791519019.7677124,0.0020000000949949026
stage2,0,ppo/temporal_coefficient,105,1791519047.0013063,0.0020000000949949026
stage2,0,ppo/temporal_coefficient,106,1791519073.3112547,0.0020000000949949026
stage2,0,ppo/temporal_coefficient,107,1791519103.1992128,0.0020000000949949026
stage2,0,ppo/temporal_coefficient,108,1791519129.209756,0.0020000000949949026
stage2,0,ppo/temporal_coefficient,109,1791519156.1446707,0.0020000000949949026
stage2,0,ppo/temporal_coefficient,110,1791519182.4851844,0.0020000000949949026
stage2,0,ppo/temporal_coefficient,111,1791519209.6530395,0.0020000000949949026
stage2,0,ppo/temporal_coefficient,112,1791519236.0073977,0.0020000000949949026
stage2,0,ppo/temporal_coefficient,113,1791519262.825167,0.0020000000949949026
stage2,0,ppo/temporal_coefficient,114,1791519289.03337,0.0020000000949949026
stage2,0,ppo/temporal_coefficient,115,1791519317.2471788,0.0020000000949949026
stage2,0,ppo/temporal_coefficient,116,1791519344.1624527,0.0020000000949949026
stage2,0,ppo/temporal_coefficient,117,1791519370.5901399,0.0020000000949949026
stage2,0,ppo/temporal_coefficient,118,1791519397.3242571,0.0020000000949949026
stage2,0,ppo/temporal_coefficient,119,1791519424.542188,0.0020000000949949026
stage2,0,ppo/temporal_coefficient,120,1791519453.0526905,0.0020000000949949026
stage1,0,ppo/temporal_eligible_pairs,1,1791511907.5723412,7216.0
stage1,0,ppo/temporal_eligible_pairs,2,1791511937.4729843,1120.0
stage1,0,ppo/temporal_eligible_pairs,3,1791511965.2777412,6381.0
stage1,0,ppo/temporal_eligible_pairs,4,1791511994.5368707,2472.0
stage1,0,ppo/temporal_eligible_pairs,5,1791512021.9641857,2415.0
stage1,0,ppo/temporal_eligible_pairs,6,1791512049.684335,3574.0
stage1,0,ppo/temporal_eligible_pairs,7,1791512082.2044063,1536.0
stage1,0,ppo/temporal_eligible_pairs,8,1791512123.0811577,4054.0
stage1,0,ppo/temporal_eligible_pairs,9,1791512150.480649,957.0
stage1,0,ppo/temporal_eligible_pairs,10,1791512178.1825376,3926.0
stage1,0,ppo/temporal_eligible_pairs,11,1791512206.4048793,366.0
stage1,0,ppo/temporal_eligible_pairs,12,1791512234.740824,4006.0
stage1,0,ppo/temporal_eligible_pairs,13,1791512262.2976503,394.0
stage1,0,ppo/temporal_eligible_pairs,14,1791512290.5551713,5028.0
stage1,0,ppo/temporal_eligible_pairs,15,1791512317.9192336,584.0
stage1,0,ppo/temporal_eligible_pairs,16,1791512346.1063619,5625.0
stage1,0,ppo/temporal_eligible_pairs,17,1791512373.897055,532.0
stage1,0,ppo/temporal_eligible_pairs,18,1791512406.3291366,6060.0
stage1,0,ppo/temporal_eligible_pairs,19,1791512438.7678604,351.0
stage1,0,ppo/temporal_eligible_pairs,20,1791512465.7287807,7239.0
stage1,0,ppo/temporal_eligible_pairs,21,1791513218.5738204,330.0
stage1,0,ppo/temporal_eligible_pairs,22,1791513245.1937268,9448.0
stage1,0,ppo/temporal_eligible_pairs,23,1791513271.9375079,576.0
stage1,0,ppo/temporal_eligible_pairs,24,1791513298.3954456,14220.0
stage1,0,ppo/temporal_eligible_pairs,25,1791513325.9569073,1493.0
stage1,0,ppo/temporal_eligible_pairs,26,1791513352.6377895,16954.0
stage1,0,ppo/temporal_eligible_pairs,27,1791513379.8015766,2110.0
stage1,0,ppo/temporal_eligible_pairs,28,1791513405.9597301,18117.0
stage1,0,ppo/temporal_eligible_pairs,29,1791513433.519031,2617.0
stage1,0,ppo/temporal_eligible_pairs,30,1791513460.3213663,18788.0
stage1,0,ppo/temporal_eligible_pairs,31,1791513487.739968,2634.0
stage1,0,ppo/temporal_eligible_pairs,32,1791513514.4870706,19090.0
stage1,0,ppo/temporal_eligible_pairs,33,1791513542.3014736,3854.0
stage1,0,ppo/temporal_eligible_pairs,34,1791513569.0546856,17967.0
stage1,0,ppo/temporal_eligible_pairs,35,1791513596.838278,3454.0
stage1,0,ppo/temporal_eligible_pairs,36,1791513627.5403337,17898.0
stage1,0,ppo/temporal_eligible_pairs,37,1791513654.1617901,2351.0
stage1,0,ppo/temporal_eligible_pairs,38,1791513684.3346953,17059.0
stage1,0,ppo/temporal_eligible_pairs,39,1791513710.7958364,2894.0
stage1,0,ppo/temporal_eligible_pairs,40,1791513737.9482958,17353.0
stage2,0,ppo/temporal_eligible_pairs,41,1791515433.3219829,17604.0
stage2,0,ppo/temporal_eligible_pairs,42,1791515460.5295808,5656.0
stage2,0,ppo/temporal_eligible_pairs,43,1791515487.5571544,1439.0
stage2,0,ppo/temporal_eligible_pairs,44,1791515515.4401903,1212.0
stage2,0,ppo/temporal_eligible_pairs,45,1791515543.500278,1363.0
stage2,0,ppo/temporal_eligible_pairs,46,1791515570.605765,1075.0
stage2,0,ppo/temporal_eligible_pairs,47,1791515598.0001569,16213.0
stage2,0,ppo/temporal_eligible_pairs,48,1791515624.3763552,5040.0
stage2,0,ppo/temporal_eligible_pairs,49,1791515650.4024975,1688.0
stage2,0,ppo/temporal_eligible_pairs,50,1791515676.3284755,893.0
stage2,0,ppo/temporal_eligible_pairs,51,1791515702.138774,1606.0
stage2,0,ppo/temporal_eligible_pairs,52,1791515728.0755427,1625.0
stage2,0,ppo/temporal_eligible_pairs,53,1791515753.9776485,11585.0
stage2,0,ppo/temporal_eligible_pairs,54,1791515780.509386,5678.0
stage2,0,ppo/temporal_eligible_pairs,55,1791515806.8162274,1949.0
stage2,0,ppo/temporal_eligible_pairs,56,1791515833.6524096,760.0
stage2,0,ppo/temporal_eligible_pairs,57,1791515860.5667293,1045.0
stage2,0,ppo/temporal_eligible_pairs,58,1791515887.0549674,1338.0
stage2,0,ppo/temporal_eligible_pairs,59,1791515913.438073,8070.0
stage2,0,ppo/temporal_eligible_pairs,60,1791515939.6990526,8831.0
stage2,0,ppo/temporal_eligible_pairs,61,1791515966.3036044,1338.0
stage2,0,ppo/temporal_eligible_pairs,62,1791515993.4839993,218.0
stage2,0,ppo/temporal_eligible_pairs,63,1791516021.1284497,845.0
stage2,0,ppo/temporal_eligible_pairs,64,1791516047.091519,1193.0
stage2,0,ppo/temporal_eligible_pairs,65,1791516074.310994,1921.0
stage2,0,ppo/temporal_eligible_pairs,66,1791516100.562429,13457.0
stage2,0,ppo/temporal_eligible_pairs,67,1791516128.0332296,1164.0
stage2,0,ppo/temporal_eligible_pairs,68,1791516154.3303778,254.0
stage2,0,ppo/temporal_eligible_pairs,69,1791516181.746831,602.0
stage2,0,ppo/temporal_eligible_pairs,70,1791516207.7505717,1209.0
stage2,0,ppo/temporal_eligible_pairs,71,1791516236.4833314,1449.0
stage2,0,ppo/temporal_eligible_pairs,72,1791516262.790695,16862.0
stage2,0,ppo/temporal_eligible_pairs,73,1791516290.2472608,5709.0
stage2,0,ppo/temporal_eligible_pairs,74,1791516316.538632,2269.0
stage2,0,ppo/temporal_eligible_pairs,75,1791516344.7234755,2405.0
stage2,0,ppo/temporal_eligible_pairs,76,1791516370.9130008,3904.0
stage2,0,ppo/temporal_eligible_pairs,77,1791516397.4935465,4225.0
stage2,0,ppo/temporal_eligible_pairs,78,1791516424.4139407,15242.0
stage2,0,ppo/temporal_eligible_pairs,79,1791516450.940543,8147.0
stage2,0,ppo/temporal_eligible_pairs,80,1791516478.019041,5097.0
stage2,0,ppo/temporal_eligible_pairs,81,1791518405.470473,5864.0
stage2,0,ppo/temporal_eligible_pairs,82,1791518431.8275332,6385.0
stage2,0,ppo/temporal_eligible_pairs,83,1791518458.1036708,4943.0
stage2,0,ppo/temporal_eligible_pairs,84,1791518484.5131786,11924.0
stage2,0,ppo/temporal_eligible_pairs,85,1791518511.2055173,10636.0
stage2,0,ppo/temporal_eligible_pairs,86,1791518537.90701,2804.0
stage2,0,ppo/temporal_eligible_pairs,87,1791518565.031164,2336.0
stage2,0,ppo/temporal_eligible_pairs,88,1791518592.287597,1682.0
stage2,0,ppo/temporal_eligible_pairs,89,1791518618.6196156,1231.0
stage2,0,ppo/temporal_eligible_pairs,90,1791518644.975434,2552.0
stage2,0,ppo/temporal_eligible_pairs,91,1791518671.575419,13212.0
stage2,0,ppo/temporal_eligible_pairs,92,1791518698.3950295,831.0
stage2,0,ppo/temporal_eligible_pairs,93,1791518725.0750697,404.0
stage2,0,ppo/temporal_eligible_pairs,94,1791518751.9684608,815.0
stage2,0,ppo/temporal_eligible_pairs,95,1791518778.1774259,1324.0
stage2,0,ppo/temporal_eligible_pairs,96,1791518804.1338136,2003.0
stage2,0,ppo/temporal_eligible_pairs,97,1791518830.5006526,12113.0
stage2,0,ppo/temporal_eligible_pairs,98,1791518857.0572364,724.0
stage2,0,ppo/temporal_eligible_pairs,99,1791518884.3799279,364.0
stage2,0,ppo/temporal_eligible_pairs,100,1791518910.5859776,540.0
stage2,0,ppo/temporal_eligible_pairs,101,1791518937.5817738,1143.0
stage2,0,ppo/temporal_eligible_pairs,102,1791518963.6820025,1453.0
stage2,0,ppo/temporal_eligible_pairs,103,1791518993.1907349,9503.0
stage2,0,ppo/temporal_eligible_pairs,104,1791519019.7677462,576.0
stage2,0,ppo/temporal_eligible_pairs,105,1791519047.0013142,361.0
stage2,0,ppo/temporal_eligible_pairs,106,1791519073.311296,273.0
stage2,0,ppo/temporal_eligible_pairs,107,1791519103.1992502,1082.0
stage2,0,ppo/temporal_eligible_pairs,108,1791519129.2097669,1336.0
stage2,0,ppo/temporal_eligible_pairs,109,1791519156.1446853,6616.0
stage2,0,ppo/temporal_eligible_pairs,110,1791519182.4852247,3932.0
stage2,0,ppo/temporal_eligible_pairs,111,1791519209.6530538,313.0
stage2,0,ppo/temporal_eligible_pairs,112,1791519236.0074353,260.0
stage2,0,ppo/temporal_eligible_pairs,113,1791519262.8251743,694.0
stage2,0,ppo/temporal_eligible_pairs,114,1791519289.033378,1608.0
stage2,0,ppo/temporal_eligible_pairs,115,1791519317.2471864,872.0
stage2,0,ppo/temporal_eligible_pairs,116,1791519344.1624599,13180.0
stage2,0,ppo/temporal_eligible_pairs,117,1791519370.5901482,890.0
stage2,0,ppo/temporal_eligible_pairs,118,1791519397.3244214,1090.0
stage2,0,ppo/temporal_eligible_pairs,119,1791519424.5421968,2112.0
stage2,0,ppo/temporal_eligible_pairs,120,1791519453.0527294,1821.0
stage1,0,ppo/temporal_real_pairs,1,1791511907.572308,65024.0
stage1,0,ppo/temporal_real_pairs,2,1791511937.4729505,64512.0
stage1,0,ppo/temporal_real_pairs,3,1791511965.2777328,65024.0
stage1,0,ppo/temporal_real_pairs,4,1791511994.5368395,64512.0
stage1,0,ppo/temporal_real_pairs,5,1791512021.9640777,65024.0
stage1,0,ppo/temporal_real_pairs,6,1791512049.6843314,64512.0
stage1,0,ppo/temporal_real_pairs,7,1791512082.2044027,65024.0
stage1,0,ppo/temporal_real_pairs,8,1791512123.0811536,64512.0
stage1,0,ppo/temporal_real_pairs,9,1791512150.4806437,65024.0
stage1,0,ppo/temporal_real_pairs,10,1791512178.1823123,64512.0
stage1,0,ppo/temporal_real_pairs,11,1791512206.4048402,65024.0
stage1,0,ppo/temporal_real_pairs,12,1791512234.7407942,64512.0
stage1,0,ppo/temporal_real_pairs,13,1791512262.2976208,65024.0
stage1,0,ppo/temporal_real_pairs,14,1791512290.5551417,64512.0
stage1,0,ppo/temporal_real_pairs,15,1791512317.9192019,65024.0
stage1,0,ppo/temporal_real_pairs,16,1791512346.106358,64512.0
stage1,0,ppo/temporal_real_pairs,17,1791512373.89705,65024.0
stage1,0,ppo/temporal_real_pairs,18,1791512406.3291056,64512.0
stage1,0,ppo/temporal_real_pairs,19,1791512438.7678308,65024.0
stage1,0,ppo/temporal_real_pairs,20,1791512465.728703,64512.0
stage1,0,ppo/temporal_real_pairs,21,1791513218.573817,65024.0
stage1,0,ppo/temporal_real_pairs,22,1791513245.1936848,64512.0
stage1,0,ppo/temporal_real_pairs,23,1791513271.9374778,65024.0
stage1,0,ppo/temporal_real_pairs,24,1791513298.395413,64512.0
stage1,0,ppo/temporal_real_pairs,25,1791513325.9568865,65024.0
stage1,0,ppo/temporal_real_pairs,26,1791513352.637769,64512.0
stage1,0,ppo/temporal_real_pairs,27,1791513379.8015504,65024.0
stage1,0,ppo/temporal_real_pairs,28,1791513405.9597068,64512.0
stage1,0,ppo/temporal_real_pairs,29,1791513433.5190036,65024.0
stage1,0,ppo/temporal_real_pairs,30,1791513460.321347,64512.0
stage1,0,ppo/temporal_real_pairs,31,1791513487.7399476,65024.0
stage1,0,ppo/temporal_real_pairs,32,1791513514.4870448,64512.0
stage1,0,ppo/temporal_real_pairs,33,1791513542.3013399,65024.0
stage1,0,ppo/temporal_real_pairs,34,1791513569.0546823,64512.0
stage1,0,ppo/temporal_real_pairs,35,1791513596.838158,65024.0
stage1,0,ppo/temporal_real_pairs,36,1791513627.540314,64512.0
stage1,0,ppo/temporal_real_pairs,37,1791513654.1617706,65024.0
stage1,0,ppo/temporal_real_pairs,38,1791513684.3346784,64512.0
stage1,0,ppo/temporal_real_pairs,39,1791513710.7958167,65024.0
stage1,0,ppo/temporal_real_pairs,40,1791513737.9482782,64512.0
stage2,0,ppo/temporal_real_pairs,41,1791515433.3219514,65024.0
stage2,0,ppo/temporal_real_pairs,42,1791515460.529577,65024.0
stage2,0,ppo/temporal_real_pairs,43,1791515487.5571492,65024.0
stage2,0,ppo/temporal_real_pairs,44,1791515515.4400795,65024.0
stage2,0,ppo/temporal_real_pairs,45,1791515543.5002742,65024.0
stage2,0,ppo/temporal_real_pairs,46,1791515570.605756,65024.0
stage2,0,ppo/temporal_real_pairs,47,1791515598.0001273,64512.0
stage2,0,ppo/temporal_real_pairs,48,1791515624.3763137,65024.0
stage2,0,ppo/temporal_real_pairs,49,1791515650.4022932,65024.0
stage2,0,ppo/temporal_real_pairs,50,1791515676.328472,65024.0
stage2,0,ppo/temporal_real_pairs,51,1791515702.1386418,65024.0
stage2,0,ppo/temporal_real_pairs,52,1791515728.0755248,65024.0
stage2,0,ppo/temporal_real_pairs,53,1791515753.9776313,64512.0
stage2,0,ppo/temporal_real_pairs,54,1791515780.5093768,65024.0
stage2,0,ppo/temporal_real_pairs,55,1791515806.8162224,65024.0
stage2,0,ppo/temporal_real_pairs,56,1791515833.652406,65024.0
stage2,0,ppo/temporal_real_pairs,57,1791515860.5667102,65024.0
stage2,0,ppo/temporal_real_pairs,58,1791515887.0549634,65024.0
stage2,0,ppo/temporal_real_pairs,59,1791515913.4380693,64512.0
stage2,0,ppo/temporal_real_pairs,60,1791515939.699049,65024.0
stage2,0,ppo/temporal_real_pairs,61,1791515966.303582,65024.0
stage2,0,ppo/temporal_real_pairs,62,1791515993.4839897,65024.0
stage2,0,ppo/temporal_real_pairs,63,1791516021.1284409,65024.0
stage2,0,ppo/temporal_real_pairs,64,1791516047.091516,65024.0
stage2,0,ppo/temporal_real_pairs,65,1791516074.3109844,65024.0
stage2,0,ppo/temporal_real_pairs,66,1791516100.5624256,65024.0
stage2,0,ppo/temporal_real_pairs,67,1791516128.0332263,65024.0
stage2,0,ppo/temporal_real_pairs,68,1791516154.330372,65024.0
stage2,0,ppo/temporal_real_pairs,69,1791516181.746822,65024.0
stage2,0,ppo/temporal_real_pairs,70,1791516207.7505424,65024.0
stage2,0,ppo/temporal_real_pairs,71,1791516236.4833264,65024.0
stage2,0,ppo/temporal_real_pairs,72,1791516262.7906914,64512.0
stage2,0,ppo/temporal_real_pairs,73,1791516290.2472572,65024.0
stage2,0,ppo/temporal_real_pairs,74,1791516316.5386286,65024.0
stage2,0,ppo/temporal_real_pairs,75,1791516344.723472,65024.0
stage2,0,ppo/temporal_real_pairs,76,1791516370.9129956,65024.0
stage2,0,ppo/temporal_real_pairs,77,1791516397.4935296,65024.0
stage2,0,ppo/temporal_real_pairs,78,1791516424.4137979,64512.0
stage2,0,ppo/temporal_real_pairs,79,1791516450.9405394,65024.0
stage2,0,ppo/temporal_real_pairs,80,1791516478.0190322,65024.0
stage2,0,ppo/temporal_real_pairs,81,1791518405.4704487,65024.0
stage2,0,ppo/temporal_real_pairs,82,1791518431.8274267,65024.0
stage2,0,ppo/temporal_real_pairs,83,1791518458.1036398,65024.0
stage2,0,ppo/temporal_real_pairs,84,1791518484.5131483,64512.0
stage2,0,ppo/temporal_real_pairs,85,1791518511.2055137,65024.0
stage2,0,ppo/temporal_real_pairs,86,1791518537.9070013,65024.0
stage2,0,ppo/temporal_real_pairs,87,1791518565.03116,65024.0
stage2,0,ppo/temporal_real_pairs,88,1791518592.2875881,65024.0
stage2,0,ppo/temporal_real_pairs,89,1791518618.6195831,65024.0
stage2,0,ppo/temporal_real_pairs,90,1791518644.9754038,65024.0
stage2,0,ppo/temporal_real_pairs,91,1791518671.575388,65024.0
stage2,0,ppo/temporal_real_pairs,92,1791518698.3949957,65024.0
stage2,0,ppo/temporal_real_pairs,93,1791518725.0750656,65024.0
stage2,0,ppo/temporal_real_pairs,94,1791518751.9684572,65024.0
stage2,0,ppo/temporal_real_pairs,95,1791518778.1774223,65024.0
stage2,0,ppo/temporal_real_pairs,96,1791518804.1338103,65024.0
stage2,0,ppo/temporal_real_pairs,97,1791518830.5006225,64512.0
stage2,0,ppo/temporal_real_pairs,98,1791518857.0572278,65024.0
stage2,0,ppo/temporal_real_pairs,99,1791518884.3799243,65024.0
stage2,0,ppo/temporal_real_pairs,100,1791518910.5859742,65024.0
stage2,0,ppo/temporal_real_pairs,101,1791518937.581769,65024.0
stage2,0,ppo/temporal_real_pairs,102,1791518963.6819987,65024.0
stage2,0,ppo/temporal_real_pairs,103,1791518993.1907296,64512.0
stage2,0,ppo/temporal_real_pairs,104,1791519019.7677283,65024.0
stage2,0,ppo/temporal_real_pairs,105,1791519047.0013103,65024.0
stage2,0,ppo/temporal_real_pairs,106,1791519073.3112757,65024.0
stage2,0,ppo/temporal_real_pairs,107,1791519103.1992326,65024.0
stage2,0,ppo/temporal_real_pairs,108,1791519129.209763,65024.0
stage2,0,ppo/temporal_real_pairs,109,1791519156.1446805,64512.0
stage2,0,ppo/temporal_real_pairs,110,1791519182.4852047,65024.0
stage2,0,ppo/temporal_real_pairs,111,1791519209.6530488,65024.0
stage2,0,ppo/temporal_real_pairs,112,1791519236.0074174,65024.0
stage2,0,ppo/temporal_real_pairs,113,1791519262.825171,65024.0
stage2,0,ppo/temporal_real_pairs,114,1791519289.0333743,65024.0
stage2,0,ppo/temporal_real_pairs,115,1791519317.2471828,65024.0
stage2,0,ppo/temporal_real_pairs,116,1791519344.1624565,65024.0
stage2,0,ppo/temporal_real_pairs,117,1791519370.5901444,65024.0
stage2,0,ppo/temporal_real_pairs,118,1791519397.3244123,65024.0
stage2,0,ppo/temporal_real_pairs,119,1791519424.542193,65024.0
stage2,0,ppo/temporal_real_pairs,120,1791519453.0527103,65024.0
stage1,0,ppo/value,1,1791511907.5715826,7.1096720695495605
stage1,0,ppo/value,2,1791511937.471906,71.33769226074219
stage1,0,ppo/value,3,1791511965.2766879,12.857671737670898
stage1,0,ppo/value,4,1791511994.5359077,37.346473693847656
stage1,0,ppo/value,5,1791512021.963091,24.05022430419922
stage1,0,ppo/value,6,1791512049.6835864,55.5308952331543
stage1,0,ppo/value,7,1791512082.1969728,26.18704605102539
stage1,0,ppo/value,8,1791512123.0804255,56.73128128051758
stage1,0,ppo/value,9,1791512150.479901,17.397253036499023
stage1,0,ppo/value,10,1791512178.1813145,59.63230514526367
stage1,0,ppo/value,11,1791512206.404207,11.547901153564453
stage1,0,ppo/value,12,1791512234.7398727,59.022621154785156
stage1,0,ppo/value,13,1791512262.2969863,7.389585018157959
stage1,0,ppo/value,14,1791512290.5544133,57.06211471557617
stage1,0,ppo/value,15,1791512317.9184103,3.511474847793579
stage1,0,ppo/value,16,1791512346.1055777,35.494747161865234
stage1,0,ppo/value,17,1791512373.8963382,2.703192949295044
stage1,0,ppo/value,18,1791512406.3280342,15.483173370361328
stage1,0,ppo/value,19,1791512438.7672088,1.7762762308120728
stage1,0,ppo/value,20,1791512465.727843,4.144637107849121
stage1,0,ppo/value,21,1791513218.5728102,0.8397197723388672
stage1,0,ppo/value,22,1791513245.1926608,1.2974082231521606
stage1,0,ppo/value,23,1791513271.9366462,0.48767995834350586
stage1,0,ppo/value,24,1791513298.3944702,0.6765034198760986
stage1,0,ppo/value,25,1791513325.9562721,0.2738252878189087
stage1,0,ppo/value,26,1791513352.6373582,0.4320756494998932
stage1,0,ppo/value,27,1791513379.8010125,0.19169197976589203
stage1,0,ppo/value,28,1791513405.9592013,0.2635308802127838
stage1,0,ppo/value,29,1791513433.5182774,0.11111199855804443
stage1,0,ppo/value,30,1791513460.3206925,0.16061082482337952
stage1,0,ppo/value,31,1791513487.7395482,0.07076695561408997
stage1,0,ppo/value,32,1791513514.486459,0.1025107204914093
stage1,0,ppo/value,33,1791513542.3009202,0.046322740614414215
stage1,0,ppo/value,34,1791513569.0539246,0.09063535928726196
stage1,0,ppo/value,35,1791513596.8375905,0.039471399039030075
stage1,0,ppo/value,36,1791513627.5398636,0.07201172411441803
stage1,0,ppo/value,37,1791513654.1613734,0.031216340139508247
stage1,0,ppo/value,38,1791513684.334102,0.06627985090017319
stage1,0,ppo/value,39,1791513710.7954829,0.022741176187992096
stage1,0,ppo/value,40,1791513737.9478698,0.05627279728651047
stage2,0,ppo/value,41,1791515433.3209393,0.6053063273429871
stage2,0,ppo/value,42,1791515460.5289767,3.9611635208129883
stage2,0,ppo/value,43,1791515487.556316,14.398199081420898
stage2,0,ppo/value,44,1791515515.4390903,22.568906784057617
stage2,0,ppo/value,45,1791515543.4930124,22.655685424804688
stage2,0,ppo/value,46,1791515570.60506,23.254934310913086
stage2,0,ppo/value,47,1791515597.9995723,44.64154052734375
stage2,0,ppo/value,48,1791515624.3754969,2.249061107635498
stage2,0,ppo/value,49,1791515650.40163,7.566238880157471
stage2,0,ppo/value,50,1791515676.3279202,17.472766876220703
stage2,0,ppo/value,51,1791515702.1379774,17.837276458740234
stage2,0,ppo/value,52,1791515728.0750413,22.271099090576172
stage2,0,ppo/value,53,1791515753.9771647,79.91535949707031
stage2,0,ppo/value,54,1791515780.508608,1.7107090950012207
stage2,0,ppo/value,55,1791515806.8154895,3.497539520263672
stage2,0,ppo/value,56,1791515833.651914,15.36243724822998
stage2,0,ppo/value,57,1791515860.5660973,17.404823303222656
stage2,0,ppo/value,58,1791515887.054535,17.608797073364258
stage2,0,ppo/value,59,1791515913.4376874,83.7861557006836
stage2,0,ppo/value,60,1791515939.6986341,1.9142264127731323
stage2,0,ppo/value,61,1791515966.3030355,1.8655931949615479
stage2,0,ppo/value,62,1791515993.483296,12.15604019165039
stage2,0,ppo/value,63,1791516021.127659,15.568863868713379
stage2,0,ppo/value,64,1791516047.0910177,14.10599422454834
stage2,0,ppo/value,65,1791516074.3100626,72.68632507324219
stage2,0,ppo/value,66,1791516100.561953,1.8152834177017212
stage2,0,ppo/value,67,1791516128.0328395,1.1869392395019531
stage2,0,ppo/value,68,1791516154.3296788,8.872649192810059
stage2,0,ppo/value,69,1791516181.7462134,17.26641082763672
stage2,0,ppo/value,70,1791516207.7499678,21.081016540527344
stage2,0,ppo/value,71,1791516236.482499,27.22355079650879
stage2,0,ppo/value,72,1791516262.7902932,63.40694046020508
stage2,0,ppo/value,73,1791516290.246556,1.4848278760910034
stage2,0,ppo/value,74,1791516316.5377667,4.574666976928711
stage2,0,ppo/value,75,1791516344.7230647,10.76732349395752
stage2,0,ppo/value,76,1791516370.9121416,16.993549346923828
stage2,0,ppo/value,77,1791516397.4931197,22.553361892700195
stage2,0,ppo/value,78,1791516424.4133546,43.78816604614258
stage2,0,ppo/value,79,1791516450.9401264,1.3272548913955688
stage2,0,ppo/value,80,1791516478.0183709,2.626842737197876
stage2,0,ppo/value,81,1791518405.3925464,9.49262809753418
stage2,0,ppo/value,82,1791518431.8269215,13.260324478149414
stage2,0,ppo/value,83,1791518458.102901,18.104904174804688
stage2,0,ppo/value,84,1791518484.5122504,25.987030029296875
stage2,0,ppo/value,85,1791518511.2045882,3.264726400375366
stage2,0,ppo/value,86,1791518537.906027,2.7767229080200195
stage2,0,ppo/value,87,1791518565.030278,10.310441970825195
stage2,0,ppo/value,88,1791518592.2868948,11.218376159667969
stage2,0,ppo/value,89,1791518618.6189802,10.925984382629395
stage2,0,ppo/value,90,1791518644.974837,25.123977661132812
stage2,0,ppo/value,91,1791518671.5747652,3.455850124359131
stage2,0,ppo/value,92,1791518698.3939946,2.542694568634033
stage2,0,ppo/value,93,1791518725.074294,7.21849250793457
stage2,0,ppo/value,94,1791518751.967853,11.353047370910645
stage2,0,ppo/value,95,1791518778.1766782,19.038047790527344
stage2,0,ppo/value,96,1791518804.1330457,21.15935707092285
stage2,0,ppo/value,97,1791518830.4999611,37.5091667175293
stage2,0,ppo/value,98,1791518857.0565853,5.3543620109558105
stage2,0,ppo/value,99,1791518884.3794804,6.0534539222717285
stage2,0,ppo/value,100,1791518910.5854454,11.075058937072754
stage2,0,ppo/value,101,1791518937.5810654,13.068273544311523
stage2,0,ppo/value,102,1791518963.6815076,16.672523498535156
stage2,0,ppo/value,103,1791518993.1900375,41.30781936645508
stage2,0,ppo/value,104,1791519019.7673643,7.2831878662109375
stage2,0,ppo/value,105,1791519047.0008376,5.939945220947266
stage2,0,ppo/value,106,1791519073.310878,15.05200481414795
stage2,0,ppo/value,107,1791519103.1986194,17.38808822631836
stage2,0,ppo/value,108,1791519129.2089436,23.088727951049805
stage2,0,ppo/value,109,1791519156.1438153,65.49220275878906
stage2,0,ppo/value,110,1791519182.4848201,2.9644718170166016
stage2,0,ppo/value,111,1791519209.6524093,2.753818988800049
stage2,0,ppo/value,112,1791519236.007029,11.058218955993652
stage2,0,ppo/value,113,1791519262.8246956,17.472904205322266
stage2,0,ppo/value,114,1791519289.0330179,14.894421577453613
stage2,0,ppo/value,115,1791519317.246712,44.3811149597168
stage2,0,ppo/value,116,1791519344.1619968,5.349733829498291
stage2,0,ppo/value,117,1791519370.5896728,2.7604708671569824
stage2,0,ppo/value,118,1791519397.3237584,5.485846519470215
stage2,0,ppo/value,119,1791519424.5417223,6.306340217590332
stage2,0,ppo/value,120,1791519453.0523026,6.8317365646362305
stage1,0,train/mean_step_reward,1,1791511907.571549,-0.06048615276813507
stage1,0,train/mean_step_reward,2,1791511937.4718788,-0.21778133511543274
stage1,0,train/mean_step_reward,3,1791511965.276663,-0.07194001227617264
stage1,0,train/mean_step_reward,4,1791511994.5358813,-0.17492377758026123
stage1,0,train/mean_step_reward,5,1791512021.9630644,-0.07750831544399261
stage1,0,train/mean_step_reward,6,1791512049.6835546,-0.13047195971012115
stage1,0,train/mean_step_reward,7,1791512082.1969469,-0.07820113003253937
stage1,0,train/mean_step_reward,8,1791512123.0803988,-0.09721642732620239
stage1,0,train/mean_step_reward,9,1791512150.4798748,-0.07830127328634262
stage1,0,train/mean_step_reward,10,1791512178.1812892,-0.07112015783786774
stage1,0,train/mean_step_reward,11,1791512206.4041827,-0.0764252096414566
stage1,0,train/mean_step_reward,12,1791512234.7398453,-0.0514771044254303
stage1,0,train/mean_step_reward,13,1791512262.296959,-0.07114481925964355
stage1,0,train/mean_step_reward,14,1791512290.5543883,-0.03497330844402313
stage1,0,train/mean_step_reward,15,1791512317.9183865,-0.05882735550403595
stage1,0,train/mean_step_reward,16,1791512346.1055474,-0.02538132295012474
stage1,0,train/mean_step_reward,17,1791512373.8963115,-0.04973858594894409
stage1,0,train/mean_step_reward,18,1791512406.3280077,-0.01583683490753174
stage1,0,train/mean_step_reward,19,1791512438.7671833,-0.04199507087469101
stage1,0,train/mean_step_reward,20,1791512465.7278168,-0.01200111024081707
stage1,0,train/mean_step_reward,21,1791513218.572782,-0.03281485289335251
stage1,0,train/mean_step_reward,22,1791513245.1926339,-0.009160466492176056
stage1,0,train/mean_step_reward,23,1791513271.9366202,-0.02543175220489502
stage1,0,train/mean_step_reward,24,1791513298.3944428,-0.007154740858823061
stage1,0,train/mean_step_reward,25,1791513325.956243,-0.019466448575258255
stage1,0,train/mean_step_reward,26,1791513352.637327,-0.007295553106814623
stage1,0,train/mean_step_reward,27,1791513379.8009877,-0.016590438783168793
stage1,0,train/mean_step_reward,28,1791513405.9591703,-0.007599373813718557
stage1,0,train/mean_step_reward,29,1791513433.5182502,-0.013430893421173096
stage1,0,train/mean_step_reward,30,1791513460.320662,-0.008362751454114914
stage1,0,train/mean_step_reward,31,1791513487.7395203,-0.011659900657832623
stage1,0,train/mean_step_reward,32,1791513514.486424,-0.008894143626093864
stage1,0,train/mean_step_reward,33,1791513542.3008947,-0.009476909413933754
stage1,0,train/mean_step_reward,34,1791513569.0538964,-0.009055334143340588
stage1,0,train/mean_step_reward,35,1791513596.8375561,-0.008833068422973156
stage1,0,train/mean_step_reward,36,1791513627.5398264,-0.009714566171169281
stage1,0,train/mean_step_reward,37,1791513654.1613452,-0.008072268217802048
stage1,0,train/mean_step_reward,38,1791513684.3340752,-0.009674452245235443
stage1,0,train/mean_step_reward,39,1791513710.7954576,-0.007290803827345371
stage1,0,train/mean_step_reward,40,1791513737.9478323,-0.009877968579530716
stage2,0,train/mean_step_reward,41,1791515433.32091,-0.013064581900835037
stage2,0,train/mean_step_reward,42,1791515460.528952,-0.042798615992069244
stage2,0,train/mean_step_reward,43,1791515487.556291,-0.07710379362106323
stage2,0,train/mean_step_reward,44,1791515515.4390655,-0.10654349625110626
stage2,0,train/mean_step_reward,45,1791515543.4929879,-0.11161425709724426
stage2,0,train/mean_step_reward,46,1791515570.6050336,-0.10189291834831238
stage2,0,train/mean_step_reward,47,1791515597.999543,-0.03262703865766525
stage2,0,train/mean_step_reward,48,1791515624.375471,-0.03624819219112396
stage2,0,train/mean_step_reward,49,1791515650.4015927,-0.06512059271335602
stage2,0,train/mean_step_reward,50,1791515676.3278964,-0.09790314733982086
stage2,0,train/mean_step_reward,51,1791515702.137951,-0.10633982717990875
stage2,0,train/mean_step_reward,52,1791515728.0750165,-0.09475506097078323
stage2,0,train/mean_step_reward,53,1791515753.977139,-0.049348052591085434
stage2,0,train/mean_step_reward,54,1791515780.5085816,-0.023991141468286514
stage2,0,train/mean_step_reward,55,1791515806.8154645,-0.04900822415947914
stage2,0,train/mean_step_reward,56,1791515833.6518834,-0.08720031380653381
stage2,0,train/mean_step_reward,57,1791515860.5660717,-0.10579093545675278
stage2,0,train/mean_step_reward,58,1791515887.05451,-0.09675432741641998
stage2,0,train/mean_step_reward,59,1791515913.437662,-0.06840695440769196
stage2,0,train/mean_step_reward,60,1791515939.6986082,-0.016169507056474686
stage2,0,train/mean_step_reward,61,1791515966.3030114,-0.041410185396671295
stage2,0,train/mean_step_reward,62,1791515993.48327,-0.07799354195594788
stage2,0,train/mean_step_reward,63,1791516021.127632,-0.09988170862197876
stage2,0,train/mean_step_reward,64,1791516047.0909927,-0.1009269654750824
stage2,0,train/mean_step_reward,65,1791516074.3100355,-0.10295223444700241
stage2,0,train/mean_step_reward,66,1791516100.5619273,-0.011547736823558807
stage2,0,train/mean_step_reward,67,1791516128.0328135,-0.03224876523017883
stage2,0,train/mean_step_reward,68,1791516154.3296545,-0.06732271611690521
stage2,0,train/mean_step_reward,69,1791516181.7461889,-0.09824144840240479
stage2,0,train/mean_step_reward,70,1791516207.7499413,-0.11355127394199371
stage2,0,train/mean_step_reward,71,1791516236.4824722,-0.11165903508663177
stage2,0,train/mean_step_reward,72,1791516262.7902675,-0.034998636692762375
stage2,0,train/mean_step_reward,73,1791516290.2465305,-0.02651982754468918
stage2,0,train/mean_step_reward,74,1791516316.5377429,-0.04775312542915344
stage2,0,train/mean_step_reward,75,1791516344.7230327,-0.07695310562849045
stage2,0,train/mean_step_reward,76,1791516370.9121175,-0.0931084007024765
stage2,0,train/mean_step_reward,77,1791516397.4930947,-0.08552172780036926
stage2,0,train/mean_step_reward,78,1791516424.413329,-0.044034771621227264
stage2,0,train/mean_step_reward,79,1791516450.9401011,-0.019369298592209816
stage2,0,train/mean_step_reward,80,1791516478.0183465,-0.036432504653930664
stage2,0,train/mean_step_reward,81,1791518405.392517,-0.06473641097545624
stage2,0,train/mean_step_reward,82,1791518431.8268957,-0.08076590299606323
stage2,0,train/mean_step_reward,83,1791518458.102877,-0.08104555308818817
stage2,0,train/mean_step_reward,84,1791518484.5122242,-0.05854437127709389
stage2,0,train/mean_step_reward,85,1791518511.2045596,-0.013212376274168491
stage2,0,train/mean_step_reward,86,1791518537.906003,-0.031826943159103394
stage2,0,train/mean_step_reward,87,1791518565.0302522,-0.06543213129043579
stage2,0,train/mean_step_reward,88,1791518592.2868693,-0.08700835704803467
stage2,0,train/mean_step_reward,89,1791518618.6189544,-0.09150481969118118
stage2,0,train/mean_step_reward,90,1791518644.9748106,-0.08836839348077774
stage2,0,train/mean_step_reward,91,1791518671.5747385,-0.010525152087211609
stage2,0,train/mean_step_reward,92,1791518698.39397,-0.025720490142703056
stage2,0,train/mean_step_reward,93,1791518725.0742695,-0.05112864822149277
stage2,0,train/mean_step_reward,94,1791518751.9678283,-0.07980953902006149
stage2,0,train/mean_step_reward,95,1791518778.1766493,-0.10538475215435028
stage2,0,train/mean_step_reward,96,1791518804.133022,-0.10886909067630768
stage2,0,train/mean_step_reward,97,1791518830.4999328,-0.03399224579334259
stage2,0,train/mean_step_reward,98,1791518857.0565557,-0.02430543303489685
stage2,0,train/mean_step_reward,99,1791518884.3794556,-0.043983280658721924
stage2,0,train/mean_step_reward,100,1791518910.5854194,-0.07665994018316269
stage2,0,train/mean_step_reward,101,1791518937.5810394,-0.1089184582233429
stage2,0,train/mean_step_reward,102,1791518963.681481,-0.1207893043756485
stage2,0,train/mean_step_reward,103,1791518993.1899962,-0.06907953321933746
stage2,0,train/mean_step_reward,104,1791519019.7673383,-0.020751120522618294
stage2,0,train/mean_step_reward,105,1791519047.000809,-0.04325117543339729
stage2,0,train/mean_step_reward,106,1791519073.3108482,-0.0801684781908989
stage2,0,train/mean_step_reward,107,1791519103.1985931,-0.12365499883890152
stage2,0,train/mean_step_reward,108,1791519129.2089198,-0.14089971780776978
stage2,0,train/mean_step_reward,109,1791519156.143787,-0.11796090006828308
stage2,0,train/mean_step_reward,110,1791519182.484791,-0.015948202461004257
stage2,0,train/mean_step_reward,111,1791519209.6523843,-0.03347823768854141
stage2,0,train/mean_step_reward,112,1791519236.006998,-0.07069523632526398
stage2,0,train/mean_step_reward,113,1791519262.824671,-0.10680825263261795
stage2,0,train/mean_step_reward,114,1791519289.032993,-0.13040536642074585
stage2,0,train/mean_step_reward,115,1791519317.2466834,-0.14020605385303497
stage2,0,train/mean_step_reward,116,1791519344.1619732,-0.010298531502485275
stage2,0,train/mean_step_reward,117,1791519370.589647,-0.023539990186691284
stage2,0,train/mean_step_reward,118,1791519397.3237336,-0.04972108080983162
stage2,0,train/mean_step_reward,119,1791519424.5416842,-0.06924095749855042
stage2,0,train/mean_step_reward,120,1791519453.0522742,-0.08099757134914398
stage1,1,physical/failure_fraction,1,1791512497.799729,0.0
stage1,1,physical/failure_fraction,2,1791512531.0974154,0.0
stage1,1,physical/failure_fraction,3,1791512558.521001,0.0
stage1,1,physical/failure_fraction,4,1791512590.1723387,0.0
stage1,1,physical/failure_fraction,5,1791512617.3712804,0.0
stage1,1,physical/failure_fraction,6,1791512649.251039,0.0
stage1,1,physical/failure_fraction,7,1791512680.5416665,0.0
stage1,1,physical/failure_fraction,8,1791512707.4758449,0.0
stage1,1,physical/failure_fraction,9,1791512738.6625063,0.0
stage1,1,physical/failure_fraction,10,1791512769.7892857,0.0
stage1,1,physical/failure_fraction,11,1791512796.5225084,0.0
stage1,1,physical/failure_fraction,12,1791512823.0566988,0.0
stage1,1,physical/failure_fraction,13,1791512850.1488948,0.0
stage1,1,physical/failure_fraction,14,1791512877.768563,0.0
stage1,1,physical/failure_fraction,15,1791512904.8372378,0.0
stage1,1,physical/failure_fraction,16,1791512931.671562,0.0
stage1,1,physical/failure_fraction,17,1791512958.7461643,0.0
stage1,1,physical/failure_fraction,18,1791512985.4120886,0.0
stage1,1,physical/failure_fraction,19,1791513012.5165615,0.0
stage1,1,physical/failure_fraction,20,1791513039.1677186,0.0
stage1,1,physical/failure_fraction,21,1791513764.7624836,0.0
stage1,1,physical/failure_fraction,22,1791513791.9849467,0.0
stage1,1,physical/failure_fraction,23,1791513818.8066304,0.0
stage1,1,physical/failure_fraction,24,1791513846.0522234,0.0
stage1,1,physical/failure_fraction,25,1791513872.8088205,0.0
stage1,1,physical/failure_fraction,26,1791513899.8346584,0.0
stage1,1,physical/failure_fraction,27,1791513926.7787735,0.0
stage1,1,physical/failure_fraction,28,1791513953.8320494,0.0
stage1,1,physical/failure_fraction,29,1791513981.0741794,0.0
stage1,1,physical/failure_fraction,30,1791514007.9177754,0.0
stage1,1,physical/failure_fraction,31,1791514035.421854,0.0
stage1,1,physical/failure_fraction,32,1791514061.6096387,0.0
stage1,1,physical/failure_fraction,33,1791514091.3920703,0.0
stage1,1,physical/failure_fraction,34,1791514117.5736525,0.0
stage1,1,physical/failure_fraction,35,1791514147.2661123,0.0
stage1,1,physical/failure_fraction,36,1791514173.5474083,0.0
stage1,1,physical/failure_fraction,37,1791514201.292278,0.0
stage1,1,physical/failure_fraction,38,1791514227.5813377,0.0
stage1,1,physical/failure_fraction,39,1791514255.4812,0.0
stage1,1,physical/failure_fraction,40,1791514281.866507,0.0
stage2,1,physical/failure_fraction,41,1791516504.288636,0.0
stage2,1,physical/failure_fraction,42,1791516531.617406,0.0
stage2,1,physical/failure_fraction,43,1791516557.9885988,0.0
stage2,1,physical/failure_fraction,44,1791516585.0798266,0.0
stage2,1,physical/failure_fraction,45,1791516611.1668074,0.0
stage2,1,physical/failure_fraction,46,1791516637.7101302,0.0
stage2,1,physical/failure_fraction,47,1791516663.9872847,0.0
stage2,1,physical/failure_fraction,48,1791516691.411999,0.0
stage2,1,physical/failure_fraction,49,1791516718.5733404,0.0
stage2,1,physical/failure_fraction,50,1791516744.764756,0.0
stage2,1,physical/failure_fraction,51,1791516771.832056,0.0
stage2,1,physical/failure_fraction,52,1791516797.902025,0.0
stage2,1,physical/failure_fraction,53,1791516824.6342194,0.0
stage2,1,physical/failure_fraction,54,1791516851.4142978,0.0
stage2,1,physical/failure_fraction,55,1791516878.7764027,0.0
stage2,1,physical/failure_fraction,56,1791516905.0587347,0.0
stage2,1,physical/failure_fraction,57,1791516932.5541818,0.0
stage2,1,physical/failure_fraction,58,1791516958.6750913,0.0
stage2,1,physical/failure_fraction,59,1791516985.275243,0.0
stage2,1,physical/failure_fraction,60,1791517014.9423957,0.0
stage2,1,physical/failure_fraction,61,1791517041.309381,0.0
stage2,1,physical/failure_fraction,62,1791517072.0931344,0.0
stage2,1,physical/failure_fraction,63,1791517099.1992717,0.0
stage2,1,physical/failure_fraction,64,1791517128.2670863,0.0
stage2,1,physical/failure_fraction,65,1791517154.306923,0.0
stage2,1,physical/failure_fraction,66,1791517183.4943736,0.0
stage2,1,physical/failure_fraction,67,1791517210.129742,0.0
stage2,1,physical/failure_fraction,68,1791517237.6743565,0.0
stage2,1,physical/failure_fraction,69,1791517264.0024817,0.0
stage2,1,physical/failure_fraction,70,1791517290.5677595,0.0
stage2,1,physical/failure_fraction,71,1791517316.8362088,0.0
stage2,1,physical/failure_fraction,72,1791517343.4310732,0.0
stage2,1,physical/failure_fraction,73,1791517370.9007049,0.0
stage2,1,physical/failure_fraction,74,1791517397.1287417,0.0
stage2,1,physical/failure_fraction,75,1791517427.8544717,0.0
stage2,1,physical/failure_fraction,76,1791517453.8591757,0.0
stage2,1,physical/failure_fraction,77,1791517481.420837,0.0
stage2,1,physical/failure_fraction,78,1791517507.3919494,0.0
stage2,1,physical/failure_fraction,79,1791517533.9239922,0.0
stage2,1,physical/failure_fraction,80,1791517564.255759,0.0
stage2,1,physical/failure_fraction,81,1791519479.7432587,0.0
stage2,1,physical/failure_fraction,82,1791519508.203208,0.0
stage2,1,physical/failure_fraction,83,1791519534.3210382,0.0
stage2,1,physical/failure_fraction,84,1791519560.9511344,0.0
stage2,1,physical/failure_fraction,85,1791519587.5099258,0.0
stage2,1,physical/failure_fraction,86,1791519614.2433023,0.0
stage2,1,physical/failure_fraction,87,1791519640.7011855,0.0
stage2,1,physical/failure_fraction,88,1791519669.3640635,0.0
stage2,1,physical/failure_fraction,89,1791519698.0933282,0.0
stage2,1,physical/failure_fraction,90,1791519724.1566658,0.0
stage2,1,physical/failure_fraction,91,1791519751.2472763,0.0
stage2,1,physical/failure_fraction,92,1791519777.7943208,0.0
stage2,1,physical/failure_fraction,93,1791519804.7654228,0.0
stage2,1,physical/failure_fraction,94,1791519831.2643852,0.0
stage2,1,physical/failure_fraction,95,1791519857.9554038,0.0
stage2,1,physical/failure_fraction,96,1791519884.072481,0.0
stage2,1,physical/failure_fraction,97,1791519910.753919,0.0
stage2,1,physical/failure_fraction,98,1791519937.7752512,0.0
stage2,1,physical/failure_fraction,99,1791519964.538367,0.0
stage2,1,physical/failure_fraction,100,1791519991.4230773,0.0
stage2,1,physical/failure_fraction,101,1791520017.4581864,0.0
stage2,1,physical/failure_fraction,102,1791520043.8737326,0.0
stage2,1,physical/failure_fraction,103,1791520069.8497362,0.0
stage2,1,physical/failure_fraction,104,1791520096.727764,0.0
stage2,1,physical/failure_fraction,105,1791520122.9482741,0.0
stage2,1,physical/failure_fraction,106,1791520150.8451304,0.0
stage2,1,physical/failure_fraction,107,1791520176.970499,0.0
stage2,1,physical/failure_fraction,108,1791520203.459861,0.0
stage2,1,physical/failure_fraction,109,1791520229.679559,0.0
stage2,1,physical/failure_fraction,110,1791520256.7127798,0.0
stage2,1,physical/failure_fraction,111,1791520283.2200074,0.0
stage2,1,physical/failure_fraction,112,1791520309.6263213,0.0
stage2,1,physical/failure_fraction,113,1791520336.2120144,0.0
stage2,1,physical/failure_fraction,114,1791520362.3645835,0.0
stage2,1,physical/failure_fraction,115,1791520388.9970143,0.0
stage2,1,physical/failure_fraction,116,1791520415.1073618,0.0
stage2,1,physical/failure_fraction,117,1791520442.1636147,0.0
stage2,1,physical/failure_fraction,118,1791520468.4336834,0.0
stage2,1,physical/failure_fraction,119,1791520495.3694952,0.0
stage2,1,physical/failure_fraction,120,1791520521.275693,0.0
stage1,1,physical/heading_rmse,1,1791512497.7997215,0.1446307748556137
stage1,1,physical/heading_rmse,2,1791512531.0973504,0.23716801404953003
stage1,1,physical/heading_rmse,3,1791512558.5209427,0.15479548275470734
stage1,1,physical/heading_rmse,4,1791512590.1722786,0.25825342535972595
stage1,1,physical/heading_rmse,5,1791512617.371218,0.16948936879634857
stage1,1,physical/heading_rmse,6,1791512649.25097,0.2919730246067047
stage1,1,physical/heading_rmse,7,1791512680.5415206,0.1784610152244568
stage1,1,physical/heading_rmse,8,1791512707.4757812,0.3148142695426941
stage1,1,physical/heading_rmse,9,1791512738.6624453,0.1911519467830658
stage1,1,physical/heading_rmse,10,1791512769.7892272,0.33625468611717224
stage1,1,physical/heading_rmse,11,1791512796.5224276,0.21148529648780823
stage1,1,physical/heading_rmse,12,1791512823.0566406,0.3671310245990753
stage1,1,physical/heading_rmse,13,1791512850.1487558,0.2300797998905182
stage1,1,physical/heading_rmse,14,1791512877.7684972,0.3909139633178711
stage1,1,physical/heading_rmse,15,1791512904.837176,0.2501625418663025
stage1,1,physical/heading_rmse,16,1791512931.671502,0.40706866979599
stage1,1,physical/heading_rmse,17,1791512958.7461035,0.25996407866477966
stage1,1,physical/heading_rmse,18,1791512985.4120283,0.4076964855194092
stage1,1,physical/heading_rmse,19,1791513012.5165026,0.28763946890830994
stage1,1,physical/heading_rmse,20,1791513039.1676576,0.4311399459838867
stage1,1,physical/heading_rmse,21,1791513764.7624257,0.3124542534351349
stage1,1,physical/heading_rmse,22,1791513791.9848819,0.4409857988357544
stage1,1,physical/heading_rmse,23,1791513818.8065698,0.33982768654823303
stage1,1,physical/heading_rmse,24,1791513846.0521648,0.44978541135787964
stage1,1,physical/heading_rmse,25,1791513872.8087866,0.35782483220100403
stage1,1,physical/heading_rmse,26,1791513899.83462,0.43239304423332214
stage1,1,physical/heading_rmse,27,1791513926.7787666,0.3885675072669983
stage1,1,physical/heading_rmse,28,1791513953.8320153,0.42960435152053833
stage1,1,physical/heading_rmse,29,1791513981.074101,0.43525493144989014
stage1,1,physical/heading_rmse,30,1791514007.9177167,0.43523234128952026
stage1,1,physical/heading_rmse,31,1791514035.4218197,0.4616541266441345
stage1,1,physical/heading_rmse,32,1791514061.6096056,0.40962347388267517
stage1,1,physical/heading_rmse,33,1791514091.3920372,0.4847806692123413
stage1,1,physical/heading_rmse,34,1791514117.5734832,0.3825606405735016
stage1,1,physical/heading_rmse,35,1791514147.2660773,0.5255007147789001
stage1,1,physical/heading_rmse,36,1791514173.5473998,0.3563271164894104
stage1,1,physical/heading_rmse,37,1791514201.2922459,0.5451793670654297
stage1,1,physical/heading_rmse,38,1791514227.5813313,0.30862346291542053
stage1,1,physical/heading_rmse,39,1791514255.4811609,0.5731644034385681
stage1,1,physical/heading_rmse,40,1791514281.8664877,0.26303303241729736
stage2,1,physical/heading_rmse,41,1791516504.288629,0.12362593412399292
stage2,1,physical/heading_rmse,42,1791516531.6173432,0.3237622082233429
stage2,1,physical/heading_rmse,43,1791516557.9885354,0.43005672097206116
stage2,1,physical/heading_rmse,44,1791516585.0797398,0.5281052589416504
stage2,1,physical/heading_rmse,45,1791516611.1667469,0.5569159984588623
stage2,1,physical/heading_rmse,46,1791516637.7100434,0.5919434428215027
stage2,1,physical/heading_rmse,47,1791516663.9872503,0.3137444853782654
stage2,1,physical/heading_rmse,48,1791516691.4119925,0.30948278307914734
stage2,1,physical/heading_rmse,49,1791516718.5733335,0.39388585090637207
stage2,1,physical/heading_rmse,50,1791516744.7647429,0.517930805683136
stage2,1,physical/heading_rmse,51,1791516771.832015,0.5627736449241638
stage2,1,physical/heading_rmse,52,1791516797.90197,0.6019240021705627
stage2,1,physical/heading_rmse,53,1791516824.634213,0.4429963231086731
stage2,1,physical/heading_rmse,54,1791516851.414237,0.23977947235107422
stage2,1,physical/heading_rmse,55,1791516878.776364,0.3106573224067688
stage2,1,physical/heading_rmse,56,1791516905.0586953,0.42325612902641296
stage2,1,physical/heading_rmse,57,1791516932.5541735,0.5000737905502319
stage2,1,physical/heading_rmse,58,1791516958.6750412,0.5991892218589783
stage2,1,physical/heading_rmse,59,1791516985.2751832,0.5709483623504639
stage2,1,physical/heading_rmse,60,1791517014.9423323,0.17473216354846954
stage2,1,physical/heading_rmse,61,1791517041.309365,0.2815881073474884
stage2,1,physical/heading_rmse,62,1791517072.093069,0.3786068558692932
stage2,1,physical/heading_rmse,63,1791517099.1992056,0.4590960443019867
stage2,1,physical/heading_rmse,64,1791517128.2670262,0.5145565271377563
stage2,1,physical/heading_rmse,65,1791517154.3068645,0.6001681685447693
stage2,1,physical/heading_rmse,66,1791517183.49431,0.11673127114772797
stage2,1,physical/heading_rmse,67,1791517210.1297286,0.27282482385635376
stage2,1,physical/heading_rmse,68,1791517237.6742265,0.36014634370803833
stage2,1,physical/heading_rmse,69,1791517264.002432,0.4925851821899414
stage2,1,physical/heading_rmse,70,1791517290.5677264,0.5804937481880188
stage2,1,physical/heading_rmse,71,1791517316.836196,0.675848126411438
stage2,1,physical/heading_rmse,72,1791517343.431026,0.3711146116256714
stage2,1,physical/heading_rmse,73,1791517370.9006917,0.2758754789829254
stage2,1,physical/heading_rmse,74,1791517397.1287074,0.36039167642593384
stage2,1,physical/heading_rmse,75,1791517427.8544128,0.49458083510398865
stage2,1,physical/heading_rmse,76,1791517453.8591135,0.5778687596321106
stage2,1,physical/heading_rmse,77,1791517481.4208302,0.6804110407829285
stage2,1,physical/heading_rmse,78,1791517507.3918903,0.5322802662849426
stage2,1,physical/heading_rmse,79,1791517533.9239306,0.24655403196811676
stage2,1,physical/heading_rmse,80,1791517564.2557232,0.3353314697742462
stage2,1,physical/heading_rmse,81,1791519479.7432003,0.475409597158432
stage2,1,physical/heading_rmse,82,1791519508.2031949,0.5469799637794495
stage2,1,physical/heading_rmse,83,1791519534.3209748,0.641768217086792
stage2,1,physical/heading_rmse,84,1791519560.9510608,0.6366937756538391
stage2,1,physical/heading_rmse,85,1791519587.5097482,0.18710052967071533
stage2,1,physical/heading_rmse,86,1791519614.24327,0.34232237935066223
stage2,1,physical/heading_rmse,87,1791519640.7011473,0.47370290756225586
stage2,1,physical/heading_rmse,88,1791519669.3640254,0.5876480340957642
stage2,1,physical/heading_rmse,89,1791519698.0932913,0.6177737712860107
stage2,1,physical/heading_rmse,90,1791519724.1564062,0.6538584232330322
stage2,1,physical/heading_rmse,91,1791519751.2472632,0.12171537429094315
stage2,1,physical/heading_rmse,92,1791519777.7943141,0.30199700593948364
stage2,1,physical/heading_rmse,93,1791519804.7654161,0.366752028465271
stage2,1,physical/heading_rmse,94,1791519831.2643785,0.4611152708530426
stage2,1,physical/heading_rmse,95,1791519857.9553611,0.534764289855957
stage2,1,physical/heading_rmse,96,1791519884.072442,0.5923346877098083
stage2,1,physical/heading_rmse,97,1791519910.7538805,0.3175250291824341
stage2,1,physical/heading_rmse,98,1791519937.7751703,0.2884756326675415
stage2,1,physical/heading_rmse,99,1791519964.5383022,0.33398792147636414
stage2,1,physical/heading_rmse,100,1791519991.4230702,0.43783706426620483
stage2,1,physical/heading_rmse,101,1791520017.4581225,0.4755939841270447
stage2,1,physical/heading_rmse,102,1791520043.873672,0.501295804977417
stage2,1,physical/heading_rmse,103,1791520069.8497267,0.3665597140789032
stage2,1,physical/heading_rmse,104,1791520096.7277567,0.284039169549942
stage2,1,physical/heading_rmse,105,1791520122.948215,0.3715672791004181
stage2,1,physical/heading_rmse,106,1791520150.845071,0.46325698494911194
stage2,1,physical/heading_rmse,107,1791520176.9704382,0.4761342704296112
stage2,1,physical/heading_rmse,108,1791520203.4597948,0.47531190514564514
stage2,1,physical/heading_rmse,109,1791520229.6795008,0.4346432387828827
stage2,1,physical/heading_rmse,110,1791520256.7126691,0.21628150343894958
stage2,1,physical/heading_rmse,111,1791520283.2199492,0.39030107855796814
stage2,1,physical/heading_rmse,112,1791520309.6259804,0.43066906929016113
stage2,1,physical/heading_rmse,113,1791520336.2120075,0.4390224516391754
stage2,1,physical/heading_rmse,114,1791520362.3645766,0.4159286320209503
stage2,1,physical/heading_rmse,115,1791520388.9969785,0.40600767731666565
stage2,1,physical/heading_rmse,116,1791520415.1073537,0.1322050243616104
stage2,1,physical/heading_rmse,117,1791520442.1635804,0.376230925321579
stage2,1,physical/heading_rmse,118,1791520468.4336767,0.37060675024986267
stage2,1,physical/heading_rmse,119,1791520495.3694596,0.37330856919288635
stage2,1,physical/heading_rmse,120,1791520521.2756553,0.35378217697143555
stage1,1,physical/speed_rmse,1,1791512497.7997096,0.1546734869480133
stage1,1,physical/speed_rmse,2,1791512531.0973425,0.21762853860855103
stage1,1,physical/speed_rmse,3,1791512558.5208836,0.15854279696941376
stage1,1,physical/speed_rmse,4,1791512590.1722186,0.2246667891740799
stage1,1,physical/speed_rmse,5,1791512617.3710613,0.18381643295288086
stage1,1,physical/speed_rmse,6,1791512649.250853,0.23647457361221313
stage1,1,physical/speed_rmse,7,1791512680.5415142,0.19199058413505554
stage1,1,physical/speed_rmse,8,1791512707.4757454,0.24364668130874634
stage1,1,physical/speed_rmse,9,1791512738.6623816,0.21067601442337036
stage1,1,physical/speed_rmse,10,1791512769.7891681,0.25595948100090027
stage1,1,physical/speed_rmse,11,1791512796.5224216,0.22609998285770416
stage1,1,physical/speed_rmse,12,1791512823.0565803,0.26428109407424927
stage1,1,physical/speed_rmse,13,1791512850.1487496,0.23594120144844055
stage1,1,physical/speed_rmse,14,1791512877.7684364,0.26378849148750305
stage1,1,physical/speed_rmse,15,1791512904.83711,0.2521774470806122
stage1,1,physical/speed_rmse,16,1791512931.671443,0.25913289189338684
stage1,1,physical/speed_rmse,17,1791512958.746043,0.26862433552742004
stage1,1,physical/speed_rmse,18,1791512985.4119666,0.2658919095993042
stage1,1,physical/speed_rmse,19,1791513012.5164418,0.29426389932632446
stage1,1,physical/speed_rmse,20,1791513039.1676273,0.26849299669265747
stage1,1,physical/speed_rmse,21,1791513764.7623675,0.3076726496219635
stage1,1,physical/speed_rmse,22,1791513791.9848115,0.26597872376441956
stage1,1,physical/speed_rmse,23,1791513818.806507,0.32588639855384827
stage1,1,physical/speed_rmse,24,1791513846.0520558,0.2594521939754486
stage1,1,physical/speed_rmse,25,1791513872.8087523,0.3168085217475891
stage1,1,physical/speed_rmse,26,1791513899.8345861,0.23587380349636078
stage1,1,physical/speed_rmse,27,1791513926.7787602,0.3293929100036621
stage1,1,physical/speed_rmse,28,1791513953.831981,0.2310330867767334
stage1,1,physical/speed_rmse,29,1791513981.0740235,0.3426171541213989
stage1,1,physical/speed_rmse,30,1791514007.917648,0.2141399383544922
stage1,1,physical/speed_rmse,31,1791514035.4217856,0.33823391795158386
stage1,1,physical/speed_rmse,32,1791514061.609571,0.1978573054075241
stage1,1,physical/speed_rmse,33,1791514091.392005,0.3399341404438019
stage1,1,physical/speed_rmse,34,1791514117.573476,0.18309274315834045
stage1,1,physical/speed_rmse,35,1791514147.2660382,0.33433133363723755
stage1,1,physical/speed_rmse,36,1791514173.5472677,0.16438300907611847
stage1,1,physical/speed_rmse,37,1791514201.292213,0.3277868628501892
stage1,1,physical/speed_rmse,38,1791514227.5813253,0.15557748079299927
stage1,1,physical/speed_rmse,39,1791514255.4811215,0.3395936191082001
stage1,1,physical/speed_rmse,40,1791514281.86648,0.1528174728155136
stage2,1,physical/speed_rmse,41,1791516504.2886229,0.1193605437874794
stage2,1,physical/speed_rmse,42,1791516531.6172767,0.22895008325576782
stage2,1,physical/speed_rmse,43,1791516557.9884741,0.1272629052400589
stage2,1,physical/speed_rmse,44,1791516585.079734,0.08257187157869339
stage2,1,physical/speed_rmse,45,1791516611.1667168,0.050316307693719864
stage2,1,physical/speed_rmse,46,1791516637.7099097,0.05275730788707733
stage2,1,physical/speed_rmse,47,1791516663.9872165,0.06933829933404922
stage2,1,physical/speed_rmse,48,1791516691.411986,0.2278306931257248
stage2,1,physical/speed_rmse,49,1791516718.5733275,0.12984314560890198
stage2,1,physical/speed_rmse,50,1791516744.7644718,0.08545249700546265
stage2,1,physical/speed_rmse,51,1791516771.8319726,0.04430220648646355
stage2,1,physical/speed_rmse,52,1791516797.9018612,0.04389765486121178
stage2,1,physical/speed_rmse,53,1791516824.6342068,0.0398310087621212
stage2,1,physical/speed_rmse,54,1791516851.4141424,0.1792900413274765
stage2,1,physical/speed_rmse,55,1791516878.7763255,0.13662956655025482
stage2,1,physical/speed_rmse,56,1791516905.058655,0.08731153607368469
stage2,1,physical/speed_rmse,57,1791516932.5540602,0.044721346348524094
stage2,1,physical/speed_rmse,58,1791516958.67499,0.04171435534954071
stage2,1,physical/speed_rmse,59,1791516985.275122,0.04100509360432625
stage2,1,physical/speed_rmse,60,1791517014.9423256,0.14832064509391785
stage2,1,physical/speed_rmse,61,1791517041.3091462,0.16979967057704926
stage2,1,physical/speed_rmse,62,1791517072.0929549,0.0999675989151001
stage2,1,physical/speed_rmse,63,1791517099.199088,0.05446014553308487
stage2,1,physical/speed_rmse,64,1791517128.2669663,0.045502666383981705
stage2,1,physical/speed_rmse,65,1791517154.3068044,0.04066196829080582
stage2,1,physical/speed_rmse,66,1791517183.4941983,0.0979347750544548
stage2,1,physical/speed_rmse,67,1791517210.1295323,0.18996524810791016
stage2,1,physical/speed_rmse,68,1791517237.6742148,0.1138809472322464
stage2,1,physical/speed_rmse,69,1791517264.0024261,0.05516522750258446
stage2,1,physical/speed_rmse,70,1791517290.5676892,0.03742443397641182
stage2,1,physical/speed_rmse,71,1791517316.8360515,0.03674030676484108
stage2,1,physical/speed_rmse,72,1791517343.430898,0.05631302669644356
stage2,1,physical/speed_rmse,73,1791517370.9005363,0.21043068170547485
stage2,1,physical/speed_rmse,74,1791517397.1286733,0.12967540323734283
stage2,1,physical/speed_rmse,75,1791517427.8543532,0.08445362746715546
stage2,1,physical/speed_rmse,76,1791517453.8590472,0.04101523756980896
stage2,1,physical/speed_rmse,77,1791517481.4208243,0.03907587379217148
stage2,1,physical/speed_rmse,78,1791517507.3918302,0.0433892197906971
stage2,1,physical/speed_rmse,79,1791517533.9238682,0.19262339174747467
stage2,1,physical/speed_rmse,80,1791517564.2556849,0.13869333267211914
stage2,1,physical/speed_rmse,81,1791519479.7431417,0.09664063155651093
stage2,1,physical/speed_rmse,82,1791519508.2030666,0.04143265634775162
stage2,1,physical/speed_rmse,83,1791519534.3209019,0.04373280704021454
stage2,1,physical/speed_rmse,84,1791519560.9510546,0.04202095419168472
stage2,1,physical/speed_rmse,85,1791519587.5095742,0.15553990006446838
stage2,1,physical/speed_rmse,86,1791519614.2432356,0.17890562117099762
stage2,1,physical/speed_rmse,87,1791519640.7011082,0.1006525382399559
stage2,1,physical/speed_rmse,88,1791519669.3639874,0.045767489820718765
stage2,1,physical/speed_rmse,89,1791519698.0932539,0.0342753529548645
stage2,1,physical/speed_rmse,90,1791519724.1562626,0.03680939972400665
stage2,1,physical/speed_rmse,91,1791519751.2471502,0.09930089116096497
stage2,1,physical/speed_rmse,92,1791519777.7943082,0.1748066246509552
stage2,1,physical/speed_rmse,93,1791519804.7654097,0.09205532819032669
stage2,1,physical/speed_rmse,94,1791519831.264372,0.05294358357787132
stage2,1,physical/speed_rmse,95,1791519857.9553068,0.03264158219099045
stage2,1,physical/speed_rmse,96,1791519884.0724025,0.033844683319330215
stage2,1,physical/speed_rmse,97,1791519910.7538419,0.052145231515169144
stage2,1,physical/speed_rmse,98,1791519937.7750893,0.191837340593338
stage2,1,physical/speed_rmse,99,1791519964.5382957,0.12217764556407928
stage2,1,physical/speed_rmse,100,1791519991.423063,0.06947033107280731
stage2,1,physical/speed_rmse,101,1791520017.4580076,0.04147906228899956
stage2,1,physical/speed_rmse,102,1791520043.8735974,0.037330009043216705
stage2,1,physical/speed_rmse,103,1791520069.8496118,0.03867371752858162
stage2,1,physical/speed_rmse,104,1791520096.7277489,0.1900041699409485
stage2,1,physical/speed_rmse,105,1791520122.9481556,0.126469686627388
stage2,1,physical/speed_rmse,106,1791520150.8450103,0.07667239010334015
stage2,1,physical/speed_rmse,107,1791520176.9703732,0.03746449202299118
stage2,1,physical/speed_rmse,108,1791520203.4596453,0.03454229235649109
stage2,1,physical/speed_rmse,109,1791520229.679442,0.03561102971434593
stage2,1,physical/speed_rmse,110,1791520256.712516,0.14033551514148712
stage2,1,physical/speed_rmse,111,1791520283.219889,0.13808245956897736
stage2,1,physical/speed_rmse,112,1791520309.6259744,0.08585115522146225
stage2,1,physical/speed_rmse,113,1791520336.2120013,0.03816688805818558
stage2,1,physical/speed_rmse,114,1791520362.3645656,0.03565544635057449
stage2,1,physical/speed_rmse,115,1791520388.9969423,0.032543834298849106
stage2,1,physical/speed_rmse,116,1791520415.107121,0.09580137580633163
stage2,1,physical/speed_rmse,117,1791520442.1635427,0.16051718592643738
stage2,1,physical/speed_rmse,118,1791520468.433671,0.09603521972894669
stage2,1,physical/speed_rmse,119,1791520495.3694248,0.049593985080718994
stage2,1,physical/speed_rmse,120,1791520521.2756495,0.031410034745931625
stage1,1,physical/steer_rmse,1,1791512497.7997174,0.03684310242533684
stage1,1,physical/steer_rmse,2,1791512531.097347,0.020513098686933517
stage1,1,physical/steer_rmse,3,1791512558.5209134,0.0374533049762249
stage1,1,physical/steer_rmse,4,1791512590.172249,0.021610388532280922
stage1,1,physical/steer_rmse,5,1791512617.371181,0.03760755434632301
stage1,1,physical/steer_rmse,6,1791512649.2509327,0.021478842943906784
stage1,1,physical/steer_rmse,7,1791512680.5415175,0.037711817771196365
stage1,1,physical/steer_rmse,8,1791512707.4757483,0.021665403619408607
stage1,1,physical/steer_rmse,9,1791512738.6624148,0.03789759427309036
stage1,1,physical/steer_rmse,10,1791512769.7891984,0.022102084010839462
stage1,1,physical/steer_rmse,11,1791512796.522425,0.03869418799877167
stage1,1,physical/steer_rmse,12,1791512823.0566118,0.02205902338027954
stage1,1,physical/steer_rmse,13,1791512850.148753,0.03866400197148323
stage1,1,physical/steer_rmse,14,1791512877.7684672,0.02303912676870823
stage1,1,physical/steer_rmse,15,1791512904.8371444,0.038245171308517456
stage1,1,physical/steer_rmse,16,1791512931.6714728,0.02287115715444088
stage1,1,physical/steer_rmse,17,1791512958.746074,0.03783870488405228
stage1,1,physical/steer_rmse,18,1791512985.4119983,0.02275131456553936
stage1,1,physical/steer_rmse,19,1791513012.5164733,0.0385420098900795
stage1,1,physical/steer_rmse,20,1791513039.1676302,0.02370320074260235
stage1,1,physical/steer_rmse,21,1791513764.7623966,0.03851301595568657
stage1,1,physical/steer_rmse,22,1791513791.9848478,0.024669136852025986
stage1,1,physical/steer_rmse,23,1791513818.8065372,0.03813086822628975
stage1,1,physical/steer_rmse,24,1791513846.0521295,0.027701007202267647
stage1,1,physical/steer_rmse,25,1791513872.8087697,0.036539822816848755
stage1,1,physical/steer_rmse,26,1791513899.8346035,0.030438583344221115
stage1,1,physical/steer_rmse,27,1791513926.7787638,0.03535698726773262
stage1,1,physical/steer_rmse,28,1791513953.8319976,0.033504750579595566
stage1,1,physical/steer_rmse,29,1791513981.0740623,0.03355371206998825
stage1,1,physical/steer_rmse,30,1791514007.9176896,0.03634721413254738
stage1,1,physical/steer_rmse,31,1791514035.4218032,0.03234192356467247
stage1,1,physical/steer_rmse,32,1791514061.6095893,0.036676231771707535
stage1,1,physical/steer_rmse,33,1791514091.3920212,0.03126264363527298
stage1,1,physical/steer_rmse,34,1791514117.5734801,0.038051705807447433
stage1,1,physical/steer_rmse,35,1791514147.2660587,0.03232608363032341
stage1,1,physical/steer_rmse,36,1791514173.5473917,0.039085302501916885
stage1,1,physical/steer_rmse,37,1791514201.2922297,0.03187418356537819
stage1,1,physical/steer_rmse,38,1791514227.5813284,0.038612738251686096
stage1,1,physical/steer_rmse,39,1791514255.4811413,0.03176315873861313
stage1,1,physical/steer_rmse,40,1791514281.8664844,0.0389641672372818
stage2,1,physical/steer_rmse,41,1791516504.288626,0.037137944251298904
stage2,1,physical/steer_rmse,42,1791516531.6173108,0.0406973659992218
stage2,1,physical/steer_rmse,43,1791516557.9885058,0.03649667277932167
stage2,1,physical/steer_rmse,44,1791516585.0797372,0.0297098308801651
stage2,1,physical/steer_rmse,45,1791516611.16672,0.024147149175405502
stage2,1,physical/steer_rmse,46,1791516637.7100356,0.019654052332043648
stage2,1,physical/steer_rmse,47,1791516663.9872336,0.030209368094801903
stage2,1,physical/steer_rmse,48,1791516691.4119895,0.04533074051141739
stage2,1,physical/steer_rmse,49,1791516718.5733306,0.03675189986824989
stage2,1,physical/steer_rmse,50,1791516744.7644749,0.033549800515174866
stage2,1,physical/steer_rmse,51,1791516771.8319943,0.023901386186480522
stage2,1,physical/steer_rmse,52,1791516797.9019477,0.01914077065885067
stage2,1,physical/steer_rmse,53,1791516824.6342099,0.02066761441528797
stage2,1,physical/steer_rmse,54,1791516851.4141457,0.04386333003640175
stage2,1,physical/steer_rmse,55,1791516878.7763455,0.038589105010032654
stage2,1,physical/steer_rmse,56,1791516905.058676,0.03764231503009796
stage2,1,physical/steer_rmse,57,1791516932.5541656,0.029378335922956467
stage2,1,physical/steer_rmse,58,1791516958.675016,0.024362929165363312
stage2,1,physical/steer_rmse,59,1791516985.2751527,0.018129291012883186
stage2,1,physical/steer_rmse,60,1791517014.9423292,0.042193181812763214
stage2,1,physical/steer_rmse,61,1791517041.3093553,0.04065132886171341
stage2,1,physical/steer_rmse,62,1791517072.0930326,0.03811468556523323
stage2,1,physical/steer_rmse,63,1791517099.1991677,0.029350372031331062
stage2,1,physical/steer_rmse,64,1791517128.2669964,0.0250948965549469
stage2,1,physical/steer_rmse,65,1791517154.3068352,0.019292090088129044
stage2,1,physical/steer_rmse,66,1791517183.4942749,0.037471964955329895
stage2,1,physical/steer_rmse,67,1791517210.1295354,0.04295879974961281
stage2,1,physical/steer_rmse,68,1791517237.6742222,0.03937315568327904
stage2,1,physical/steer_rmse,69,1791517264.002429,0.03211827576160431
stage2,1,physical/steer_rmse,70,1791517290.567706,0.026487154886126518
stage2,1,physical/steer_rmse,71,1791517316.8360555,0.02065177634358406
stage2,1,physical/steer_rmse,72,1791517343.4310045,0.030044035986065865
stage2,1,physical/steer_rmse,73,1791517370.9005399,0.0432325154542923
stage2,1,physical/steer_rmse,74,1791517397.1286907,0.038410745561122894
stage2,1,physical/steer_rmse,75,1791517427.8543837,0.03643209859728813
stage2,1,physical/steer_rmse,76,1791517453.859082,0.02894587628543377
stage2,1,physical/steer_rmse,77,1791517481.4208272,0.024544108659029007
stage2,1,physical/steer_rmse,78,1791517507.3918607,0.022881517186760902
stage2,1,physical/steer_rmse,79,1791517533.9239004,0.04280706122517586
stage2,1,physical/steer_rmse,80,1791517564.2557058,0.03886357694864273
stage2,1,physical/steer_rmse,81,1791519479.7431712,0.03624402731657028
stage2,1,physical/steer_rmse,82,1791519508.2030745,0.02798587642610073
stage2,1,physical/steer_rmse,83,1791519534.3209407,0.025195473805069923
stage2,1,physical/steer_rmse,84,1791519560.951058,0.017806658521294594
stage2,1,physical/steer_rmse,85,1791519587.5097387,0.04050883278250694
stage2,1,physical/steer_rmse,86,1791519614.2432535,0.04047158360481262
stage2,1,physical/steer_rmse,87,1791519640.7011285,0.03900797292590141
stage2,1,physical/steer_rmse,88,1791519669.364007,0.02729138359427452
stage2,1,physical/steer_rmse,89,1791519698.093273,0.022120635956525803
stage2,1,physical/steer_rmse,90,1791519724.1563985,0.01849936693906784
stage2,1,physical/steer_rmse,91,1791519751.2471528,0.03635700047016144
stage2,1,physical/steer_rmse,92,1791519777.7943115,0.04021205008029938
stage2,1,physical/steer_rmse,93,1791519804.7654128,0.037859104573726654
stage2,1,physical/steer_rmse,94,1791519831.2643754,0.03317184001207352
stage2,1,physical/steer_rmse,95,1791519857.955336,0.0250420942902565
stage2,1,physical/steer_rmse,96,1791519884.072423,0.0200748760253191
stage2,1,physical/steer_rmse,97,1791519910.7538617,0.029781103134155273
stage2,1,physical/steer_rmse,98,1791519937.7751303,0.04448235407471657
stage2,1,physical/steer_rmse,99,1791519964.538299,0.037517525255680084
stage2,1,physical/steer_rmse,100,1791519991.423067,0.035233430564403534
stage2,1,physical/steer_rmse,101,1791520017.4580858,0.02529424987733364
stage2,1,physical/steer_rmse,102,1791520043.8736405,0.02072715386748314
stage2,1,physical/steer_rmse,103,1791520069.8497188,0.021394575014710426
stage2,1,physical/steer_rmse,104,1791520096.7277534,0.045189447700977325
stage2,1,physical/steer_rmse,105,1791520122.9481864,0.03732607886195183
stage2,1,physical/steer_rmse,106,1791520150.8450415,0.032887764275074005
stage2,1,physical/steer_rmse,107,1791520176.970407,0.022478455677628517
stage2,1,physical/steer_rmse,108,1791520203.4597585,0.020714623853564262
stage2,1,physical/steer_rmse,109,1791520229.679472,0.015565660782158375
stage2,1,physical/steer_rmse,110,1791520256.7126613,0.043746110051870346
stage2,1,physical/steer_rmse,111,1791520283.2199204,0.04012999311089516
stage2,1,physical/steer_rmse,112,1791520309.6259775,0.03377331420779228
stage2,1,physical/steer_rmse,113,1791520336.2120047,0.02467941679060459
stage2,1,physical/steer_rmse,114,1791520362.3645735,0.02157999575138092
stage2,1,physical/steer_rmse,115,1791520388.9969602,0.01846141554415226
stage2,1,physical/steer_rmse,116,1791520415.107345,0.03892871364951134
stage2,1,physical/steer_rmse,117,1791520442.16356,0.04265736788511276
stage2,1,physical/steer_rmse,118,1791520468.433674,0.036382678896188736
stage2,1,physical/steer_rmse,119,1791520495.3694427,0.02838892489671707
stage2,1,physical/steer_rmse,120,1791520521.2756524,0.022142212837934494
stage1,1,physical/working_roll_fraction,1,1791512497.7997253,0.14035415649414062
stage1,1,physical/working_roll_fraction,2,1791512531.0973852,0.74835205078125
stage1,1,physical/working_roll_fraction,3,1791512558.5209725,0.17918014526367188
stage1,1,physical/working_roll_fraction,4,1791512590.1723087,0.7064895629882812
stage1,1,physical/working_roll_fraction,5,1791512617.3712502,0.2162628173828125
stage1,1,physical/working_roll_fraction,6,1791512649.2510066,0.6437110900878906
stage1,1,physical/working_roll_fraction,7,1791512680.541658,0.24185562133789062
stage1,1,physical/working_roll_fraction,8,1791512707.475813,0.5478935241699219
stage1,1,physical/working_roll_fraction,9,1791512738.6624765,0.27680206298828125
stage1,1,physical/working_roll_fraction,10,1791512769.789257,0.450531005859375
stage1,1,physical/working_roll_fraction,11,1791512796.522431,0.2901153564453125
stage1,1,physical/working_roll_fraction,12,1791512823.0566702,0.3526878356933594
stage1,1,physical/working_roll_fraction,13,1791512850.1488616,0.302642822265625
stage1,1,physical/working_roll_fraction,14,1791512877.7685282,0.24278640747070312
stage1,1,physical/working_roll_fraction,15,1791512904.8372076,0.2953147888183594
stage1,1,physical/working_roll_fraction,16,1791512931.6715326,0.2068939208984375
stage1,1,physical/working_roll_fraction,17,1791512958.7461348,0.287933349609375
stage1,1,physical/working_roll_fraction,18,1791512985.412059,0.12799072265625
stage1,1,physical/working_roll_fraction,19,1791513012.5165324,0.27405548095703125
stage1,1,physical/working_roll_fraction,20,1791513039.1676888,0.08638763427734375
stage1,1,physical/working_roll_fraction,21,1791513764.7624552,0.22553253173828125
stage1,1,physical/working_roll_fraction,22,1791513791.9849157,0.0392303466796875
stage1,1,physical/working_roll_fraction,23,1791513818.8066015,0.18094253540039062
stage1,1,physical/working_roll_fraction,24,1791513846.0521955,0.017108917236328125
stage1,1,physical/working_roll_fraction,25,1791513872.8088038,0.18070602416992188
stage1,1,physical/working_roll_fraction,26,1791513899.8346417,0.014080047607421875
stage1,1,physical/working_roll_fraction,27,1791513926.7787702,0.18275833129882812
stage1,1,physical/working_roll_fraction,28,1791513953.832033,0.011432647705078125
stage1,1,physical/working_roll_fraction,29,1791513981.0741408,0.13946151733398438
stage1,1,physical/working_roll_fraction,30,1791514007.9177473,0.005580902099609375
stage1,1,physical/working_roll_fraction,31,1791514035.4218376,0.15292739868164062
stage1,1,physical/working_roll_fraction,32,1791514061.6096227,0.005260467529296875
stage1,1,physical/working_roll_fraction,33,1791514091.3920543,0.12181854248046875
stage1,1,physical/working_roll_fraction,34,1791514117.5736437,0.006031036376953125
stage1,1,physical/working_roll_fraction,35,1791514147.2660968,0.136932373046875
stage1,1,physical/working_roll_fraction,36,1791514173.5474043,0.01932525634765625
stage1,1,physical/working_roll_fraction,37,1791514201.2922618,0.172088623046875
stage1,1,physical/working_roll_fraction,38,1791514227.5813346,0.029766082763671875
stage1,1,physical/working_roll_fraction,39,1791514255.4811795,0.12104415893554688
stage1,1,physical/working_roll_fraction,40,1791514281.8665035,0.04741668701171875
stage2,1,physical/working_roll_fraction,41,1791516504.2886324,0.015567779541015625
stage2,1,physical/working_roll_fraction,42,1791516531.6173759,0.0494842529296875
stage2,1,physical/working_roll_fraction,43,1791516557.9885652,0.0083465576171875
stage2,1,physical/working_roll_fraction,44,1791516585.0797431,0.001598358154296875
stage2,1,physical/working_roll_fraction,45,1791516611.1667776,0.0
stage2,1,physical/working_roll_fraction,46,1791516637.710048,0.0
stage2,1,physical/working_roll_fraction,47,1791516663.9872687,0.001483917236328125
stage2,1,physical/working_roll_fraction,48,1791516691.4119956,0.08269500732421875
stage2,1,physical/working_roll_fraction,49,1791516718.573337,0.0111236572265625
stage2,1,physical/working_roll_fraction,50,1791516744.7647514,0.003055572509765625
stage2,1,physical/working_roll_fraction,51,1791516771.832036,0.000186920166015625
stage2,1,physical/working_roll_fraction,52,1791516797.9019978,0.0
stage2,1,physical/working_roll_fraction,53,1791516824.6342165,0.0
stage2,1,physical/working_roll_fraction,54,1791516851.414264,0.1160888671875
stage2,1,physical/working_roll_fraction,55,1791516878.7763834,0.02936553955078125
stage2,1,physical/working_roll_fraction,56,1791516905.058715,0.01024627685546875
stage2,1,physical/working_roll_fraction,57,1791516932.554178,0.001125335693359375
stage2,1,physical/working_roll_fraction,58,1791516958.6750667,0.0
stage2,1,physical/working_roll_fraction,59,1791516985.2752142,0.0
stage2,1,physical/working_roll_fraction,60,1791517014.942366,0.06649017333984375
stage2,1,physical/working_roll_fraction,61,1791517041.3093772,0.0522003173828125
stage2,1,physical/working_roll_fraction,62,1791517072.0931036,0.011692047119140625
stage2,1,physical/working_roll_fraction,63,1791517099.1992402,0.002017974853515625
stage2,1,physical/working_roll_fraction,64,1791517128.267057,0.0
stage2,1,physical/working_roll_fraction,65,1791517154.3068943,0.0
stage2,1,physical/working_roll_fraction,66,1791517183.4943428,0.021190643310546875
stage2,1,physical/working_roll_fraction,67,1791517210.1297371,0.08631515502929688
stage2,1,physical/working_roll_fraction,68,1791517237.67423,0.01917266845703125
stage2,1,physical/working_roll_fraction,69,1791517264.0024583,0.0012359619140625
stage2,1,physical/working_roll_fraction,70,1791517290.567743,0.0
stage2,1,physical/working_roll_fraction,71,1791517316.836204,0.0
stage2,1,physical/working_roll_fraction,72,1791517343.431056,0.001373291015625
stage2,1,physical/working_roll_fraction,73,1791517370.9007,0.07085418701171875
stage2,1,physical/working_roll_fraction,74,1791517397.1287246,0.012996673583984375
stage2,1,physical/working_roll_fraction,75,1791517427.8544428,0.00637054443359375
stage2,1,physical/working_roll_fraction,76,1791517453.8591456,0.0004119873046875
stage2,1,physical/working_roll_fraction,77,1791517481.4208336,0.0
stage2,1,physical/working_roll_fraction,78,1791517507.39192,0.0
stage2,1,physical/working_roll_fraction,79,1791517533.923962,0.05689239501953125
stage2,1,physical/working_roll_fraction,80,1791517564.2557411,0.01220703125
stage2,1,physical/working_roll_fraction,81,1791519479.74323,0.00580596923828125
stage2,1,physical/working_roll_fraction,82,1791519508.2032034,3.0517578125e-05
stage2,1,physical/working_roll_fraction,83,1791519534.3210082,0.0
stage2,1,physical/working_roll_fraction,84,1791519560.9510643,0.0
stage2,1,physical/working_roll_fraction,85,1791519587.5098796,0.039276123046875
stage2,1,physical/working_roll_fraction,86,1791519614.2432866,0.0359649658203125
stage2,1,physical/working_roll_fraction,87,1791519640.7011666,0.00994873046875
stage2,1,physical/working_roll_fraction,88,1791519669.3640444,0.00164031982421875
stage2,1,physical/working_roll_fraction,89,1791519698.0933099,0.0
stage2,1,physical/working_roll_fraction,90,1791519724.1564128,0.0
stage2,1,physical/working_roll_fraction,91,1791519751.2472718,0.01465606689453125
stage2,1,physical/working_roll_fraction,92,1791519777.7943177,0.07748031616210938
stage2,1,physical/working_roll_fraction,93,1791519804.7654195,0.015960693359375
stage2,1,physical/working_roll_fraction,94,1791519831.264382,0.00354766845703125
stage2,1,physical/working_roll_fraction,95,1791519857.955386,0.0
stage2,1,physical/working_roll_fraction,96,1791519884.072462,0.0
stage2,1,physical/working_roll_fraction,97,1791519910.7538998,0.00101470947265625
stage2,1,physical/working_roll_fraction,98,1791519937.775211,0.08208084106445312
stage2,1,physical/working_roll_fraction,99,1791519964.5383368,0.011684417724609375
stage2,1,physical/working_roll_fraction,100,1791519991.4230738,0.000946044921875
stage2,1,physical/working_roll_fraction,101,1791520017.4581559,0.0002593994140625
stage2,1,physical/working_roll_fraction,102,1791520043.873703,0.0
stage2,1,physical/working_roll_fraction,103,1791520069.849732,0.0
stage2,1,physical/working_roll_fraction,104,1791520096.7277603,0.05176544189453125
stage2,1,physical/working_roll_fraction,105,1791520122.9482448,0.009654998779296875
stage2,1,physical/working_roll_fraction,106,1791520150.8451014,0.0020599365234375
stage2,1,physical/working_roll_fraction,107,1791520176.9704697,0.0001068115234375
stage2,1,physical/working_roll_fraction,108,1791520203.4598303,0.0
stage2,1,physical/working_roll_fraction,109,1791520229.6795309,0.0
stage2,1,physical/working_roll_fraction,110,1791520256.7127385,0.0265960693359375
stage2,1,physical/working_roll_fraction,111,1791520283.2199788,0.035587310791015625
stage2,1,physical/working_roll_fraction,112,1791520309.6261468,0.007049560546875
stage2,1,physical/working_roll_fraction,113,1791520336.212011,0.000469207763671875
stage2,1,physical/working_roll_fraction,114,1791520362.3645802,0.0
stage2,1,physical/working_roll_fraction,115,1791520388.9969966,0.0
stage2,1,physical/working_roll_fraction,116,1791520415.1073582,0.0041351318359375
stage2,1,physical/working_roll_fraction,117,1791520442.1635983,0.06614303588867188
stage2,1,physical/working_roll_fraction,118,1791520468.43368,0.01226806640625
stage2,1,physical/working_roll_fraction,119,1791520495.3694777,0.00191497802734375
stage2,1,physical/working_roll_fraction,120,1791520521.275689,0.0
stage1,1,ppo/accepted_epochs,1,1791512497.799315,4.0
stage1,1,ppo/accepted_epochs,2,1791512531.0966187,4.0
stage1,1,ppo/accepted_epochs,3,1791512558.5201824,4.0
stage1,1,ppo/accepted_epochs,4,1791512590.1718364,4.0
stage1,1,ppo/accepted_epochs,5,1791512617.370655,4.0
stage1,1,ppo/accepted_epochs,6,1791512649.2502427,4.0
stage1,1,ppo/accepted_epochs,7,1791512680.5409017,4.0
stage1,1,ppo/accepted_epochs,8,1791512707.4753208,4.0
stage1,1,ppo/accepted_epochs,9,1791512738.6620739,4.0
stage1,1,ppo/accepted_epochs,10,1791512769.7884703,4.0
stage1,1,ppo/accepted_epochs,11,1791512796.5218313,4.0
stage1,1,ppo/accepted_epochs,12,1791512823.056091,4.0
stage1,1,ppo/accepted_epochs,13,1791512850.1480186,4.0
stage1,1,ppo/accepted_epochs,14,1791512877.7682452,4.0
stage1,1,ppo/accepted_epochs,15,1791512904.8367512,4.0
stage1,1,ppo/accepted_epochs,16,1791512931.670929,4.0
stage1,1,ppo/accepted_epochs,17,1791512958.7454634,4.0
stage1,1,ppo/accepted_epochs,18,1791512985.411387,4.0
stage1,1,ppo/accepted_epochs,19,1791513012.5156713,4.0
stage1,1,ppo/accepted_epochs,20,1791513039.1672773,4.0
stage1,1,ppo/accepted_epochs,21,1791513764.7619994,4.0
stage1,1,ppo/accepted_epochs,22,1791513791.9844573,4.0
stage1,1,ppo/accepted_epochs,23,1791513818.8060706,4.0
stage1,1,ppo/accepted_epochs,24,1791513846.0518825,4.0
stage1,1,ppo/accepted_epochs,25,1791513872.8085842,4.0
stage1,1,ppo/accepted_epochs,26,1791513899.8343306,4.0
stage1,1,ppo/accepted_epochs,27,1791513926.7781353,4.0
stage1,1,ppo/accepted_epochs,28,1791513953.8317916,4.0
stage1,1,ppo/accepted_epochs,29,1791513981.07353,4.0
stage1,1,ppo/accepted_epochs,30,1791514007.916997,4.0
stage1,1,ppo/accepted_epochs,31,1791514035.4215903,4.0
stage1,1,ppo/accepted_epochs,32,1791514061.609344,4.0
stage1,1,ppo/accepted_epochs,33,1791514091.3917298,4.0
stage1,1,ppo/accepted_epochs,34,1791514117.5728598,4.0
stage1,1,ppo/accepted_epochs,35,1791514147.2655256,4.0
stage1,1,ppo/accepted_epochs,36,1791514173.5468056,4.0
stage1,1,ppo/accepted_epochs,37,1791514201.2918572,4.0
stage1,1,ppo/accepted_epochs,38,1791514227.5811207,4.0
stage1,1,ppo/accepted_epochs,39,1791514255.480808,4.0
stage1,1,ppo/accepted_epochs,40,1791514281.8660748,4.0
stage2,1,ppo/accepted_epochs,41,1791516504.2880387,4.0
stage2,1,ppo/accepted_epochs,42,1791516531.6168187,4.0
stage2,1,ppo/accepted_epochs,43,1791516557.9878647,4.0
stage2,1,ppo/accepted_epochs,44,1791516585.0793402,4.0
stage2,1,ppo/accepted_epochs,45,1791516611.1663513,4.0
stage2,1,ppo/accepted_epochs,46,1791516637.7091706,4.0
stage2,1,ppo/accepted_epochs,47,1791516663.9870198,4.0
stage2,1,ppo/accepted_epochs,48,1791516691.4115546,4.0
stage2,1,ppo/accepted_epochs,49,1791516718.5731523,4.0
stage2,1,ppo/accepted_epochs,50,1791516744.7641995,4.0
stage2,1,ppo/accepted_epochs,51,1791516771.8315418,4.0
stage2,1,ppo/accepted_epochs,52,1791516797.9014847,4.0
stage2,1,ppo/accepted_epochs,53,1791516824.6337276,4.0
stage2,1,ppo/accepted_epochs,54,1791516851.4139636,4.0
stage2,1,ppo/accepted_epochs,55,1791516878.7760456,4.0
stage2,1,ppo/accepted_epochs,56,1791516905.058408,4.0
stage2,1,ppo/accepted_epochs,57,1791516932.5538752,4.0
stage2,1,ppo/accepted_epochs,58,1791516958.6746018,4.0
stage2,1,ppo/accepted_epochs,59,1791516985.2745643,4.0
stage2,1,ppo/accepted_epochs,60,1791517014.9418647,4.0
stage2,1,ppo/accepted_epochs,61,1791517041.3084571,4.0
stage2,1,ppo/accepted_epochs,62,1791517072.0923297,4.0
stage2,1,ppo/accepted_epochs,63,1791517099.1985226,4.0
stage2,1,ppo/accepted_epochs,64,1791517128.2662382,4.0
stage2,1,ppo/accepted_epochs,65,1791517154.3065972,4.0
stage2,1,ppo/accepted_epochs,66,1791517183.4940035,4.0
stage2,1,ppo/accepted_epochs,67,1791517210.1291668,4.0
stage2,1,ppo/accepted_epochs,68,1791517237.6736262,4.0
stage2,1,ppo/accepted_epochs,69,1791517264.0022275,4.0
stage2,1,ppo/accepted_epochs,70,1791517290.5674691,4.0
stage2,1,ppo/accepted_epochs,71,1791517316.8355293,4.0
stage2,1,ppo/accepted_epochs,72,1791517343.4304643,4.0
stage2,1,ppo/accepted_epochs,73,1791517370.9001813,4.0
stage2,1,ppo/accepted_epochs,74,1791517397.128456,4.0
stage2,1,ppo/accepted_epochs,75,1791517427.8536212,4.0
stage2,1,ppo/accepted_epochs,76,1791517453.8584387,4.0
stage2,1,ppo/accepted_epochs,77,1791517481.4203873,4.0
stage2,1,ppo/accepted_epochs,78,1791517507.3914084,4.0
stage2,1,ppo/accepted_epochs,79,1791517533.9236078,4.0
stage2,1,ppo/accepted_epochs,80,1791517564.255025,4.0
stage2,1,ppo/accepted_epochs,81,1791519479.7426524,4.0
stage2,1,ppo/accepted_epochs,82,1791519508.202207,4.0
stage2,1,ppo/accepted_epochs,83,1791519534.32053,4.0
stage2,1,ppo/accepted_epochs,84,1791519560.950376,4.0
stage2,1,ppo/accepted_epochs,85,1791519587.5091186,4.0
stage2,1,ppo/accepted_epochs,86,1791519614.2426736,4.0
stage2,1,ppo/accepted_epochs,87,1791519640.700851,4.0
stage2,1,ppo/accepted_epochs,88,1791519669.3637316,4.0
stage2,1,ppo/accepted_epochs,89,1791519698.0930073,4.0
stage2,1,ppo/accepted_epochs,90,1791519724.1559114,4.0
stage2,1,ppo/accepted_epochs,91,1791519751.2468688,4.0
stage2,1,ppo/accepted_epochs,92,1791519777.7941313,4.0
stage2,1,ppo/accepted_epochs,93,1791519804.765147,4.0
stage2,1,ppo/accepted_epochs,94,1791519831.2637644,4.0
stage2,1,ppo/accepted_epochs,95,1791519857.9549916,4.0
stage2,1,ppo/accepted_epochs,96,1791519884.072142,4.0
stage2,1,ppo/accepted_epochs,97,1791519910.7535784,4.0
stage2,1,ppo/accepted_epochs,98,1791519937.774574,4.0
stage2,1,ppo/accepted_epochs,99,1791519964.5375912,4.0
stage2,1,ppo/accepted_epochs,100,1791519991.4222472,4.0
stage2,1,ppo/accepted_epochs,101,1791520017.4575403,4.0
stage2,1,ppo/accepted_epochs,102,1791520043.8730175,4.0
stage2,1,ppo/accepted_epochs,103,1791520069.8493068,4.0
stage2,1,ppo/accepted_epochs,104,1791520096.726864,4.0
stage2,1,ppo/accepted_epochs,105,1791520122.9475832,4.0
stage2,1,ppo/accepted_epochs,106,1791520150.8442423,4.0
stage2,1,ppo/accepted_epochs,107,1791520176.9694724,4.0
stage2,1,ppo/accepted_epochs,108,1791520203.4593272,4.0
stage2,1,ppo/accepted_epochs,109,1791520229.6787972,4.0
stage2,1,ppo/accepted_epochs,110,1791520256.7120883,4.0
stage2,1,ppo/accepted_epochs,111,1791520283.2193103,4.0
stage2,1,ppo/accepted_epochs,112,1791520309.6255598,4.0
stage2,1,ppo/accepted_epochs,113,1791520336.2118137,4.0
stage2,1,ppo/accepted_epochs,114,1791520362.3643682,4.0
stage2,1,ppo/accepted_epochs,115,1791520388.996716,4.0
stage2,1,ppo/accepted_epochs,116,1791520415.1066551,4.0
stage2,1,ppo/accepted_epochs,117,1791520442.163341,4.0
stage2,1,ppo/accepted_epochs,118,1791520468.4335022,4.0
stage2,1,ppo/accepted_epochs,119,1791520495.3691978,4.0
stage2,1,ppo/accepted_epochs,120,1791520521.2754476,4.0
stage1,1,ppo/accepted_minibatches,1,1791512497.7993226,16.0
stage1,1,ppo/accepted_minibatches,2,1791512531.0967705,16.0
stage1,1,ppo/accepted_minibatches,3,1791512558.52019,16.0
stage1,1,ppo/accepted_minibatches,4,1791512590.1719034,16.0
stage1,1,ppo/accepted_minibatches,5,1791512617.3709764,16.0
stage1,1,ppo/accepted_minibatches,6,1791512649.2504516,16.0
stage1,1,ppo/accepted_minibatches,7,1791512680.5410604,16.0
stage1,1,ppo/accepted_minibatches,8,1791512707.4753277,16.0
stage1,1,ppo/accepted_minibatches,9,1791512738.6620822,16.0
stage1,1,ppo/accepted_minibatches,10,1791512769.7884777,16.0
stage1,1,ppo/accepted_minibatches,11,1791512796.5218387,16.0
stage1,1,ppo/accepted_minibatches,12,1791512823.0562398,16.0
stage1,1,ppo/accepted_minibatches,13,1791512850.1480258,16.0
stage1,1,ppo/accepted_minibatches,14,1791512877.7682593,16.0
stage1,1,ppo/accepted_minibatches,15,1791512904.8367589,16.0
stage1,1,ppo/accepted_minibatches,16,1791512931.6710744,16.0
stage1,1,ppo/accepted_minibatches,17,1791512958.745585,16.0
stage1,1,ppo/accepted_minibatches,18,1791512985.411538,16.0
stage1,1,ppo/accepted_minibatches,19,1791513012.5158098,16.0
stage1,1,ppo/accepted_minibatches,20,1791513039.1672862,16.0
stage1,1,ppo/accepted_minibatches,21,1791513764.7620466,16.0
stage1,1,ppo/accepted_minibatches,22,1791513791.984471,16.0
stage1,1,ppo/accepted_minibatches,23,1791513818.8061862,16.0
stage1,1,ppo/accepted_minibatches,24,1791513846.0518904,16.0
stage1,1,ppo/accepted_minibatches,25,1791513872.808591,16.0
stage1,1,ppo/accepted_minibatches,26,1791513899.8343935,16.0
stage1,1,ppo/accepted_minibatches,27,1791513926.7783084,16.0
stage1,1,ppo/accepted_minibatches,28,1791513953.831799,16.0
stage1,1,ppo/accepted_minibatches,29,1791513981.0735526,16.0
stage1,1,ppo/accepted_minibatches,30,1791514007.91714,16.0
stage1,1,ppo/accepted_minibatches,31,1791514035.4217274,16.0
stage1,1,ppo/accepted_minibatches,32,1791514061.6094804,16.0
stage1,1,ppo/accepted_minibatches,33,1791514091.3918061,16.0
stage1,1,ppo/accepted_minibatches,34,1791514117.5730236,16.0
stage1,1,ppo/accepted_minibatches,35,1791514147.2656999,16.0
stage1,1,ppo/accepted_minibatches,36,1791514173.546819,16.0
stage1,1,ppo/accepted_minibatches,37,1791514201.2920055,16.0
stage1,1,ppo/accepted_minibatches,38,1791514227.5811281,16.0
stage1,1,ppo/accepted_minibatches,39,1791514255.480816,16.0
stage1,1,ppo/accepted_minibatches,40,1791514281.8660822,16.0
stage2,1,ppo/accepted_minibatches,41,1791516504.2881858,16.0
stage2,1,ppo/accepted_minibatches,42,1791516531.6168263,16.0
stage2,1,ppo/accepted_minibatches,43,1791516557.987873,16.0
stage2,1,ppo/accepted_minibatches,44,1791516585.0793476,16.0
stage2,1,ppo/accepted_minibatches,45,1791516611.1663604,16.0
stage2,1,ppo/accepted_minibatches,46,1791516637.709354,16.0
stage2,1,ppo/accepted_minibatches,47,1791516663.987027,16.0
stage2,1,ppo/accepted_minibatches,48,1791516691.411562,16.0
stage2,1,ppo/accepted_minibatches,49,1791516718.5731595,16.0
stage2,1,ppo/accepted_minibatches,50,1791516744.7642071,16.0
stage2,1,ppo/accepted_minibatches,51,1791516771.8315487,16.0
stage2,1,ppo/accepted_minibatches,52,1791516797.901498,16.0
stage2,1,ppo/accepted_minibatches,53,1791516824.633735,16.0
stage2,1,ppo/accepted_minibatches,54,1791516851.4139721,16.0
stage2,1,ppo/accepted_minibatches,55,1791516878.7760909,16.0
stage2,1,ppo/accepted_minibatches,56,1791516905.0584154,16.0
stage2,1,ppo/accepted_minibatches,57,1791516932.5538826,16.0
stage2,1,ppo/accepted_minibatches,58,1791516958.6747131,16.0
stage2,1,ppo/accepted_minibatches,59,1791516985.2748027,16.0
stage2,1,ppo/accepted_minibatches,60,1791517014.9418724,16.0
stage2,1,ppo/accepted_minibatches,61,1791517041.3087842,16.0
stage2,1,ppo/accepted_minibatches,62,1791517072.0924866,16.0
stage2,1,ppo/accepted_minibatches,63,1791517099.1985295,16.0
stage2,1,ppo/accepted_minibatches,64,1791517128.2664223,16.0
stage2,1,ppo/accepted_minibatches,65,1791517154.3066044,16.0
stage2,1,ppo/accepted_minibatches,66,1791517183.4940178,16.0
stage2,1,ppo/accepted_minibatches,67,1791517210.1291742,16.0
stage2,1,ppo/accepted_minibatches,68,1791517237.673633,16.0
stage2,1,ppo/accepted_minibatches,69,1791517264.0022345,16.0
stage2,1,ppo/accepted_minibatches,70,1791517290.5674775,16.0
stage2,1,ppo/accepted_minibatches,71,1791517316.8355362,16.0
stage2,1,ppo/accepted_minibatches,72,1791517343.4304717,16.0
stage2,1,ppo/accepted_minibatches,73,1791517370.9001882,16.0
stage2,1,ppo/accepted_minibatches,74,1791517397.1284633,16.0
stage2,1,ppo/accepted_minibatches,75,1791517427.8539014,16.0
stage2,1,ppo/accepted_minibatches,76,1791517453.8586085,16.0
stage2,1,ppo/accepted_minibatches,77,1791517481.4203944,16.0
stage2,1,ppo/accepted_minibatches,78,1791517507.391422,16.0
stage2,1,ppo/accepted_minibatches,79,1791517533.923617,16.0
stage2,1,ppo/accepted_minibatches,80,1791517564.2550318,16.0
stage2,1,ppo/accepted_minibatches,81,1791519479.7428226,16.0
stage2,1,ppo/accepted_minibatches,82,1791519508.202372,16.0
stage2,1,ppo/accepted_minibatches,83,1791519534.320537,16.0
stage2,1,ppo/accepted_minibatches,84,1791519560.9505563,16.0
stage2,1,ppo/accepted_minibatches,85,1791519587.5092857,16.0
stage2,1,ppo/accepted_minibatches,86,1791519614.242731,16.0
stage2,1,ppo/accepted_minibatches,87,1791519640.7008994,16.0
stage2,1,ppo/accepted_minibatches,88,1791519669.3637805,16.0
stage2,1,ppo/accepted_minibatches,89,1791519698.09305,16.0
stage2,1,ppo/accepted_minibatches,90,1791519724.1559186,16.0
stage2,1,ppo/accepted_minibatches,91,1791519751.246876,16.0
stage2,1,ppo/accepted_minibatches,92,1791519777.7941384,16.0
stage2,1,ppo/accepted_minibatches,93,1791519804.7651541,16.0
stage2,1,ppo/accepted_minibatches,94,1791519831.2639258,16.0
stage2,1,ppo/accepted_minibatches,95,1791519857.9549985,16.0
stage2,1,ppo/accepted_minibatches,96,1791519884.0721912,16.0
stage2,1,ppo/accepted_minibatches,97,1791519910.7536292,16.0
stage2,1,ppo/accepted_minibatches,98,1791519937.7747416,16.0
stage2,1,ppo/accepted_minibatches,99,1791519964.5377557,16.0
stage2,1,ppo/accepted_minibatches,100,1791519991.4224045,16.0
stage2,1,ppo/accepted_minibatches,101,1791520017.4578133,16.0
stage2,1,ppo/accepted_minibatches,102,1791520043.873025,16.0
stage2,1,ppo/accepted_minibatches,103,1791520069.849322,16.0
stage2,1,ppo/accepted_minibatches,104,1791520096.7268715,16.0
stage2,1,ppo/accepted_minibatches,105,1791520122.9478457,16.0
stage2,1,ppo/accepted_minibatches,106,1791520150.8445606,16.0
stage2,1,ppo/accepted_minibatches,107,1791520176.969654,16.0
stage2,1,ppo/accepted_minibatches,108,1791520203.4593368,16.0
stage2,1,ppo/accepted_minibatches,109,1791520229.678947,16.0
stage2,1,ppo/accepted_minibatches,110,1791520256.7120953,16.0
stage2,1,ppo/accepted_minibatches,111,1791520283.2193246,16.0
stage2,1,ppo/accepted_minibatches,112,1791520309.6255705,16.0
stage2,1,ppo/accepted_minibatches,113,1791520336.2118206,16.0
stage2,1,ppo/accepted_minibatches,114,1791520362.364375,16.0
stage2,1,ppo/accepted_minibatches,115,1791520388.9967487,16.0
stage2,1,ppo/accepted_minibatches,116,1791520415.1066628,16.0
stage2,1,ppo/accepted_minibatches,117,1791520442.1634715,16.0
stage2,1,ppo/accepted_minibatches,118,1791520468.4335098,16.0
stage2,1,ppo/accepted_minibatches,119,1791520495.3692365,16.0
stage2,1,ppo/accepted_minibatches,120,1791520521.275455,16.0
stage1,1,ppo/actor_grad_norm,1,1791512497.7989209,0.5153954029083252
stage1,1,ppo/actor_grad_norm,2,1791512531.096165,0.7878658771514893
stage1,1,ppo/actor_grad_norm,3,1791512558.5197833,0.521190345287323
stage1,1,ppo/actor_grad_norm,4,1791512590.1716106,0.8018925189971924
stage1,1,ppo/actor_grad_norm,5,1791512617.3703809,0.44264471530914307
stage1,1,ppo/actor_grad_norm,6,1791512649.249981,0.6590791940689087
stage1,1,ppo/actor_grad_norm,7,1791512680.5403678,0.5063925385475159
stage1,1,ppo/actor_grad_norm,8,1791512707.4750333,2.0816593170166016
stage1,1,ppo/actor_grad_norm,9,1791512738.661571,0.6979775428771973
stage1,1,ppo/actor_grad_norm,10,1791512769.7880843,1.3940143585205078
stage1,1,ppo/actor_grad_norm,11,1791512796.5214388,0.663801908493042
stage1,1,ppo/actor_grad_norm,12,1791512823.0557897,1.0873022079467773
stage1,1,ppo/actor_grad_norm,13,1791512850.1477304,0.845771312713623
stage1,1,ppo/actor_grad_norm,14,1791512877.7678418,0.7006450295448303
stage1,1,ppo/actor_grad_norm,15,1791512904.8361902,0.7775828838348389
stage1,1,ppo/actor_grad_norm,16,1791512931.6704788,0.6997676491737366
stage1,1,ppo/actor_grad_norm,17,1791512958.745209,1.0590299367904663
stage1,1,ppo/actor_grad_norm,18,1791512985.4110417,0.9647385478019714
stage1,1,ppo/actor_grad_norm,19,1791513012.5153453,1.4218186140060425
stage1,1,ppo/actor_grad_norm,20,1791513039.16697,0.5911850333213806
stage1,1,ppo/actor_grad_norm,21,1791513764.7614343,1.186017632484436
stage1,1,ppo/actor_grad_norm,22,1791513791.9839427,0.7448484897613525
stage1,1,ppo/actor_grad_norm,23,1791513818.8057613,1.3700661659240723
stage1,1,ppo/actor_grad_norm,24,1791513846.0512354,0.7109763026237488
stage1,1,ppo/actor_grad_norm,25,1791513872.808315,1.1559314727783203
stage1,1,ppo/actor_grad_norm,26,1791513899.8326364,0.6381957530975342
stage1,1,ppo/actor_grad_norm,27,1791513926.7776945,1.2480548620224
stage1,1,ppo/actor_grad_norm,28,1791513953.8315258,0.9145439267158508
stage1,1,ppo/actor_grad_norm,29,1791513981.073105,1.7979216575622559
stage1,1,ppo/actor_grad_norm,30,1791514007.9166899,1.251002550125122
stage1,1,ppo/actor_grad_norm,31,1791514035.4213634,1.3067067861557007
stage1,1,ppo/actor_grad_norm,32,1791514061.609087,0.7939849495887756
stage1,1,ppo/actor_grad_norm,33,1791514091.3913307,2.071538209915161
stage1,1,ppo/actor_grad_norm,34,1791514117.5726733,0.6340439319610596
stage1,1,ppo/actor_grad_norm,35,1791514147.265233,1.2662116289138794
stage1,1,ppo/actor_grad_norm,36,1791514173.546368,0.6575676202774048
stage1,1,ppo/actor_grad_norm,37,1791514201.2914321,1.4308977127075195
stage1,1,ppo/actor_grad_norm,38,1791514227.5808525,0.6584753394126892
stage1,1,ppo/actor_grad_norm,39,1791514255.480299,1.2340761423110962
stage1,1,ppo/actor_grad_norm,40,1791514281.8655627,0.6302800178527832
stage2,1,ppo/actor_grad_norm,41,1791516504.2815251,0.49514225125312805
stage2,1,ppo/actor_grad_norm,42,1791516531.6162865,0.8758963942527771
stage2,1,ppo/actor_grad_norm,43,1791516557.9874144,0.4417131245136261
stage2,1,ppo/actor_grad_norm,44,1791516585.078844,0.510064959526062
stage2,1,ppo/actor_grad_norm,45,1791516611.1660535,0.3821263313293457
stage2,1,ppo/actor_grad_norm,46,1791516637.7088058,0.5137718915939331
stage2,1,ppo/actor_grad_norm,47,1791516663.986832,0.4714865982532501
stage2,1,ppo/actor_grad_norm,48,1791516691.4113736,0.7083988785743713
stage2,1,ppo/actor_grad_norm,49,1791516718.5728757,0.6144348978996277
stage2,1,ppo/actor_grad_norm,50,1791516744.7639794,0.5546460747718811
stage2,1,ppo/actor_grad_norm,51,1791516771.8313348,0.8593704700469971
stage2,1,ppo/actor_grad_norm,52,1791516797.9011261,0.4310651123523712
stage2,1,ppo/actor_grad_norm,53,1791516824.6335375,0.38204893469810486
stage2,1,ppo/actor_grad_norm,54,1791516851.413513,1.0426783561706543
stage2,1,ppo/actor_grad_norm,55,1791516878.7758634,0.7430251240730286
stage2,1,ppo/actor_grad_norm,56,1791516905.0582104,0.5677148699760437
stage2,1,ppo/actor_grad_norm,57,1791516932.55358,0.4236752688884735
stage2,1,ppo/actor_grad_norm,58,1791516958.6743796,0.4131511449813843
stage2,1,ppo/actor_grad_norm,59,1791516985.2741454,0.5991155505180359
stage2,1,ppo/actor_grad_norm,60,1791517014.9414198,0.6657988429069519
stage2,1,ppo/actor_grad_norm,61,1791517041.3082294,0.7025056481361389
stage2,1,ppo/actor_grad_norm,62,1791517072.0919237,0.41503915190696716
stage2,1,ppo/actor_grad_norm,63,1791517099.1981943,0.423544317483902
stage2,1,ppo/actor_grad_norm,64,1791517128.2658417,0.6556837558746338
stage2,1,ppo/actor_grad_norm,65,1791517154.3062422,0.5111756324768066
stage2,1,ppo/actor_grad_norm,66,1791517183.4933438,0.8658691644668579
stage2,1,ppo/actor_grad_norm,67,1791517210.1288934,1.0273395776748657
stage2,1,ppo/actor_grad_norm,68,1791517237.6734114,0.6755592823028564
stage2,1,ppo/actor_grad_norm,69,1791517264.0020485,0.6314085721969604
stage2,1,ppo/actor_grad_norm,70,1791517290.567057,0.4479113221168518
stage2,1,ppo/actor_grad_norm,71,1791517316.8353524,0.44564902782440186
stage2,1,ppo/actor_grad_norm,72,1791517343.4302495,0.3493154048919678
stage2,1,ppo/actor_grad_norm,73,1791517370.8998575,0.9965866804122925
stage2,1,ppo/actor_grad_norm,74,1791517397.1281269,0.6869722008705139
stage2,1,ppo/actor_grad_norm,75,1791517427.8534377,0.49020320177078247
stage2,1,ppo/actor_grad_norm,76,1791517453.8581092,0.3208843171596527
stage2,1,ppo/actor_grad_norm,77,1791517481.4200647,0.4942404627799988
stage2,1,ppo/actor_grad_norm,78,1791517507.390864,0.45718154311180115
stage2,1,ppo/actor_grad_norm,79,1791517533.923225,0.8177515268325806
stage2,1,ppo/actor_grad_norm,80,1791517564.254637,0.5774483680725098
stage2,1,ppo/actor_grad_norm,81,1791519479.7422643,0.6992197036743164
stage2,1,ppo/actor_grad_norm,82,1791519508.2018728,0.407591849565506
stage2,1,ppo/actor_grad_norm,83,1791519534.320121,0.8937439918518066
stage2,1,ppo/actor_grad_norm,84,1791519560.9499893,0.5519120097160339
stage2,1,ppo/actor_grad_norm,85,1791519587.5087433,0.5101993083953857
stage2,1,ppo/actor_grad_norm,86,1791519614.24232,0.5799504518508911
stage2,1,ppo/actor_grad_norm,87,1791519640.7006855,0.6966989636421204
stage2,1,ppo/actor_grad_norm,88,1791519669.3635628,0.5423322319984436
stage2,1,ppo/actor_grad_norm,89,1791519698.0928514,0.3597736358642578
stage2,1,ppo/actor_grad_norm,90,1791519724.1556175,0.5136877298355103
stage2,1,ppo/actor_grad_norm,91,1791519751.2466679,0.5441792011260986
stage2,1,ppo/actor_grad_norm,92,1791519777.7938592,0.7028260827064514
stage2,1,ppo/actor_grad_norm,93,1791519804.7648208,0.545394241809845
stage2,1,ppo/actor_grad_norm,94,1791519831.2632444,0.5044083595275879
stage2,1,ppo/actor_grad_norm,95,1791519857.9546854,1.0515615940093994
stage2,1,ppo/actor_grad_norm,96,1791519884.0719726,0.8605629801750183
stage2,1,ppo/actor_grad_norm,97,1791519910.7534049,0.5063139200210571
stage2,1,ppo/actor_grad_norm,98,1791519937.7742069,0.7742658853530884
stage2,1,ppo/actor_grad_norm,99,1791519964.5372355,0.5096065402030945
stage2,1,ppo/actor_grad_norm,100,1791519991.4219408,0.46078863739967346
stage2,1,ppo/actor_grad_norm,101,1791520017.4570043,0.6688892245292664
stage2,1,ppo/actor_grad_norm,102,1791520043.8726099,0.3706338703632355
stage2,1,ppo/actor_grad_norm,103,1791520069.8489807,0.4226144552230835
stage2,1,ppo/actor_grad_norm,104,1791520096.7265625,1.00706148147583
stage2,1,ppo/actor_grad_norm,105,1791520122.9473546,0.6268960237503052
stage2,1,ppo/actor_grad_norm,106,1791520150.8439832,0.8810179829597473
stage2,1,ppo/actor_grad_norm,107,1791520176.9692523,0.7369198799133301
stage2,1,ppo/actor_grad_norm,108,1791520203.4587963,1.074992060661316
stage2,1,ppo/actor_grad_norm,109,1791520229.6784396,0.5340993404388428
stage2,1,ppo/actor_grad_norm,110,1791520256.7117767,1.3333477973937988
stage2,1,ppo/actor_grad_norm,111,1791520283.2188568,0.6346573829650879
stage2,1,ppo/actor_grad_norm,112,1791520309.6252358,0.6480599641799927
stage2,1,ppo/actor_grad_norm,113,1791520336.211553,0.6919122934341431
stage2,1,ppo/actor_grad_norm,114,1791520362.3640423,0.4007053077220917
stage2,1,ppo/actor_grad_norm,115,1791520388.9965394,0.5646935105323792
stage2,1,ppo/actor_grad_norm,116,1791520415.1064308,0.8114900588989258
stage2,1,ppo/actor_grad_norm,117,1791520442.1629846,1.1614820957183838
stage2,1,ppo/actor_grad_norm,118,1791520468.4332445,0.8591163754463196
stage2,1,ppo/actor_grad_norm,119,1791520495.3690233,0.6511656641960144
stage2,1,ppo/actor_grad_norm,120,1791520521.275184,1.2391064167022705
stage1,1,ppo/actor_grad_norm_preclip,1,1791512497.7989345,0.5153954029083252
stage1,1,ppo/actor_grad_norm_preclip,2,1791512531.096179,0.7878658771514893
stage1,1,ppo/actor_grad_norm_preclip,3,1791512558.5197968,0.521190345287323
stage1,1,ppo/actor_grad_norm_preclip,4,1791512590.1716242,0.8018925189971924
stage1,1,ppo/actor_grad_norm_preclip,5,1791512617.3703945,0.44264471530914307
stage1,1,ppo/actor_grad_norm_preclip,6,1791512649.2499957,0.6590791940689087
stage1,1,ppo/actor_grad_norm_preclip,7,1791512680.540382,0.5063925385475159
stage1,1,ppo/actor_grad_norm_preclip,8,1791512707.475047,2.0816593170166016
stage1,1,ppo/actor_grad_norm_preclip,9,1791512738.6615846,0.6979775428771973
stage1,1,ppo/actor_grad_norm_preclip,10,1791512769.7880979,1.3940143585205078
stage1,1,ppo/actor_grad_norm_preclip,11,1791512796.5214515,0.663801908493042
stage1,1,ppo/actor_grad_norm_preclip,12,1791512823.0558035,1.0873022079467773
stage1,1,ppo/actor_grad_norm_preclip,13,1791512850.147761,0.845771312713623
stage1,1,ppo/actor_grad_norm_preclip,14,1791512877.7678556,0.7006450295448303
stage1,1,ppo/actor_grad_norm_preclip,15,1791512904.8362033,0.7775828838348389
stage1,1,ppo/actor_grad_norm_preclip,16,1791512931.6704922,0.6997676491737366
stage1,1,ppo/actor_grad_norm_preclip,17,1791512958.7452226,1.0590299367904663
stage1,1,ppo/actor_grad_norm_preclip,18,1791512985.4110787,0.9647385478019714
stage1,1,ppo/actor_grad_norm_preclip,19,1791513012.5153792,1.4218186140060425
stage1,1,ppo/actor_grad_norm_preclip,20,1791513039.167006,0.5911850333213806
stage1,1,ppo/actor_grad_norm_preclip,21,1791513764.7614477,1.186017632484436
stage1,1,ppo/actor_grad_norm_preclip,22,1791513791.983957,0.7448484897613525
stage1,1,ppo/actor_grad_norm_preclip,23,1791513818.8057752,1.3700661659240723
stage1,1,ppo/actor_grad_norm_preclip,24,1791513846.0512512,0.7109763026237488
stage1,1,ppo/actor_grad_norm_preclip,25,1791513872.8083286,1.1559314727783203
stage1,1,ppo/actor_grad_norm_preclip,26,1791513899.832662,0.6381957530975342
stage1,1,ppo/actor_grad_norm_preclip,27,1791513926.7777169,1.2480548620224
stage1,1,ppo/actor_grad_norm_preclip,28,1791513953.831539,0.9145439267158508
stage1,1,ppo/actor_grad_norm_preclip,29,1791513981.073149,1.7979216575622559
stage1,1,ppo/actor_grad_norm_preclip,30,1791514007.9167044,1.251002550125122
stage1,1,ppo/actor_grad_norm_preclip,31,1791514035.4213772,1.3067067861557007
stage1,1,ppo/actor_grad_norm_preclip,32,1791514061.6091008,0.7939849495887756
stage1,1,ppo/actor_grad_norm_preclip,33,1791514091.3913443,2.071538209915161
stage1,1,ppo/actor_grad_norm_preclip,34,1791514117.572688,0.6340439319610596
stage1,1,ppo/actor_grad_norm_preclip,35,1791514147.2652464,1.2662116289138794
stage1,1,ppo/actor_grad_norm_preclip,36,1791514173.5463812,0.6575676202774048
stage1,1,ppo/actor_grad_norm_preclip,37,1791514201.2914457,1.4308977127075195
stage1,1,ppo/actor_grad_norm_preclip,38,1791514227.5808666,0.6584753394126892
stage1,1,ppo/actor_grad_norm_preclip,39,1791514255.4803133,1.2340761423110962
stage1,1,ppo/actor_grad_norm_preclip,40,1791514281.8655896,0.6302800178527832
stage2,1,ppo/actor_grad_norm_preclip,41,1791516504.2815413,0.49514225125312805
stage2,1,ppo/actor_grad_norm_preclip,42,1791516531.6163008,0.8758963942527771
stage2,1,ppo/actor_grad_norm_preclip,43,1791516557.9874282,0.4417131245136261
stage2,1,ppo/actor_grad_norm_preclip,44,1791516585.0788577,0.510064959526062
stage2,1,ppo/actor_grad_norm_preclip,45,1791516611.1660676,0.3821263313293457
stage2,1,ppo/actor_grad_norm_preclip,46,1791516637.7088437,0.5137718915939331
stage2,1,ppo/actor_grad_norm_preclip,47,1791516663.9868462,0.4714865982532501
stage2,1,ppo/actor_grad_norm_preclip,48,1791516691.4113877,0.7083988785743713
stage2,1,ppo/actor_grad_norm_preclip,49,1791516718.5728898,0.6144348978996277
stage2,1,ppo/actor_grad_norm_preclip,50,1791516744.7640016,0.5546460747718811
stage2,1,ppo/actor_grad_norm_preclip,51,1791516771.8313487,0.8593704700469971
stage2,1,ppo/actor_grad_norm_preclip,52,1791516797.9011436,0.4310651123523712
stage2,1,ppo/actor_grad_norm_preclip,53,1791516824.6335516,0.38204893469810486
stage2,1,ppo/actor_grad_norm_preclip,54,1791516851.4135346,1.0426783561706543
stage2,1,ppo/actor_grad_norm_preclip,55,1791516878.775879,0.7430251240730286
stage2,1,ppo/actor_grad_norm_preclip,56,1791516905.0582242,0.5677148699760437
stage2,1,ppo/actor_grad_norm_preclip,57,1791516932.5535939,0.4236752688884735
stage2,1,ppo/actor_grad_norm_preclip,58,1791516958.6743937,0.4131511449813843
stage2,1,ppo/actor_grad_norm_preclip,59,1791516985.2741592,0.5991155505180359
stage2,1,ppo/actor_grad_norm_preclip,60,1791517014.9414337,0.6657988429069519
stage2,1,ppo/actor_grad_norm_preclip,61,1791517041.308244,0.7025056481361389
stage2,1,ppo/actor_grad_norm_preclip,62,1791517072.0919557,0.41503915190696716
stage2,1,ppo/actor_grad_norm_preclip,63,1791517099.1982274,0.423544317483902
stage2,1,ppo/actor_grad_norm_preclip,64,1791517128.2658753,0.6556837558746338
stage2,1,ppo/actor_grad_norm_preclip,65,1791517154.3062563,0.5111756324768066
stage2,1,ppo/actor_grad_norm_preclip,66,1791517183.4933577,0.8658691644668579
stage2,1,ppo/actor_grad_norm_preclip,67,1791517210.128908,1.0273395776748657
stage2,1,ppo/actor_grad_norm_preclip,68,1791517237.6734333,0.6755592823028564
stage2,1,ppo/actor_grad_norm_preclip,69,1791517264.0020626,0.6314085721969604
stage2,1,ppo/actor_grad_norm_preclip,70,1791517290.567081,0.4479113221168518
stage2,1,ppo/actor_grad_norm_preclip,71,1791517316.8353655,0.44564902782440186
stage2,1,ppo/actor_grad_norm_preclip,72,1791517343.4302635,0.3493154048919678
stage2,1,ppo/actor_grad_norm_preclip,73,1791517370.8998713,0.9965866804122925
stage2,1,ppo/actor_grad_norm_preclip,74,1791517397.1281483,0.6869722008705139
stage2,1,ppo/actor_grad_norm_preclip,75,1791517427.8534515,0.49020320177078247
stage2,1,ppo/actor_grad_norm_preclip,76,1791517453.8581235,0.3208843171596527
stage2,1,ppo/actor_grad_norm_preclip,77,1791517481.4200785,0.4942404627799988
stage2,1,ppo/actor_grad_norm_preclip,78,1791517507.3908775,0.45718154311180115
stage2,1,ppo/actor_grad_norm_preclip,79,1791517533.9232388,0.8177515268325806
stage2,1,ppo/actor_grad_norm_preclip,80,1791517564.2546508,0.5774483680725098
stage2,1,ppo/actor_grad_norm_preclip,81,1791519479.7422788,0.6992197036743164
stage2,1,ppo/actor_grad_norm_preclip,82,1791519508.2018871,0.407591849565506
stage2,1,ppo/actor_grad_norm_preclip,83,1791519534.3201363,0.8937439918518066
stage2,1,ppo/actor_grad_norm_preclip,84,1791519560.950022,0.5519120097160339
stage2,1,ppo/actor_grad_norm_preclip,85,1791519587.5087576,0.5101993083953857
stage2,1,ppo/actor_grad_norm_preclip,86,1791519614.242334,0.5799504518508911
stage2,1,ppo/actor_grad_norm_preclip,87,1791519640.7006998,0.6966989636421204
stage2,1,ppo/actor_grad_norm_preclip,88,1791519669.363581,0.5423322319984436
stage2,1,ppo/actor_grad_norm_preclip,89,1791519698.0928652,0.3597736358642578
stage2,1,ppo/actor_grad_norm_preclip,90,1791519724.1556318,0.5136877298355103
stage2,1,ppo/actor_grad_norm_preclip,91,1791519751.2466815,0.5441792011260986
stage2,1,ppo/actor_grad_norm_preclip,92,1791519777.7938728,0.7028260827064514
stage2,1,ppo/actor_grad_norm_preclip,93,1791519804.7648406,0.545394241809845
stage2,1,ppo/actor_grad_norm_preclip,94,1791519831.263267,0.5044083595275879
stage2,1,ppo/actor_grad_norm_preclip,95,1791519857.954699,1.0515615940093994
stage2,1,ppo/actor_grad_norm_preclip,96,1791519884.0719867,0.8605629801750183
stage2,1,ppo/actor_grad_norm_preclip,97,1791519910.7534204,0.5063139200210571
stage2,1,ppo/actor_grad_norm_preclip,98,1791519937.7742522,0.7742658853530884
stage2,1,ppo/actor_grad_norm_preclip,99,1791519964.5372653,0.5096065402030945
stage2,1,ppo/actor_grad_norm_preclip,100,1791519991.4219546,0.46078863739967346
stage2,1,ppo/actor_grad_norm_preclip,101,1791520017.4570186,0.6688892245292664
stage2,1,ppo/actor_grad_norm_preclip,102,1791520043.8726244,0.3706338703632355
stage2,1,ppo/actor_grad_norm_preclip,103,1791520069.848995,0.4226144552230835
stage2,1,ppo/actor_grad_norm_preclip,104,1791520096.726581,1.00706148147583
stage2,1,ppo/actor_grad_norm_preclip,105,1791520122.9473703,0.6268960237503052
stage2,1,ppo/actor_grad_norm_preclip,106,1791520150.8440025,0.8810179829597473
stage2,1,ppo/actor_grad_norm_preclip,107,1791520176.969266,0.7369198799133301
stage2,1,ppo/actor_grad_norm_preclip,108,1791520203.4588106,1.074992060661316
stage2,1,ppo/actor_grad_norm_preclip,109,1791520229.6784542,0.5340993404388428
stage2,1,ppo/actor_grad_norm_preclip,110,1791520256.7118068,1.3333477973937988
stage2,1,ppo/actor_grad_norm_preclip,111,1791520283.2188718,0.6346573829650879
stage2,1,ppo/actor_grad_norm_preclip,112,1791520309.625251,0.6480599641799927
stage2,1,ppo/actor_grad_norm_preclip,113,1791520336.2115958,0.6919122934341431
stage2,1,ppo/actor_grad_norm_preclip,114,1791520362.3640559,0.4007053077220917
stage2,1,ppo/actor_grad_norm_preclip,115,1791520388.9965532,0.5646935105323792
stage2,1,ppo/actor_grad_norm_preclip,116,1791520415.1064446,0.8114900588989258
stage2,1,ppo/actor_grad_norm_preclip,117,1791520442.1630027,1.1614820957183838
stage2,1,ppo/actor_grad_norm_preclip,118,1791520468.4332585,0.8591163754463196
stage2,1,ppo/actor_grad_norm_preclip,119,1791520495.3690374,0.6511656641960144
stage2,1,ppo/actor_grad_norm_preclip,120,1791520521.2752004,1.2391064167022705
stage1,1,ppo/actor_lr,1,1791512497.7995603,9.999999747378752e-05
stage1,1,ppo/actor_lr,2,1791512531.0970747,9.999999747378752e-05
stage1,1,ppo/actor_lr,3,1791512558.5207152,9.999999747378752e-05
stage1,1,ppo/actor_lr,4,1791512590.1720612,9.999999747378752e-05
stage1,1,ppo/actor_lr,5,1791512617.3710043,9.999999747378752e-05
stage1,1,ppo/actor_lr,6,1791512649.2508342,9.999999747378752e-05
stage1,1,ppo/actor_lr,7,1791512680.5413587,9.999999747378752e-05
stage1,1,ppo/actor_lr,8,1791512707.475726,9.999999747378752e-05
stage1,1,ppo/actor_lr,9,1791512738.6621008,9.999999747378752e-05
stage1,1,ppo/actor_lr,10,1791512769.7889392,9.999999747378752e-05
stage1,1,ppo/actor_lr,11,1791512796.5220313,9.999999747378752e-05
stage1,1,ppo/actor_lr,12,1791512823.0564158,9.999999747378752e-05
stage1,1,ppo/actor_lr,13,1791512850.148322,9.999999747378752e-05
stage1,1,ppo/actor_lr,14,1791512877.7682788,9.999999747378752e-05
stage1,1,ppo/actor_lr,15,1791512904.8367782,9.999999747378752e-05
stage1,1,ppo/actor_lr,16,1791512931.6712842,9.999999747378752e-05
stage1,1,ppo/actor_lr,17,1791512958.7458782,9.999999747378752e-05
stage1,1,ppo/actor_lr,18,1791512985.4118035,9.999999747378752e-05
stage1,1,ppo/actor_lr,19,1791513012.5162766,9.999999747378752e-05
stage1,1,ppo/actor_lr,20,1791513039.1676013,9.999999747378752e-05
stage1,1,ppo/actor_lr,21,1791513764.7622068,9.999999747378752e-05
stage1,1,ppo/actor_lr,22,1791513791.9846113,9.999999747378752e-05
stage1,1,ppo/actor_lr,23,1791513818.8063514,9.999999747378752e-05
stage1,1,ppo/actor_lr,24,1791513846.0519164,9.999999747378752e-05
stage1,1,ppo/actor_lr,25,1791513872.8086455,9.999999747378752e-05
stage1,1,ppo/actor_lr,26,1791513899.83449,9.999999747378752e-05
stage1,1,ppo/actor_lr,27,1791513926.7786067,9.999999747378752e-05
stage1,1,ppo/actor_lr,28,1791513953.831891,9.999999747378752e-05
stage1,1,ppo/actor_lr,29,1791513981.0739224,9.999999747378752e-05
stage1,1,ppo/actor_lr,30,1791514007.9174216,9.999999747378752e-05
stage1,1,ppo/actor_lr,31,1791514035.4217536,9.999999747378752e-05
stage1,1,ppo/actor_lr,32,1791514061.6095064,9.999999747378752e-05
stage1,1,ppo/actor_lr,33,1791514091.3919177,9.999999747378752e-05
stage1,1,ppo/actor_lr,34,1791514117.573187,9.999999747378752e-05
stage1,1,ppo/actor_lr,35,1791514147.265856,9.999999747378752e-05
stage1,1,ppo/actor_lr,36,1791514173.5471008,9.999999747378752e-05
stage1,1,ppo/actor_lr,37,1791514201.2921503,9.999999747378752e-05
stage1,1,ppo/actor_lr,38,1791514227.5812984,9.999999747378752e-05
stage1,1,ppo/actor_lr,39,1791514255.4808383,9.999999747378752e-05
stage1,1,ppo/actor_lr,40,1791514281.8661036,9.999999747378752e-05
stage2,1,ppo/actor_lr,41,1791516504.2885938,9.999999747378752e-05
stage2,1,ppo/actor_lr,42,1791516531.6168442,9.999999747378752e-05
stage2,1,ppo/actor_lr,43,1791516557.988172,9.999999747378752e-05
stage2,1,ppo/actor_lr,44,1791516585.0797133,9.999999747378752e-05
stage2,1,ppo/actor_lr,45,1791516611.166691,9.999999747378752e-05
stage2,1,ppo/actor_lr,46,1791516637.70973,9.999999747378752e-05
stage2,1,ppo/actor_lr,47,1791516663.9871247,9.999999747378752e-05
stage2,1,ppo/actor_lr,48,1791516691.4117365,9.999999747378752e-05
stage2,1,ppo/actor_lr,49,1791516718.5733008,9.999999747378752e-05
stage2,1,ppo/actor_lr,50,1791516744.764453,9.999999747378752e-05
stage2,1,ppo/actor_lr,51,1791516771.831848,9.999999747378752e-05
stage2,1,ppo/actor_lr,52,1791516797.901682,9.999999747378752e-05
stage2,1,ppo/actor_lr,53,1791516824.6339195,9.999999747378752e-05
stage2,1,ppo/actor_lr,54,1791516851.4139934,9.999999747378752e-05
stage2,1,ppo/actor_lr,55,1791516878.7762108,9.999999747378752e-05
stage2,1,ppo/actor_lr,56,1791516905.0584986,9.999999747378752e-05
stage2,1,ppo/actor_lr,57,1791516932.5540338,9.999999747378752e-05
stage2,1,ppo/actor_lr,58,1791516958.6749144,9.999999747378752e-05
stage2,1,ppo/actor_lr,59,1791516985.27483,9.999999747378752e-05
stage2,1,ppo/actor_lr,60,1791517014.942172,9.999999747378752e-05
stage2,1,ppo/actor_lr,61,1791517041.3088064,9.999999747378752e-05
stage2,1,ppo/actor_lr,62,1791517072.0929284,9.999999747378752e-05
stage2,1,ppo/actor_lr,63,1791517099.1988,9.999999747378752e-05
stage2,1,ppo/actor_lr,64,1791517128.2667577,9.999999747378752e-05
stage2,1,ppo/actor_lr,65,1791517154.3067484,9.999999747378752e-05
stage2,1,ppo/actor_lr,66,1791517183.4940393,9.999999747378752e-05
stage2,1,ppo/actor_lr,67,1791517210.1295133,9.999999747378752e-05
stage2,1,ppo/actor_lr,68,1791517237.6739314,9.999999747378752e-05
stage2,1,ppo/actor_lr,69,1791517264.002407,9.999999747378752e-05
stage2,1,ppo/actor_lr,70,1791517290.5675988,9.999999747378752e-05
stage2,1,ppo/actor_lr,71,1791517316.8358817,9.999999747378752e-05
stage2,1,ppo/actor_lr,72,1791517343.430618,9.999999747378752e-05
stage2,1,ppo/actor_lr,73,1791517370.9003556,9.999999747378752e-05
stage2,1,ppo/actor_lr,74,1791517397.128595,9.999999747378752e-05
stage2,1,ppo/actor_lr,75,1791517427.854051,9.999999747378752e-05
stage2,1,ppo/actor_lr,76,1791517453.8589194,9.999999747378752e-05
stage2,1,ppo/actor_lr,77,1791517481.4205418,9.999999747378752e-05
stage2,1,ppo/actor_lr,78,1791517507.3915744,9.999999747378752e-05
stage2,1,ppo/actor_lr,79,1791517533.923764,9.999999747378752e-05
stage2,1,ppo/actor_lr,80,1791517564.2554634,9.999999747378752e-05
stage2,1,ppo/actor_lr,81,1791519479.7429862,9.999999747378752e-05
stage2,1,ppo/actor_lr,82,1791519508.2027397,9.999999747378752e-05
stage2,1,ppo/actor_lr,83,1791519534.3207848,9.999999747378752e-05
stage2,1,ppo/actor_lr,84,1791519560.9510329,9.999999747378752e-05
stage2,1,ppo/actor_lr,85,1791519587.5094318,9.999999747378752e-05
stage2,1,ppo/actor_lr,86,1791519614.2430441,9.999999747378752e-05
stage2,1,ppo/actor_lr,87,1791519640.701004,9.999999747378752e-05
stage2,1,ppo/actor_lr,88,1791519669.3638847,9.999999747378752e-05
stage2,1,ppo/actor_lr,89,1791519698.0931516,9.999999747378752e-05
stage2,1,ppo/actor_lr,90,1791519724.1560748,9.999999747378752e-05
stage2,1,ppo/actor_lr,91,1791519751.247131,9.999999747378752e-05
stage2,1,ppo/actor_lr,92,1791519777.7942803,9.999999747378752e-05
stage2,1,ppo/actor_lr,93,1791519804.7653835,9.999999747378752e-05
stage2,1,ppo/actor_lr,94,1791519831.2643454,9.999999747378752e-05
stage2,1,ppo/actor_lr,95,1791519857.9551628,9.999999747378752e-05
stage2,1,ppo/actor_lr,96,1791519884.0722973,9.999999747378752e-05
stage2,1,ppo/actor_lr,97,1791519910.7537386,9.999999747378752e-05
stage2,1,ppo/actor_lr,98,1791519937.7748697,9.999999747378752e-05
stage2,1,ppo/actor_lr,99,1791519964.5380442,9.999999747378752e-05
stage2,1,ppo/actor_lr,100,1791519991.4227052,9.999999747378752e-05
stage2,1,ppo/actor_lr,101,1791520017.4578407,9.999999747378752e-05
stage2,1,ppo/actor_lr,102,1791520043.8731816,9.999999747378752e-05
stage2,1,ppo/actor_lr,103,1791520069.849471,9.999999747378752e-05
stage2,1,ppo/actor_lr,104,1791520096.7272708,9.999999747378752e-05
stage2,1,ppo/actor_lr,105,1791520122.9479797,9.999999747378752e-05
stage2,1,ppo/actor_lr,106,1791520150.8447723,9.999999747378752e-05
stage2,1,ppo/actor_lr,107,1791520176.9700994,9.999999747378752e-05
stage2,1,ppo/actor_lr,108,1791520203.4593568,9.999999747378752e-05
stage2,1,ppo/actor_lr,109,1791520229.6792107,9.999999747378752e-05
stage2,1,ppo/actor_lr,110,1791520256.7123704,9.999999747378752e-05
stage2,1,ppo/actor_lr,111,1791520283.2196305,9.999999747378752e-05
stage2,1,ppo/actor_lr,112,1791520309.6259542,9.999999747378752e-05
stage2,1,ppo/actor_lr,113,1791520336.2119749,9.999999747378752e-05
stage2,1,ppo/actor_lr,114,1791520362.3645325,9.999999747378752e-05
stage2,1,ppo/actor_lr,115,1791520388.9968472,9.999999747378752e-05
stage2,1,ppo/actor_lr,116,1791520415.1069357,9.999999747378752e-05
stage2,1,ppo/actor_lr,117,1791520442.1634936,9.999999747378752e-05
stage2,1,ppo/actor_lr,118,1791520468.4336445,9.999999747378752e-05
stage2,1,ppo/actor_lr,119,1791520495.3693306,9.999999747378752e-05
stage2,1,ppo/actor_lr,120,1791520521.275628,9.999999747378752e-05
stage1,1,ppo/attempted_actor_grad_norm,1,1791512497.799058,0.5153954029083252
stage1,1,ppo/attempted_actor_grad_norm,2,1791512531.0963168,0.7878658771514893
stage1,1,ppo/attempted_actor_grad_norm,3,1791512558.5199401,0.521190345287323
stage1,1,ppo/attempted_actor_grad_norm,4,1791512590.1716943,0.8018925189971924
stage1,1,ppo/attempted_actor_grad_norm,5,1791512617.370635,0.44264471530914307
stage1,1,ppo/attempted_actor_grad_norm,6,1791512649.250223,0.6590791940689087
stage1,1,ppo/attempted_actor_grad_norm,7,1791512680.5405755,0.5063925385475159
stage1,1,ppo/attempted_actor_grad_norm,8,1791512707.475301,2.0816593170166016
stage1,1,ppo/attempted_actor_grad_norm,9,1791512738.6617205,0.6979775428771973
stage1,1,ppo/attempted_actor_grad_norm,10,1791512769.7882202,1.3940143585205078
stage1,1,ppo/attempted_actor_grad_norm,11,1791512796.5215857,0.663801908493042
stage1,1,ppo/attempted_actor_grad_norm,12,1791512823.0559397,1.0873022079467773
stage1,1,ppo/attempted_actor_grad_norm,13,1791512850.1479995,0.845771312713623
stage1,1,ppo/attempted_actor_grad_norm,14,1791512877.7680185,0.7006450295448303
stage1,1,ppo/attempted_actor_grad_norm,15,1791512904.8363314,0.7775828838348389
stage1,1,ppo/attempted_actor_grad_norm,16,1791512931.6706212,0.6997676491737366
stage1,1,ppo/attempted_actor_grad_norm,17,1791512958.7454433,1.0590299367904663
stage1,1,ppo/attempted_actor_grad_norm,18,1791512985.4112217,0.9647385478019714
stage1,1,ppo/attempted_actor_grad_norm,19,1791513012.515515,1.4218186140060425
stage1,1,ppo/attempted_actor_grad_norm,20,1791513039.1671438,0.5911850333213806
stage1,1,ppo/attempted_actor_grad_norm,21,1791513764.7615476,1.186017632484436
stage1,1,ppo/attempted_actor_grad_norm,22,1791513791.9840739,0.7448484897613525
stage1,1,ppo/attempted_actor_grad_norm,23,1791513818.8059154,1.3700661659240723
stage1,1,ppo/attempted_actor_grad_norm,24,1791513846.0514321,0.7109763026237488
stage1,1,ppo/attempted_actor_grad_norm,25,1791513872.8085608,1.1559314727783203
stage1,1,ppo/attempted_actor_grad_norm,26,1791513899.832812,0.6381957530975342
stage1,1,ppo/attempted_actor_grad_norm,27,1791513926.7778687,1.2480548620224
stage1,1,ppo/attempted_actor_grad_norm,28,1791513953.8316712,0.9145439267158508
stage1,1,ppo/attempted_actor_grad_norm,29,1791513981.0732563,1.7979216575622559
stage1,1,ppo/attempted_actor_grad_norm,30,1791514007.9168398,1.251002550125122
stage1,1,ppo/attempted_actor_grad_norm,31,1791514035.421432,1.3067067861557007
stage1,1,ppo/attempted_actor_grad_norm,32,1791514061.609164,0.7939849495887756
stage1,1,ppo/attempted_actor_grad_norm,33,1791514091.391393,2.071538209915161
stage1,1,ppo/attempted_actor_grad_norm,34,1791514117.5728405,0.6340439319610596
stage1,1,ppo/attempted_actor_grad_norm,35,1791514147.265381,1.2662116289138794
stage1,1,ppo/attempted_actor_grad_norm,36,1791514173.5465455,0.6575676202774048
stage1,1,ppo/attempted_actor_grad_norm,37,1791514201.2914965,1.4308977127075195
stage1,1,ppo/attempted_actor_grad_norm,38,1791514227.5810964,0.6584753394126892
stage1,1,ppo/attempted_actor_grad_norm,39,1791514255.4804287,1.2340761423110962
stage1,1,ppo/attempted_actor_grad_norm,40,1791514281.8657815,0.6302800178527832
stage2,1,ppo/attempted_actor_grad_norm,41,1791516504.2816656,0.49514225125312805
stage2,1,ppo/attempted_actor_grad_norm,42,1791516531.6164505,0.8758963942527771
stage2,1,ppo/attempted_actor_grad_norm,43,1791516557.9875994,0.4417131245136261
stage2,1,ppo/attempted_actor_grad_norm,44,1791516585.0789948,0.510064959526062
stage2,1,ppo/attempted_actor_grad_norm,45,1791516611.1662157,0.3821263313293457
stage2,1,ppo/attempted_actor_grad_norm,46,1791516637.7089975,0.5137718915939331
stage2,1,ppo/attempted_actor_grad_norm,47,1791516663.9869998,0.4714865982532501
stage2,1,ppo/attempted_actor_grad_norm,48,1791516691.4115343,0.7083988785743713
stage2,1,ppo/attempted_actor_grad_norm,49,1791516718.573132,0.6144348978996277
stage2,1,ppo/attempted_actor_grad_norm,50,1791516744.764179,0.5546460747718811
stage2,1,ppo/attempted_actor_grad_norm,51,1791516771.8315217,0.8593704700469971
stage2,1,ppo/attempted_actor_grad_norm,52,1791516797.9012878,0.4310651123523712
stage2,1,ppo/attempted_actor_grad_norm,53,1791516824.6337073,0.38204893469810486
stage2,1,ppo/attempted_actor_grad_norm,54,1791516851.4136693,1.0426783561706543
stage2,1,ppo/attempted_actor_grad_norm,55,1791516878.7759342,0.7430251240730286
stage2,1,ppo/attempted_actor_grad_norm,56,1791516905.0582778,0.5677148699760437
stage2,1,ppo/attempted_actor_grad_norm,57,1791516932.553855,0.4236752688884735
stage2,1,ppo/attempted_actor_grad_norm,58,1791516958.674456,0.4131511449813843
stage2,1,ppo/attempted_actor_grad_norm,59,1791516985.2743328,0.5991155505180359
stage2,1,ppo/attempted_actor_grad_norm,60,1791517014.941583,0.6657988429069519
stage2,1,ppo/attempted_actor_grad_norm,61,1791517041.3084366,0.7025056481361389
stage2,1,ppo/attempted_actor_grad_norm,62,1791517072.092104,0.41503915190696716
stage2,1,ppo/attempted_actor_grad_norm,63,1791517099.1985033,0.423544317483902
stage2,1,ppo/attempted_actor_grad_norm,64,1791517128.2660532,0.6556837558746338
stage2,1,ppo/attempted_actor_grad_norm,65,1791517154.3065767,0.5111756324768066
stage2,1,ppo/attempted_actor_grad_norm,66,1791517183.493524,0.8658691644668579
stage2,1,ppo/attempted_actor_grad_norm,67,1791517210.129147,1.0273395776748657
stage2,1,ppo/attempted_actor_grad_norm,68,1791517237.6736064,0.6755592823028564
stage2,1,ppo/attempted_actor_grad_norm,69,1791517264.0022078,0.6314085721969604
stage2,1,ppo/attempted_actor_grad_norm,70,1791517290.5672967,0.4479113221168518
stage2,1,ppo/attempted_actor_grad_norm,71,1791517316.83551,0.44564902782440186
stage2,1,ppo/attempted_actor_grad_norm,72,1791517343.4303162,0.3493154048919678
stage2,1,ppo/attempted_actor_grad_norm,73,1791517370.9001513,0.9965866804122925
stage2,1,ppo/attempted_actor_grad_norm,74,1791517397.1284235,0.6869722008705139
stage2,1,ppo/attempted_actor_grad_norm,75,1791517427.853601,0.49020320177078247
stage2,1,ppo/attempted_actor_grad_norm,76,1791517453.8582613,0.3208843171596527
stage2,1,ppo/attempted_actor_grad_norm,77,1791517481.420367,0.4942404627799988
stage2,1,ppo/attempted_actor_grad_norm,78,1791517507.3910077,0.45718154311180115
stage2,1,ppo/attempted_actor_grad_norm,79,1791517533.9233854,0.8177515268325806
stage2,1,ppo/attempted_actor_grad_norm,80,1791517564.2547824,0.5774483680725098
stage2,1,ppo/attempted_actor_grad_norm,81,1791519479.7423394,0.6992197036743164
stage2,1,ppo/attempted_actor_grad_norm,82,1791519508.2020338,0.407591849565506
stage2,1,ppo/attempted_actor_grad_norm,83,1791519534.3205094,0.8937439918518066
stage2,1,ppo/attempted_actor_grad_norm,84,1791519560.9501996,0.5519120097160339
stage2,1,ppo/attempted_actor_grad_norm,85,1791519587.5089357,0.5101993083953857
stage2,1,ppo/attempted_actor_grad_norm,86,1791519614.242398,0.5799504518508911
stage2,1,ppo/attempted_actor_grad_norm,87,1791519640.7007477,0.6966989636421204
stage2,1,ppo/attempted_actor_grad_norm,88,1791519669.363631,0.5423322319984436
stage2,1,ppo/attempted_actor_grad_norm,89,1791519698.0929124,0.3597736358642578
stage2,1,ppo/attempted_actor_grad_norm,90,1791519724.155892,0.5136877298355103
stage2,1,ppo/attempted_actor_grad_norm,91,1791519751.246835,0.5441792011260986
stage2,1,ppo/attempted_actor_grad_norm,92,1791519777.7941115,0.7028260827064514
stage2,1,ppo/attempted_actor_grad_norm,93,1791519804.7651167,0.545394241809845
stage2,1,ppo/attempted_actor_grad_norm,94,1791519831.2634258,0.5044083595275879
stage2,1,ppo/attempted_actor_grad_norm,95,1791519857.9549465,1.0515615940093994
stage2,1,ppo/attempted_actor_grad_norm,96,1791519884.072038,0.8605629801750183
stage2,1,ppo/attempted_actor_grad_norm,97,1791519910.7534707,0.5063139200210571
stage2,1,ppo/attempted_actor_grad_norm,98,1791519937.7744482,0.7742658853530884
stage2,1,ppo/attempted_actor_grad_norm,99,1791519964.537421,0.5096065402030945
stage2,1,ppo/attempted_actor_grad_norm,100,1791519991.4221067,0.46078863739967346
stage2,1,ppo/attempted_actor_grad_norm,101,1791520017.457193,0.6688892245292664
stage2,1,ppo/attempted_actor_grad_norm,102,1791520043.8729973,0.3706338703632355
stage2,1,ppo/attempted_actor_grad_norm,103,1791520069.8491569,0.4226144552230835
stage2,1,ppo/attempted_actor_grad_norm,104,1791520096.726843,1.00706148147583
stage2,1,ppo/attempted_actor_grad_norm,105,1791520122.9474382,0.6268960237503052
stage2,1,ppo/attempted_actor_grad_norm,106,1791520150.844078,0.8810179829597473
stage2,1,ppo/attempted_actor_grad_norm,107,1791520176.9693263,0.7369198799133301
stage2,1,ppo/attempted_actor_grad_norm,108,1791520203.458984,1.074992060661316
stage2,1,ppo/attempted_actor_grad_norm,109,1791520229.678521,0.5340993404388428
stage2,1,ppo/attempted_actor_grad_norm,110,1791520256.7120683,1.3333477973937988
stage2,1,ppo/attempted_actor_grad_norm,111,1791520283.218945,0.6346573829650879
stage2,1,ppo/attempted_actor_grad_norm,112,1791520309.625539,0.6480599641799927
stage2,1,ppo/attempted_actor_grad_norm,113,1791520336.211793,0.6919122934341431
stage2,1,ppo/attempted_actor_grad_norm,114,1791520362.3643482,0.4007053077220917
stage2,1,ppo/attempted_actor_grad_norm,115,1791520388.996696,0.5646935105323792
stage2,1,ppo/attempted_actor_grad_norm,116,1791520415.1066341,0.8114900588989258
stage2,1,ppo/attempted_actor_grad_norm,117,1791520442.1631649,1.1614820957183838
stage2,1,ppo/attempted_actor_grad_norm,118,1791520468.4334817,0.8591163754463196
stage2,1,ppo/attempted_actor_grad_norm,119,1791520495.3691618,0.6511656641960144
stage2,1,ppo/attempted_actor_grad_norm,120,1791520521.2754278,1.2391064167022705
stage1,1,ppo/attempted_critic_grad_norm,1,1791512497.799299,20.451229095458984
stage1,1,ppo/attempted_critic_grad_norm,2,1791512531.0964692,96.52925109863281
stage1,1,ppo/attempted_critic_grad_norm,3,1791512558.5201666,42.48322296142578
stage1,1,ppo/attempted_critic_grad_norm,4,1791512590.1717567,16.014734268188477
stage1,1,ppo/attempted_critic_grad_norm,5,1791512617.3706439,136.54454040527344
stage1,1,ppo/attempted_critic_grad_norm,6,1791512649.2502315,109.11644744873047
stage1,1,ppo/attempted_critic_grad_norm,7,1791512680.5407555,160.62939453125
stage1,1,ppo/attempted_critic_grad_norm,8,1791512707.47531,130.34869384765625
stage1,1,ppo/attempted_critic_grad_norm,9,1791512738.6617296,162.10519409179688
stage1,1,ppo/attempted_critic_grad_norm,10,1791512769.7884552,144.0251007080078
stage1,1,ppo/attempted_critic_grad_norm,11,1791512796.521816,153.87530517578125
stage1,1,ppo/attempted_critic_grad_norm,12,1791512823.0559485,152.12062072753906
stage1,1,ppo/attempted_critic_grad_norm,13,1791512850.148008,142.78846740722656
stage1,1,ppo/attempted_critic_grad_norm,14,1791512877.768027,159.2315216064453
stage1,1,ppo/attempted_critic_grad_norm,15,1791512904.8367345,127.04300689697266
stage1,1,ppo/attempted_critic_grad_norm,16,1791512931.6707864,153.37062072753906
stage1,1,ppo/attempted_critic_grad_norm,17,1791512958.7454524,120.38117980957031
stage1,1,ppo/attempted_critic_grad_norm,18,1791512985.4112306,151.49276733398438
stage1,1,ppo/attempted_critic_grad_norm,19,1791513012.5155237,116.07002258300781
stage1,1,ppo/attempted_critic_grad_norm,20,1791513039.167153,143.5863037109375
stage1,1,ppo/attempted_critic_grad_norm,21,1791513764.7618601,96.28207397460938
stage1,1,ppo/attempted_critic_grad_norm,22,1791513791.9842613,133.16677856445312
stage1,1,ppo/attempted_critic_grad_norm,23,1791513818.8059244,83.26919555664062
stage1,1,ppo/attempted_critic_grad_norm,24,1791513846.0518663,117.61707305908203
stage1,1,ppo/attempted_critic_grad_norm,25,1791513872.8085732,71.68867492675781
stage1,1,ppo/attempted_critic_grad_norm,26,1791513899.8343139,97.30106353759766
stage1,1,ppo/attempted_critic_grad_norm,27,1791513926.7779956,70.85917663574219
stage1,1,ppo/attempted_critic_grad_norm,28,1791513953.8317761,70.86691284179688
stage1,1,ppo/attempted_critic_grad_norm,29,1791513981.0734982,62.69690704345703
stage1,1,ppo/attempted_critic_grad_norm,30,1791514007.9168491,57.186683654785156
stage1,1,ppo/attempted_critic_grad_norm,31,1791514035.4215746,59.42387771606445
stage1,1,ppo/attempted_critic_grad_norm,32,1791514061.6093287,57.07520294189453
stage1,1,ppo/attempted_critic_grad_norm,33,1791514091.391557,43.70231246948242
stage1,1,ppo/attempted_critic_grad_norm,34,1791514117.5728488,28.347511291503906
stage1,1,ppo/attempted_critic_grad_norm,35,1791514147.2655094,39.72612380981445
stage1,1,ppo/attempted_critic_grad_norm,36,1791514173.5466676,38.133636474609375
stage1,1,ppo/attempted_critic_grad_norm,37,1791514201.291702,41.11556625366211
stage1,1,ppo/attempted_critic_grad_norm,38,1791514227.5811055,35.03375244140625
stage1,1,ppo/attempted_critic_grad_norm,39,1791514255.4807792,40.940834045410156
stage1,1,ppo/attempted_critic_grad_norm,40,1791514281.8660562,34.88976287841797
stage2,1,ppo/attempted_critic_grad_norm,41,1791516504.2878828,23.324384689331055
stage2,1,ppo/attempted_critic_grad_norm,42,1791516531.616803,16.84392738342285
stage2,1,ppo/attempted_critic_grad_norm,43,1791516557.9876084,14.717126846313477
stage2,1,ppo/attempted_critic_grad_norm,44,1791516585.0793242,31.172290802001953
stage2,1,ppo/attempted_critic_grad_norm,45,1791516611.166225,20.21257972717285
stage2,1,ppo/attempted_critic_grad_norm,46,1791516637.7090063,20.33041000366211
stage2,1,ppo/attempted_critic_grad_norm,47,1791516663.987009,83.79967498779297
stage2,1,ppo/attempted_critic_grad_norm,48,1791516691.4115436,15.549104690551758
stage2,1,ppo/attempted_critic_grad_norm,49,1791516718.573141,16.449331283569336
stage2,1,ppo/attempted_critic_grad_norm,50,1791516744.7641876,28.963207244873047
stage2,1,ppo/attempted_critic_grad_norm,51,1791516771.8315306,29.146398544311523
stage2,1,ppo/attempted_critic_grad_norm,52,1791516797.901299,28.251611709594727
stage2,1,ppo/attempted_critic_grad_norm,53,1791516824.633716,120.2072982788086
stage2,1,ppo/attempted_critic_grad_norm,54,1791516851.4136784,20.258140563964844
stage2,1,ppo/attempted_critic_grad_norm,55,1791516878.7759922,4.84956169128418
stage2,1,ppo/attempted_critic_grad_norm,56,1791516905.0583923,12.193910598754883
stage2,1,ppo/attempted_critic_grad_norm,57,1791516932.553864,17.936071395874023
stage2,1,ppo/attempted_critic_grad_norm,58,1791516958.674586,17.894657135009766
stage2,1,ppo/attempted_critic_grad_norm,59,1791516985.2743418,92.27963256835938
stage2,1,ppo/attempted_critic_grad_norm,60,1791517014.941849,20.665855407714844
stage2,1,ppo/attempted_critic_grad_norm,61,1791517041.308446,4.131882667541504
stage2,1,ppo/attempted_critic_grad_norm,62,1791517072.0921125,11.07632064819336
stage2,1,ppo/attempted_critic_grad_norm,63,1791517099.198512,20.495378494262695
stage2,1,ppo/attempted_critic_grad_norm,64,1791517128.2660623,18.395780563354492
stage2,1,ppo/attempted_critic_grad_norm,65,1791517154.306586,45.691036224365234
stage2,1,ppo/attempted_critic_grad_norm,66,1791517183.4936616,33.699790954589844
stage2,1,ppo/attempted_critic_grad_norm,67,1791517210.1291559,19.55047035217285
stage2,1,ppo/attempted_critic_grad_norm,68,1791517237.6736155,14.924887657165527
stage2,1,ppo/attempted_critic_grad_norm,69,1791517264.0022168,30.07398223876953
stage2,1,ppo/attempted_critic_grad_norm,70,1791517290.5673058,31.586772918701172
stage2,1,ppo/attempted_critic_grad_norm,71,1791517316.8355184,37.192771911621094
stage2,1,ppo/attempted_critic_grad_norm,72,1791517343.4304485,47.19544982910156
stage2,1,ppo/attempted_critic_grad_norm,73,1791517370.9001603,20.72015380859375
stage2,1,ppo/attempted_critic_grad_norm,74,1791517397.1284328,8.266225814819336
stage2,1,ppo/attempted_critic_grad_norm,75,1791517427.85361,13.54189395904541
stage2,1,ppo/attempted_critic_grad_norm,76,1791517453.8582704,29.31125259399414
stage2,1,ppo/attempted_critic_grad_norm,77,1791517481.4203765,39.92221450805664
stage2,1,ppo/attempted_critic_grad_norm,78,1791517507.3911488,85.45386505126953
stage2,1,ppo/attempted_critic_grad_norm,79,1791517533.9233942,24.227252960205078
stage2,1,ppo/attempted_critic_grad_norm,80,1791517564.2550097,8.006576538085938
stage2,1,ppo/attempted_critic_grad_norm,81,1791519479.7425637,16.729936599731445
stage2,1,ppo/attempted_critic_grad_norm,82,1791519508.2020426,35.62299346923828
stage2,1,ppo/attempted_critic_grad_norm,83,1791519534.3205185,43.54503631591797
stage2,1,ppo/attempted_critic_grad_norm,84,1791519560.9502091,97.45806884765625
stage2,1,ppo/attempted_critic_grad_norm,85,1791519587.5089452,26.647449493408203
stage2,1,ppo/attempted_critic_grad_norm,86,1791519614.2424555,8.201342582702637
stage2,1,ppo/attempted_critic_grad_norm,87,1791519640.7007923,21.02344512939453
stage2,1,ppo/attempted_critic_grad_norm,88,1791519669.3636742,50.308929443359375
stage2,1,ppo/attempted_critic_grad_norm,89,1791519698.0929542,56.678157806396484
stage2,1,ppo/attempted_critic_grad_norm,90,1791519724.1559007,165.24111938476562
stage2,1,ppo/attempted_critic_grad_norm,91,1791519751.246856,27.835124969482422
stage2,1,ppo/attempted_critic_grad_norm,92,1791519777.7941208,10.018858909606934
stage2,1,ppo/attempted_critic_grad_norm,93,1791519804.7651365,13.439903259277344
stage2,1,ppo/attempted_critic_grad_norm,94,1791519831.2635975,36.57627868652344
stage2,1,ppo/attempted_critic_grad_norm,95,1791519857.9549553,37.31472396850586
stage2,1,ppo/attempted_critic_grad_norm,96,1791519884.0720818,37.50734329223633
stage2,1,ppo/attempted_critic_grad_norm,97,1791519910.7535157,59.739017486572266
stage2,1,ppo/attempted_critic_grad_norm,98,1791519937.774465,37.094871520996094
stage2,1,ppo/attempted_critic_grad_norm,99,1791519964.53743,18.583709716796875
stage2,1,ppo/attempted_critic_grad_norm,100,1791519991.4221156,28.431705474853516
stage2,1,ppo/attempted_critic_grad_norm,101,1791520017.457368,29.653297424316406
stage2,1,ppo/attempted_critic_grad_norm,102,1791520043.8730063,26.65163803100586
stage2,1,ppo/attempted_critic_grad_norm,103,1791520069.8491662,62.38386917114258
stage2,1,ppo/attempted_critic_grad_norm,104,1791520096.7268527,33.697879791259766
stage2,1,ppo/attempted_critic_grad_norm,105,1791520122.9475625,27.57136344909668
stage2,1,ppo/attempted_critic_grad_norm,106,1791520150.844223,21.239212036132812
stage2,1,ppo/attempted_critic_grad_norm,107,1791520176.9694543,45.648582458496094
stage2,1,ppo/attempted_critic_grad_norm,108,1791520203.458993,60.43989181518555
stage2,1,ppo/attempted_critic_grad_norm,109,1791520229.678642,72.09545135498047
stage2,1,ppo/attempted_critic_grad_norm,110,1791520256.7120774,22.044757843017578
stage2,1,ppo/attempted_critic_grad_norm,111,1791520283.2191243,24.248384475708008
stage2,1,ppo/attempted_critic_grad_norm,112,1791520309.6255486,23.661155700683594
stage2,1,ppo/attempted_critic_grad_norm,113,1791520336.211802,23.18354606628418
stage2,1,ppo/attempted_critic_grad_norm,114,1791520362.3643575,27.563190460205078
stage2,1,ppo/attempted_critic_grad_norm,115,1791520388.9967048,45.390262603759766
stage2,1,ppo/attempted_critic_grad_norm,116,1791520415.1066437,20.773653030395508
stage2,1,ppo/attempted_critic_grad_norm,117,1791520442.1632953,37.72870635986328
stage2,1,ppo/attempted_critic_grad_norm,118,1791520468.433491,10.36379337310791
stage2,1,ppo/attempted_critic_grad_norm,119,1791520495.3691704,11.248247146606445
stage2,1,ppo/attempted_critic_grad_norm,120,1791520521.2754366,21.12218475341797
stage1,1,ppo/attempted_epochs,1,1791512497.7993097,4.0
stage1,1,ppo/attempted_epochs,2,1791512531.0964794,4.0
stage1,1,ppo/attempted_epochs,3,1791512558.5201771,4.0
stage1,1,ppo/attempted_epochs,4,1791512590.1718,4.0
stage1,1,ppo/attempted_epochs,5,1791512617.3706505,4.0
stage1,1,ppo/attempted_epochs,6,1791512649.2502384,4.0
stage1,1,ppo/attempted_epochs,7,1791512680.5407658,4.0
stage1,1,ppo/attempted_epochs,8,1791512707.4753165,4.0
stage1,1,ppo/attempted_epochs,9,1791512738.6620648,4.0
stage1,1,ppo/attempted_epochs,10,1791512769.7884655,4.0
stage1,1,ppo/attempted_epochs,11,1791512796.5218263,4.0
stage1,1,ppo/attempted_epochs,12,1791512823.0560822,4.0
stage1,1,ppo/attempted_epochs,13,1791512850.1480145,4.0
stage1,1,ppo/attempted_epochs,14,1791512877.7680337,4.0
stage1,1,ppo/attempted_epochs,15,1791512904.8367457,4.0
stage1,1,ppo/attempted_epochs,16,1791512931.6707966,4.0
stage1,1,ppo/attempted_epochs,17,1791512958.7454588,4.0
stage1,1,ppo/attempted_epochs,18,1791512985.4113781,4.0
stage1,1,ppo/attempted_epochs,19,1791513012.5156627,4.0
stage1,1,ppo/attempted_epochs,20,1791513039.1672683,4.0
stage1,1,ppo/attempted_epochs,21,1791513764.7618706,4.0
stage1,1,ppo/attempted_epochs,22,1791513791.9842737,4.0
stage1,1,ppo/attempted_epochs,23,1791513818.8060617,4.0
stage1,1,ppo/attempted_epochs,24,1791513846.0518773,4.0
stage1,1,ppo/attempted_epochs,25,1791513872.80858,4.0
stage1,1,ppo/attempted_epochs,26,1791513899.8343253,4.0
stage1,1,ppo/attempted_epochs,27,1791513926.778006,4.0
stage1,1,ppo/attempted_epochs,28,1791513953.8317869,4.0
stage1,1,ppo/attempted_epochs,29,1791513981.0735176,4.0
stage1,1,ppo/attempted_epochs,30,1791514007.9169881,4.0
stage1,1,ppo/attempted_epochs,31,1791514035.421585,4.0
stage1,1,ppo/attempted_epochs,32,1791514061.6093392,4.0
stage1,1,ppo/attempted_epochs,33,1791514091.391598,4.0
stage1,1,ppo/attempted_epochs,34,1791514117.5728555,4.0
stage1,1,ppo/attempted_epochs,35,1791514147.26552,4.0
stage1,1,ppo/attempted_epochs,36,1791514173.5466783,4.0
stage1,1,ppo/attempted_epochs,37,1791514201.291715,4.0
stage1,1,ppo/attempted_epochs,38,1791514227.5811124,4.0
stage1,1,ppo/attempted_epochs,39,1791514255.4808028,4.0
stage1,1,ppo/attempted_epochs,40,1791514281.8660667,4.0
stage2,1,ppo/attempted_epochs,41,1791516504.2880292,4.0
stage2,1,ppo/attempted_epochs,42,1791516531.6168137,4.0
stage2,1,ppo/attempted_epochs,43,1791516557.9878557,4.0
stage2,1,ppo/attempted_epochs,44,1791516585.0793352,4.0
stage2,1,ppo/attempted_epochs,45,1791516611.1663425,4.0
stage2,1,ppo/attempted_epochs,46,1791516637.7091618,4.0
stage2,1,ppo/attempted_epochs,47,1791516663.9870157,4.0
stage2,1,ppo/attempted_epochs,48,1791516691.4115505,4.0
stage2,1,ppo/attempted_epochs,49,1791516718.573148,4.0
stage2,1,ppo/attempted_epochs,50,1791516744.7641947,4.0
stage2,1,ppo/attempted_epochs,51,1791516771.8315375,4.0
stage2,1,ppo/attempted_epochs,52,1791516797.9013057,4.0
stage2,1,ppo/attempted_epochs,53,1791516824.633723,4.0
stage2,1,ppo/attempted_epochs,54,1791516851.4139545,4.0
stage2,1,ppo/attempted_epochs,55,1791516878.776039,4.0
stage2,1,ppo/attempted_epochs,56,1791516905.0584028,4.0
stage2,1,ppo/attempted_epochs,57,1791516932.553871,4.0
stage2,1,ppo/attempted_epochs,58,1791516958.6745965,4.0
stage2,1,ppo/attempted_epochs,59,1791516985.2743516,4.0
stage2,1,ppo/attempted_epochs,60,1791517014.9418597,4.0
stage2,1,ppo/attempted_epochs,61,1791517041.3084528,4.0
stage2,1,ppo/attempted_epochs,62,1791517072.0923207,4.0
stage2,1,ppo/attempted_epochs,63,1791517099.1985185,4.0
stage2,1,ppo/attempted_epochs,64,1791517128.266069,4.0
stage2,1,ppo/attempted_epochs,65,1791517154.306593,4.0
stage2,1,ppo/attempted_epochs,66,1791517183.4936721,4.0
stage2,1,ppo/attempted_epochs,67,1791517210.1291625,4.0
stage2,1,ppo/attempted_epochs,68,1791517237.6736221,4.0
stage2,1,ppo/attempted_epochs,69,1791517264.0022237,4.0
stage2,1,ppo/attempted_epochs,70,1791517290.5674603,4.0
stage2,1,ppo/attempted_epochs,71,1791517316.835525,4.0
stage2,1,ppo/attempted_epochs,72,1791517343.4304588,4.0
stage2,1,ppo/attempted_epochs,73,1791517370.9001772,4.0
stage2,1,ppo/attempted_epochs,74,1791517397.128452,4.0
stage2,1,ppo/attempted_epochs,75,1791517427.8536172,4.0
stage2,1,ppo/attempted_epochs,76,1791517453.8584294,4.0
stage2,1,ppo/attempted_epochs,77,1791517481.4203832,4.0
stage2,1,ppo/attempted_epochs,78,1791517507.391159,4.0
stage2,1,ppo/attempted_epochs,79,1791517533.9235988,4.0
stage2,1,ppo/attempted_epochs,80,1791517564.2550197,4.0
stage2,1,ppo/attempted_epochs,81,1791519479.7426121,4.0
stage2,1,ppo/attempted_epochs,82,1791519508.202198,4.0
stage2,1,ppo/attempted_epochs,83,1791519534.3205254,4.0
stage2,1,ppo/attempted_epochs,84,1791519560.9502165,4.0
stage2,1,ppo/attempted_epochs,85,1791519587.5089521,4.0
stage2,1,ppo/attempted_epochs,86,1791519614.2424977,4.0
stage2,1,ppo/attempted_epochs,87,1791519640.7008247,4.0
stage2,1,ppo/attempted_epochs,88,1791519669.3637056,4.0
stage2,1,ppo/attempted_epochs,89,1791519698.0929847,4.0
stage2,1,ppo/attempted_epochs,90,1791519724.1559074,4.0
stage2,1,ppo/attempted_epochs,91,1791519751.2468626,4.0
stage2,1,ppo/attempted_epochs,92,1791519777.794127,4.0
stage2,1,ppo/attempted_epochs,93,1791519804.7651427,4.0
stage2,1,ppo/attempted_epochs,94,1791519831.2636077,4.0
stage2,1,ppo/attempted_epochs,95,1791519857.9549875,4.0
stage2,1,ppo/attempted_epochs,96,1791519884.0721152,4.0
stage2,1,ppo/attempted_epochs,97,1791519910.7535481,4.0
stage2,1,ppo/attempted_epochs,98,1791519937.7745209,4.0
stage2,1,ppo/attempted_epochs,99,1791519964.5374367,4.0
stage2,1,ppo/attempted_epochs,100,1791519991.422238,4.0
stage2,1,ppo/attempted_epochs,101,1791520017.4573898,4.0
stage2,1,ppo/attempted_epochs,102,1791520043.8730133,4.0
stage2,1,ppo/attempted_epochs,103,1791520069.849173,4.0
stage2,1,ppo/attempted_epochs,104,1791520096.72686,4.0
stage2,1,ppo/attempted_epochs,105,1791520122.947578,4.0
stage2,1,ppo/attempted_epochs,106,1791520150.8442373,4.0
stage2,1,ppo/attempted_epochs,107,1791520176.9694676,4.0
stage2,1,ppo/attempted_epochs,108,1791520203.459318,4.0
stage2,1,ppo/attempted_epochs,109,1791520229.6786528,4.0
stage2,1,ppo/attempted_epochs,110,1791520256.712084,4.0
stage2,1,ppo/attempted_epochs,111,1791520283.219135,4.0
stage2,1,ppo/attempted_epochs,112,1791520309.6255555,4.0
stage2,1,ppo/attempted_epochs,113,1791520336.2118094,4.0
stage2,1,ppo/attempted_epochs,114,1791520362.3643641,4.0
stage2,1,ppo/attempted_epochs,115,1791520388.9967115,4.0
stage2,1,ppo/attempted_epochs,116,1791520415.1066508,4.0
stage2,1,ppo/attempted_epochs,117,1791520442.163306,4.0
stage2,1,ppo/attempted_epochs,118,1791520468.433498,4.0
stage2,1,ppo/attempted_epochs,119,1791520495.369177,4.0
stage2,1,ppo/attempted_epochs,120,1791520521.2754436,4.0
stage1,1,ppo/attempted_minibatches,1,1791512497.799319,16.0
stage1,1,ppo/attempted_minibatches,2,1791512531.0966277,16.0
stage1,1,ppo/attempted_minibatches,3,1791512558.5201864,16.0
stage1,1,ppo/attempted_minibatches,4,1791512590.1718698,16.0
stage1,1,ppo/attempted_minibatches,5,1791512617.3706586,16.0
stage1,1,ppo/attempted_minibatches,6,1791512649.2502468,16.0
stage1,1,ppo/attempted_minibatches,7,1791512680.5409105,16.0
stage1,1,ppo/attempted_minibatches,8,1791512707.4753242,16.0
stage1,1,ppo/attempted_minibatches,9,1791512738.6620786,16.0
stage1,1,ppo/attempted_minibatches,10,1791512769.788474,16.0
stage1,1,ppo/attempted_minibatches,11,1791512796.521835,16.0
stage1,1,ppo/attempted_minibatches,12,1791512823.0562313,16.0
stage1,1,ppo/attempted_minibatches,13,1791512850.1480224,16.0
stage1,1,ppo/attempted_minibatches,14,1791512877.7682543,16.0
stage1,1,ppo/attempted_minibatches,15,1791512904.8367553,16.0
stage1,1,ppo/attempted_minibatches,16,1791512931.6709375,16.0
stage1,1,ppo/attempted_minibatches,17,1791512958.7455754,16.0
stage1,1,ppo/attempted_minibatches,18,1791512985.4113917,16.0
stage1,1,ppo/attempted_minibatches,19,1791513012.5158012,16.0
stage1,1,ppo/attempted_minibatches,20,1791513039.167282,16.0
stage1,1,ppo/attempted_minibatches,21,1791513764.7620077,16.0
stage1,1,ppo/attempted_minibatches,22,1791513791.9844663,16.0
stage1,1,ppo/attempted_minibatches,23,1791513818.8061452,16.0
stage1,1,ppo/attempted_minibatches,24,1791513846.0518863,16.0
stage1,1,ppo/attempted_minibatches,25,1791513872.8085876,16.0
stage1,1,ppo/attempted_minibatches,26,1791513899.8343635,16.0
stage1,1,ppo/attempted_minibatches,27,1791513926.778144,16.0
stage1,1,ppo/attempted_minibatches,28,1791513953.8317957,16.0
stage1,1,ppo/attempted_minibatches,29,1791513981.0735414,16.0
stage1,1,ppo/attempted_minibatches,30,1791514007.917131,16.0
stage1,1,ppo/attempted_minibatches,31,1791514035.4215941,16.0
stage1,1,ppo/attempted_minibatches,32,1791514061.6093743,16.0
stage1,1,ppo/attempted_minibatches,33,1791514091.3917766,16.0
stage1,1,ppo/attempted_minibatches,34,1791514117.5730147,16.0
stage1,1,ppo/attempted_minibatches,35,1791514147.265691,16.0
stage1,1,ppo/attempted_minibatches,36,1791514173.5468144,16.0
stage1,1,ppo/attempted_minibatches,37,1791514201.2918692,16.0
stage1,1,ppo/attempted_minibatches,38,1791514227.5811245,16.0
stage1,1,ppo/attempted_minibatches,39,1791514255.480812,16.0
stage1,1,ppo/attempted_minibatches,40,1791514281.866079,16.0
stage2,1,ppo/attempted_minibatches,41,1791516504.288177,16.0
stage2,1,ppo/attempted_minibatches,42,1791516531.6168227,16.0
stage2,1,ppo/attempted_minibatches,43,1791516557.9878695,16.0
stage2,1,ppo/attempted_minibatches,44,1791516585.0793443,16.0
stage2,1,ppo/attempted_minibatches,45,1791516611.1663566,16.0
stage2,1,ppo/attempted_minibatches,46,1791516637.7093449,16.0
stage2,1,ppo/attempted_minibatches,47,1791516663.9870234,16.0
stage2,1,ppo/attempted_minibatches,48,1791516691.4115584,16.0
stage2,1,ppo/attempted_minibatches,49,1791516718.573156,16.0
stage2,1,ppo/attempted_minibatches,50,1791516744.7642033,16.0
stage2,1,ppo/attempted_minibatches,51,1791516771.8315454,16.0
stage2,1,ppo/attempted_minibatches,52,1791516797.9014935,16.0
stage2,1,ppo/attempted_minibatches,53,1791516824.6337314,16.0
stage2,1,ppo/attempted_minibatches,54,1791516851.4139683,16.0
stage2,1,ppo/attempted_minibatches,55,1791516878.7760684,16.0
stage2,1,ppo/attempted_minibatches,56,1791516905.0584118,16.0
stage2,1,ppo/attempted_minibatches,57,1791516932.553879,16.0
stage2,1,ppo/attempted_minibatches,58,1791516958.674704,16.0
stage2,1,ppo/attempted_minibatches,59,1791516985.2745779,16.0
stage2,1,ppo/attempted_minibatches,60,1791517014.9418688,16.0
stage2,1,ppo/attempted_minibatches,61,1791517041.3087752,16.0
stage2,1,ppo/attempted_minibatches,62,1791517072.0923345,16.0
stage2,1,ppo/attempted_minibatches,63,1791517099.198526,16.0
stage2,1,ppo/attempted_minibatches,64,1791517128.2662475,16.0
stage2,1,ppo/attempted_minibatches,65,1791517154.306601,16.0
stage2,1,ppo/attempted_minibatches,66,1791517183.4940124,16.0
stage2,1,ppo/attempted_minibatches,67,1791517210.1291707,16.0
stage2,1,ppo/attempted_minibatches,68,1791517237.6736295,16.0
stage2,1,ppo/attempted_minibatches,69,1791517264.0022311,16.0
stage2,1,ppo/attempted_minibatches,70,1791517290.5674736,16.0
stage2,1,ppo/attempted_minibatches,71,1791517316.835533,16.0
stage2,1,ppo/attempted_minibatches,72,1791517343.430468,16.0
stage2,1,ppo/attempted_minibatches,73,1791517370.9001849,16.0
stage2,1,ppo/attempted_minibatches,74,1791517397.1284597,16.0
stage2,1,ppo/attempted_minibatches,75,1791517427.853892,16.0
stage2,1,ppo/attempted_minibatches,76,1791517453.8585997,16.0
stage2,1,ppo/attempted_minibatches,77,1791517481.420391,16.0
stage2,1,ppo/attempted_minibatches,78,1791517507.3914173,16.0
stage2,1,ppo/attempted_minibatches,79,1791517533.9236128,16.0
stage2,1,ppo/attempted_minibatches,80,1791517564.2550285,16.0
stage2,1,ppo/attempted_minibatches,81,1791519479.7427835,16.0
stage2,1,ppo/attempted_minibatches,82,1791519508.2023628,16.0
stage2,1,ppo/attempted_minibatches,83,1791519534.3205335,16.0
stage2,1,ppo/attempted_minibatches,84,1791519560.950385,16.0
stage2,1,ppo/attempted_minibatches,85,1791519587.5091276,16.0
stage2,1,ppo/attempted_minibatches,86,1791519614.2427008,16.0
stage2,1,ppo/attempted_minibatches,87,1791519640.7008755,16.0
stage2,1,ppo/attempted_minibatches,88,1791519669.363756,16.0
stage2,1,ppo/attempted_minibatches,89,1791519698.0930283,16.0
stage2,1,ppo/attempted_minibatches,90,1791519724.1559153,16.0
stage2,1,ppo/attempted_minibatches,91,1791519751.2468724,16.0
stage2,1,ppo/attempted_minibatches,92,1791519777.794135,16.0
stage2,1,ppo/attempted_minibatches,93,1791519804.7651505,16.0
stage2,1,ppo/attempted_minibatches,94,1791519831.2637756,16.0
stage2,1,ppo/attempted_minibatches,95,1791519857.954995,16.0
stage2,1,ppo/attempted_minibatches,96,1791519884.0721672,16.0
stage2,1,ppo/attempted_minibatches,97,1791519910.7536047,16.0
stage2,1,ppo/attempted_minibatches,98,1791519937.7747257,16.0
stage2,1,ppo/attempted_minibatches,99,1791519964.5376008,16.0
stage2,1,ppo/attempted_minibatches,100,1791519991.4222522,16.0
stage2,1,ppo/attempted_minibatches,101,1791520017.4575496,16.0
stage2,1,ppo/attempted_minibatches,102,1791520043.8730214,16.0
stage2,1,ppo/attempted_minibatches,103,1791520069.8493168,16.0
stage2,1,ppo/attempted_minibatches,104,1791520096.726868,16.0
stage2,1,ppo/attempted_minibatches,105,1791520122.9478366,16.0
stage2,1,ppo/attempted_minibatches,106,1791520150.8443913,16.0
stage2,1,ppo/attempted_minibatches,107,1791520176.969645,16.0
stage2,1,ppo/attempted_minibatches,108,1791520203.4593325,16.0
stage2,1,ppo/attempted_minibatches,109,1791520229.6788065,16.0
stage2,1,ppo/attempted_minibatches,110,1791520256.712092,16.0
stage2,1,ppo/attempted_minibatches,111,1791520283.2193196,16.0
stage2,1,ppo/attempted_minibatches,112,1791520309.6255634,16.0
stage2,1,ppo/attempted_minibatches,113,1791520336.2118173,16.0
stage2,1,ppo/attempted_minibatches,114,1791520362.3643715,16.0
stage2,1,ppo/attempted_minibatches,115,1791520388.9967198,16.0
stage2,1,ppo/attempted_minibatches,116,1791520415.1066592,16.0
stage2,1,ppo/attempted_minibatches,117,1791520442.1634624,16.0
stage2,1,ppo/attempted_minibatches,118,1791520468.4335063,16.0
stage2,1,ppo/attempted_minibatches,119,1791520495.3692176,16.0
stage2,1,ppo/attempted_minibatches,120,1791520521.2754514,16.0
stage1,1,ppo/completed_epochs,1,1791512497.7995365,4.0
stage1,1,ppo/completed_epochs,2,1791512531.0967796,4.0
stage1,1,ppo/completed_epochs,3,1791512558.520319,4.0
stage1,1,ppo/completed_epochs,4,1791512590.1719356,4.0
stage1,1,ppo/completed_epochs,5,1791512617.3709857,4.0
stage1,1,ppo/completed_epochs,6,1791512649.250811,4.0
stage1,1,ppo/completed_epochs,7,1791512680.5410695,4.0
stage1,1,ppo/completed_epochs,8,1791512707.475477,4.0
stage1,1,ppo/completed_epochs,9,1791512738.6620855,4.0
stage1,1,ppo/completed_epochs,10,1791512769.788634,4.0
stage1,1,ppo/completed_epochs,11,1791512796.5218418,4.0
stage1,1,ppo/completed_epochs,12,1791512823.056361,4.0
stage1,1,ppo/completed_epochs,13,1791512850.1480289,4.0
stage1,1,ppo/completed_epochs,14,1791512877.768263,4.0
stage1,1,ppo/completed_epochs,15,1791512904.8367624,4.0
stage1,1,ppo/completed_epochs,16,1791512931.671083,4.0
stage1,1,ppo/completed_epochs,17,1791512958.7455897,4.0
stage1,1,ppo/completed_epochs,18,1791512985.4115472,4.0
stage1,1,ppo/completed_epochs,19,1791513012.5159621,4.0
stage1,1,ppo/completed_epochs,20,1791513039.167397,4.0
stage1,1,ppo/completed_epochs,21,1791513764.7620795,4.0
stage1,1,ppo/completed_epochs,22,1791513791.984475,4.0
stage1,1,ppo/completed_epochs,23,1791513818.806222,4.0
stage1,1,ppo/completed_epochs,24,1791513846.0518956,4.0
stage1,1,ppo/completed_epochs,25,1791513872.8085942,4.0
stage1,1,ppo/completed_epochs,26,1791513899.8344126,4.0
stage1,1,ppo/completed_epochs,27,1791513926.7783172,4.0
stage1,1,ppo/completed_epochs,28,1791513953.8318026,4.0
stage1,1,ppo/completed_epochs,29,1791513981.0736752,4.0
stage1,1,ppo/completed_epochs,30,1791514007.9172928,4.0
stage1,1,ppo/completed_epochs,31,1791514035.4217362,4.0
stage1,1,ppo/completed_epochs,32,1791514061.6094892,4.0
stage1,1,ppo/completed_epochs,33,1791514091.3918343,4.0
stage1,1,ppo/completed_epochs,34,1791514117.573028,4.0
stage1,1,ppo/completed_epochs,35,1791514147.2657046,4.0
stage1,1,ppo/completed_epochs,36,1791514173.5469465,4.0
stage1,1,ppo/completed_epochs,37,1791514201.2920146,4.0
stage1,1,ppo/completed_epochs,38,1791514227.5811315,4.0
stage1,1,ppo/completed_epochs,39,1791514255.4808195,4.0
stage1,1,ppo/completed_epochs,40,1791514281.8660862,4.0
stage2,1,ppo/completed_epochs,41,1791516504.2882965,4.0
stage2,1,ppo/completed_epochs,42,1791516531.6168296,4.0
stage2,1,ppo/completed_epochs,43,1791516557.9878767,4.0
stage2,1,ppo/completed_epochs,44,1791516585.079351,4.0
stage2,1,ppo/completed_epochs,45,1791516611.166475,4.0
stage2,1,ppo/completed_epochs,46,1791516637.709359,4.0
stage2,1,ppo/completed_epochs,47,1791516663.9870646,4.0
stage2,1,ppo/completed_epochs,48,1791516691.411713,4.0
stage2,1,ppo/completed_epochs,49,1791516718.5731628,4.0
stage2,1,ppo/completed_epochs,50,1791516744.7642105,4.0
stage2,1,ppo/completed_epochs,51,1791516771.831552,4.0
stage2,1,ppo/completed_epochs,52,1791516797.901502,4.0
stage2,1,ppo/completed_epochs,53,1791516824.6337383,4.0
stage2,1,ppo/completed_epochs,54,1791516851.4139779,4.0
stage2,1,ppo/completed_epochs,55,1791516878.7761128,4.0
stage2,1,ppo/completed_epochs,56,1791516905.0584188,4.0
stage2,1,ppo/completed_epochs,57,1791516932.5538862,4.0
stage2,1,ppo/completed_epochs,58,1791516958.6747181,4.0
stage2,1,ppo/completed_epochs,59,1791516985.274812,4.0
stage2,1,ppo/completed_epochs,60,1791517014.9418757,4.0
stage2,1,ppo/completed_epochs,61,1791517041.3087893,4.0
stage2,1,ppo/completed_epochs,62,1791517072.0924957,4.0
stage2,1,ppo/completed_epochs,63,1791517099.198533,4.0
stage2,1,ppo/completed_epochs,64,1791517128.2664316,4.0
stage2,1,ppo/completed_epochs,65,1791517154.3066077,4.0
stage2,1,ppo/completed_epochs,66,1791517183.494022,4.0
stage2,1,ppo/completed_epochs,67,1791517210.1292596,4.0
stage2,1,ppo/completed_epochs,68,1791517237.6736364,4.0
stage2,1,ppo/completed_epochs,69,1791517264.0022378,4.0
stage2,1,ppo/completed_epochs,70,1791517290.5675058,4.0
stage2,1,ppo/completed_epochs,71,1791517316.835693,4.0
stage2,1,ppo/completed_epochs,72,1791517343.430475,4.0
stage2,1,ppo/completed_epochs,73,1791517370.9001915,4.0
stage2,1,ppo/completed_epochs,74,1791517397.1284666,4.0
stage2,1,ppo/completed_epochs,75,1791517427.8539062,4.0
stage2,1,ppo/completed_epochs,76,1791517453.8588955,4.0
stage2,1,ppo/completed_epochs,77,1791517481.4203978,4.0
stage2,1,ppo/completed_epochs,78,1791517507.3914256,4.0
stage2,1,ppo/completed_epochs,79,1791517533.92362,4.0
stage2,1,ppo/completed_epochs,80,1791517564.2550354,4.0
stage2,1,ppo/completed_epochs,81,1791519479.7428567,4.0
stage2,1,ppo/completed_epochs,82,1791519508.2025175,4.0
stage2,1,ppo/completed_epochs,83,1791519534.3205407,4.0
stage2,1,ppo/completed_epochs,84,1791519560.9505653,4.0
stage2,1,ppo/completed_epochs,85,1791519587.5092945,4.0
stage2,1,ppo/completed_epochs,86,1791519614.2427597,4.0
stage2,1,ppo/completed_epochs,87,1791519640.7009199,4.0
stage2,1,ppo/completed_epochs,88,1791519669.3638017,4.0
stage2,1,ppo/completed_epochs,89,1791519698.0930703,4.0
stage2,1,ppo/completed_epochs,90,1791519724.155922,4.0
stage2,1,ppo/completed_epochs,91,1791519751.2468796,4.0
stage2,1,ppo/completed_epochs,92,1791519777.794142,4.0
stage2,1,ppo/completed_epochs,93,1791519804.7651577,4.0
stage2,1,ppo/completed_epochs,94,1791519831.263935,4.0
stage2,1,ppo/completed_epochs,95,1791519857.9550018,4.0
stage2,1,ppo/completed_epochs,96,1791519884.072212,4.0
stage2,1,ppo/completed_epochs,97,1791519910.7536502,4.0
stage2,1,ppo/completed_epochs,98,1791519937.774754,4.0
stage2,1,ppo/completed_epochs,99,1791519964.5377645,4.0
stage2,1,ppo/completed_epochs,100,1791519991.4224138,4.0
stage2,1,ppo/completed_epochs,101,1791520017.4578223,4.0
stage2,1,ppo/completed_epochs,102,1791520043.8730285,4.0
stage2,1,ppo/completed_epochs,103,1791520069.8493273,4.0
stage2,1,ppo/completed_epochs,104,1791520096.726875,4.0
stage2,1,ppo/completed_epochs,105,1791520122.9478507,4.0
stage2,1,ppo/completed_epochs,106,1791520150.8445737,4.0
stage2,1,ppo/completed_epochs,107,1791520176.969812,4.0
stage2,1,ppo/completed_epochs,108,1791520203.4593403,4.0
stage2,1,ppo/completed_epochs,109,1791520229.6789563,4.0
stage2,1,ppo/completed_epochs,110,1791520256.7120988,4.0
stage2,1,ppo/completed_epochs,111,1791520283.2194686,4.0
stage2,1,ppo/completed_epochs,112,1791520309.6255746,4.0
stage2,1,ppo/completed_epochs,113,1791520336.211824,4.0
stage2,1,ppo/completed_epochs,114,1791520362.3643785,4.0
stage2,1,ppo/completed_epochs,115,1791520388.9967847,4.0
stage2,1,ppo/completed_epochs,116,1791520415.1069086,4.0
stage2,1,ppo/completed_epochs,117,1791520442.1634765,4.0
stage2,1,ppo/completed_epochs,118,1791520468.4335134,4.0
stage2,1,ppo/completed_epochs,119,1791520495.3692548,4.0
stage2,1,ppo/completed_epochs,120,1791520521.2754583,4.0
stage1,1,ppo/completed_minibatches,1,1791512497.7995453,16.0
stage1,1,ppo/completed_minibatches,2,1791512531.0967844,16.0
stage1,1,ppo/completed_minibatches,3,1791512558.5204663,16.0
stage1,1,ppo/completed_minibatches,4,1791512590.1719663,16.0
stage1,1,ppo/completed_minibatches,5,1791512617.3709905,16.0
stage1,1,ppo/completed_minibatches,6,1791512649.2508197,16.0
stage1,1,ppo/completed_minibatches,7,1791512680.5412152,16.0
stage1,1,ppo/completed_minibatches,8,1791512707.4754858,16.0
stage1,1,ppo/completed_minibatches,9,1791512738.6620889,16.0
stage1,1,ppo/completed_minibatches,10,1791512769.7887805,16.0
stage1,1,ppo/completed_minibatches,11,1791512796.521845,16.0
stage1,1,ppo/completed_minibatches,12,1791512823.05637,16.0
stage1,1,ppo/completed_minibatches,13,1791512850.148302,16.0
stage1,1,ppo/completed_minibatches,14,1791512877.7682667,16.0
stage1,1,ppo/completed_minibatches,15,1791512904.8367658,16.0
stage1,1,ppo/completed_minibatches,16,1791512931.6712308,16.0
stage1,1,ppo/completed_minibatches,17,1791512958.7457411,16.0
stage1,1,ppo/completed_minibatches,18,1791512985.4117837,16.0
stage1,1,ppo/completed_minibatches,19,1791513012.5159712,16.0
stage1,1,ppo/completed_minibatches,20,1791513039.1674058,16.0
stage1,1,ppo/completed_minibatches,21,1791513764.7621107,16.0
stage1,1,ppo/completed_minibatches,22,1791513791.9844785,16.0
stage1,1,ppo/completed_minibatches,23,1791513818.8062546,16.0
stage1,1,ppo/completed_minibatches,24,1791513846.051899,16.0
stage1,1,ppo/completed_minibatches,25,1791513872.8085992,16.0
stage1,1,ppo/completed_minibatches,26,1791513899.834431,16.0
stage1,1,ppo/completed_minibatches,27,1791513926.7784448,16.0
stage1,1,ppo/completed_minibatches,28,1791513953.8318317,16.0
stage1,1,ppo/completed_minibatches,29,1791513981.0736904,16.0
stage1,1,ppo/completed_minibatches,30,1791514007.9173021,16.0
stage1,1,ppo/completed_minibatches,31,1791514035.4217408,16.0
stage1,1,ppo/completed_minibatches,32,1791514061.6094937,16.0
stage1,1,ppo/completed_minibatches,33,1791514091.3918636,16.0
stage1,1,ppo/completed_minibatches,34,1791514117.573032,16.0
stage1,1,ppo/completed_minibatches,35,1791514147.2657087,16.0
stage1,1,ppo/completed_minibatches,36,1791514173.5469556,16.0
stage1,1,ppo/completed_minibatches,37,1791514201.2921283,16.0
stage1,1,ppo/completed_minibatches,38,1791514227.5811348,16.0
stage1,1,ppo/completed_minibatches,39,1791514255.4808228,16.0
stage1,1,ppo/completed_minibatches,40,1791514281.8660896,16.0
stage2,1,ppo/completed_minibatches,41,1791516504.2883055,16.0
stage2,1,ppo/completed_minibatches,42,1791516531.616833,16.0
stage2,1,ppo/completed_minibatches,43,1791516557.9880166,16.0
stage2,1,ppo/completed_minibatches,44,1791516585.079354,16.0
stage2,1,ppo/completed_minibatches,45,1791516611.166484,16.0
stage2,1,ppo/completed_minibatches,46,1791516637.7095094,16.0
stage2,1,ppo/completed_minibatches,47,1791516663.9870684,16.0
stage2,1,ppo/completed_minibatches,48,1791516691.4117217,16.0
stage2,1,ppo/completed_minibatches,49,1791516718.5731661,16.0
stage2,1,ppo/completed_minibatches,50,1791516744.7644327,16.0
stage2,1,ppo/completed_minibatches,51,1791516771.8315554,16.0
stage2,1,ppo/completed_minibatches,52,1791516797.9015052,16.0
stage2,1,ppo/completed_minibatches,53,1791516824.6338995,16.0
stage2,1,ppo/completed_minibatches,54,1791516851.4139812,16.0
stage2,1,ppo/completed_minibatches,55,1791516878.7761352,16.0
stage2,1,ppo/completed_minibatches,56,1791516905.058422,16.0
stage2,1,ppo/completed_minibatches,57,1791516932.5538895,16.0
stage2,1,ppo/completed_minibatches,58,1791516958.6748948,16.0
stage2,1,ppo/completed_minibatches,59,1791516985.274817,16.0
stage2,1,ppo/completed_minibatches,60,1791517014.9418793,16.0
stage2,1,ppo/completed_minibatches,61,1791517041.308793,16.0
stage2,1,ppo/completed_minibatches,62,1791517072.092683,16.0
stage2,1,ppo/completed_minibatches,63,1791517099.1985362,16.0
stage2,1,ppo/completed_minibatches,64,1791517128.266587,16.0
stage2,1,ppo/completed_minibatches,65,1791517154.306611,16.0
stage2,1,ppo/completed_minibatches,66,1791517183.4940255,16.0
stage2,1,ppo/completed_minibatches,67,1791517210.1294928,16.0
stage2,1,ppo/completed_minibatches,68,1791517237.6737802,16.0
stage2,1,ppo/completed_minibatches,69,1791517264.0022645,16.0
stage2,1,ppo/completed_minibatches,70,1791517290.567532,16.0
stage2,1,ppo/completed_minibatches,71,1791517316.8357015,16.0
stage2,1,ppo/completed_minibatches,72,1791517343.4304783,16.0
stage2,1,ppo/completed_minibatches,73,1791517370.900195,16.0
stage2,1,ppo/completed_minibatches,74,1791517397.1284702,16.0
stage2,1,ppo/completed_minibatches,75,1791517427.85391,16.0
stage2,1,ppo/completed_minibatches,76,1791517453.8589046,16.0
stage2,1,ppo/completed_minibatches,77,1791517481.420522,16.0
stage2,1,ppo/completed_minibatches,78,1791517507.3914287,16.0
stage2,1,ppo/completed_minibatches,79,1791517533.9236233,16.0
stage2,1,ppo/completed_minibatches,80,1791517564.2551754,16.0
stage2,1,ppo/completed_minibatches,81,1791519479.74289,16.0
stage2,1,ppo/completed_minibatches,82,1791519508.202527,16.0
stage2,1,ppo/completed_minibatches,83,1791519534.320544,16.0
stage2,1,ppo/completed_minibatches,84,1791519560.9505749,16.0
stage2,1,ppo/completed_minibatches,85,1791519587.5092998,16.0
stage2,1,ppo/completed_minibatches,86,1791519614.2428842,16.0
stage2,1,ppo/completed_minibatches,87,1791519640.7009392,16.0
stage2,1,ppo/completed_minibatches,88,1791519669.3638215,16.0
stage2,1,ppo/completed_minibatches,89,1791519698.0930893,16.0
stage2,1,ppo/completed_minibatches,90,1791519724.1559267,16.0
stage2,1,ppo/completed_minibatches,91,1791519751.247111,16.0
stage2,1,ppo/completed_minibatches,92,1791519777.794145,16.0
stage2,1,ppo/completed_minibatches,93,1791519804.765161,16.0
stage2,1,ppo/completed_minibatches,94,1791519831.264118,16.0
stage2,1,ppo/completed_minibatches,95,1791519857.955005,16.0
stage2,1,ppo/completed_minibatches,96,1791519884.072232,16.0
stage2,1,ppo/completed_minibatches,97,1791519910.753675,16.0
stage2,1,ppo/completed_minibatches,98,1791519937.7747655,16.0
stage2,1,ppo/completed_minibatches,99,1791519964.5378923,16.0
stage2,1,ppo/completed_minibatches,100,1791519991.4225366,16.0
stage2,1,ppo/completed_minibatches,101,1791520017.457827,16.0
stage2,1,ppo/completed_minibatches,102,1791520043.8730319,16.0
stage2,1,ppo/completed_minibatches,103,1791520069.849337,16.0
stage2,1,ppo/completed_minibatches,104,1791520096.7270358,16.0
stage2,1,ppo/completed_minibatches,105,1791520122.9478548,16.0
stage2,1,ppo/completed_minibatches,106,1791520150.8445787,16.0
stage2,1,ppo/completed_minibatches,107,1791520176.969821,16.0
stage2,1,ppo/completed_minibatches,108,1791520203.459344,16.0
stage2,1,ppo/completed_minibatches,109,1791520229.6790273,16.0
stage2,1,ppo/completed_minibatches,110,1791520256.7121022,16.0
stage2,1,ppo/completed_minibatches,111,1791520283.2194772,16.0
stage2,1,ppo/completed_minibatches,112,1791520309.625578,16.0
stage2,1,ppo/completed_minibatches,113,1791520336.2118273,16.0
stage2,1,ppo/completed_minibatches,114,1791520362.3643818,16.0
stage2,1,ppo/completed_minibatches,115,1791520388.9967887,16.0
stage2,1,ppo/completed_minibatches,116,1791520415.1069176,16.0
stage2,1,ppo/completed_minibatches,117,1791520442.1634805,16.0
stage2,1,ppo/completed_minibatches,118,1791520468.433517,16.0
stage2,1,ppo/completed_minibatches,119,1791520495.3692722,16.0
stage2,1,ppo/completed_minibatches,120,1791520521.275495,16.0
stage1,1,ppo/critic_grad_norm,1,1791512497.7989242,20.451229095458984
stage1,1,ppo/critic_grad_norm,2,1791512531.0961685,96.52925109863281
stage1,1,ppo/critic_grad_norm,3,1791512558.5197866,42.48322296142578
stage1,1,ppo/critic_grad_norm,4,1791512590.171614,16.014734268188477
stage1,1,ppo/critic_grad_norm,5,1791512617.370384,136.54454040527344
stage1,1,ppo/critic_grad_norm,6,1791512649.2499845,109.11644744873047
stage1,1,ppo/critic_grad_norm,7,1791512680.5403714,160.62939453125
stage1,1,ppo/critic_grad_norm,8,1791512707.4750366,130.34869384765625
stage1,1,ppo/critic_grad_norm,9,1791512738.6615744,162.10519409179688
stage1,1,ppo/critic_grad_norm,10,1791512769.7880876,144.0251007080078
stage1,1,ppo/critic_grad_norm,11,1791512796.5214417,153.87530517578125
stage1,1,ppo/critic_grad_norm,12,1791512823.055793,152.12062072753906
stage1,1,ppo/critic_grad_norm,13,1791512850.1477337,142.78846740722656
stage1,1,ppo/critic_grad_norm,14,1791512877.7678452,159.2315216064453
stage1,1,ppo/critic_grad_norm,15,1791512904.8361933,127.04300689697266
stage1,1,ppo/critic_grad_norm,16,1791512931.6704822,153.37062072753906
stage1,1,ppo/critic_grad_norm,17,1791512958.7452123,120.38117980957031
stage1,1,ppo/critic_grad_norm,18,1791512985.4110477,151.49276733398438
stage1,1,ppo/critic_grad_norm,19,1791513012.5153499,116.07002258300781
stage1,1,ppo/critic_grad_norm,20,1791513039.166975,143.5863037109375
stage1,1,ppo/critic_grad_norm,21,1791513764.7614377,96.28207397460938
stage1,1,ppo/critic_grad_norm,22,1791513791.9839463,133.16677856445312
stage1,1,ppo/critic_grad_norm,23,1791513818.8057647,83.26919555664062
stage1,1,ppo/critic_grad_norm,24,1791513846.0512402,117.61707305908203
stage1,1,ppo/critic_grad_norm,25,1791513872.8083184,71.68867492675781
stage1,1,ppo/critic_grad_norm,26,1791513899.83264,97.30106353759766
stage1,1,ppo/critic_grad_norm,27,1791513926.7777064,70.85917663574219
stage1,1,ppo/critic_grad_norm,28,1791513953.831529,70.86691284179688
stage1,1,ppo/critic_grad_norm,29,1791513981.073116,62.69690704345703
stage1,1,ppo/critic_grad_norm,30,1791514007.9166932,57.186683654785156
stage1,1,ppo/critic_grad_norm,31,1791514035.4213667,59.42387771606445
stage1,1,ppo/critic_grad_norm,32,1791514061.6090903,57.07520294189453
stage1,1,ppo/critic_grad_norm,33,1791514091.391334,43.70231246948242
stage1,1,ppo/critic_grad_norm,34,1791514117.572677,28.347511291503906
stage1,1,ppo/critic_grad_norm,35,1791514147.2652361,39.72612380981445
stage1,1,ppo/critic_grad_norm,36,1791514173.5463712,38.133636474609375
stage1,1,ppo/critic_grad_norm,37,1791514201.2914352,41.11556625366211
stage1,1,ppo/critic_grad_norm,38,1791514227.5808558,35.03375244140625
stage1,1,ppo/critic_grad_norm,39,1791514255.4803026,40.940834045410156
stage1,1,ppo/critic_grad_norm,40,1791514281.865578,34.88976287841797
stage2,1,ppo/critic_grad_norm,41,1791516504.281529,23.324384689331055
stage2,1,ppo/critic_grad_norm,42,1791516531.61629,16.84392738342285
stage2,1,ppo/critic_grad_norm,43,1791516557.987418,14.717126846313477
stage2,1,ppo/critic_grad_norm,44,1791516585.0788474,31.172290802001953
stage2,1,ppo/critic_grad_norm,45,1791516611.1660569,20.21257972717285
stage2,1,ppo/critic_grad_norm,46,1791516637.7088091,20.33041000366211
stage2,1,ppo/critic_grad_norm,47,1791516663.9868355,83.79967498779297
stage2,1,ppo/critic_grad_norm,48,1791516691.411377,15.549104690551758
stage2,1,ppo/critic_grad_norm,49,1791516718.572879,16.449331283569336
stage2,1,ppo/critic_grad_norm,50,1791516744.7639828,28.963207244873047
stage2,1,ppo/critic_grad_norm,51,1791516771.8313382,29.146398544311523
stage2,1,ppo/critic_grad_norm,52,1791516797.9011295,28.251611709594727
stage2,1,ppo/critic_grad_norm,53,1791516824.6335409,120.2072982788086
stage2,1,ppo/critic_grad_norm,54,1791516851.413524,20.258140563964844
stage2,1,ppo/critic_grad_norm,55,1791516878.7758665,4.84956169128418
stage2,1,ppo/critic_grad_norm,56,1791516905.0582135,12.193910598754883
stage2,1,ppo/critic_grad_norm,57,1791516932.5535834,17.936071395874023
stage2,1,ppo/critic_grad_norm,58,1791516958.674383,17.894657135009766
stage2,1,ppo/critic_grad_norm,59,1791516985.274149,92.27963256835938
stage2,1,ppo/critic_grad_norm,60,1791517014.9414232,20.665855407714844
stage2,1,ppo/critic_grad_norm,61,1791517041.308233,4.131882667541504
stage2,1,ppo/critic_grad_norm,62,1791517072.091927,11.07632064819336
stage2,1,ppo/critic_grad_norm,63,1791517099.1981993,20.495378494262695
stage2,1,ppo/critic_grad_norm,64,1791517128.2658646,18.395780563354492
stage2,1,ppo/critic_grad_norm,65,1791517154.3062456,45.691036224365234
stage2,1,ppo/critic_grad_norm,66,1791517183.4933472,33.699790954589844
stage2,1,ppo/critic_grad_norm,67,1791517210.128897,19.55047035217285
stage2,1,ppo/critic_grad_norm,68,1791517237.6734164,14.924887657165527
stage2,1,ppo/critic_grad_norm,69,1791517264.0020518,30.07398223876953
stage2,1,ppo/critic_grad_norm,70,1791517290.567067,31.586772918701172
stage2,1,ppo/critic_grad_norm,71,1791517316.8353558,37.192771911621094
stage2,1,ppo/critic_grad_norm,72,1791517343.430253,47.19544982910156
stage2,1,ppo/critic_grad_norm,73,1791517370.899861,20.72015380859375
stage2,1,ppo/critic_grad_norm,74,1791517397.128131,8.266225814819336
stage2,1,ppo/critic_grad_norm,75,1791517427.8534412,13.54189395904541
stage2,1,ppo/critic_grad_norm,76,1791517453.8581128,29.31125259399414
stage2,1,ppo/critic_grad_norm,77,1791517481.420068,39.92221450805664
stage2,1,ppo/critic_grad_norm,78,1791517507.3908672,85.45386505126953
stage2,1,ppo/critic_grad_norm,79,1791517533.9232285,24.227252960205078
stage2,1,ppo/critic_grad_norm,80,1791517564.2546406,8.006576538085938
stage2,1,ppo/critic_grad_norm,81,1791519479.7422678,16.729936599731445
stage2,1,ppo/critic_grad_norm,82,1791519508.2018764,35.62299346923828
stage2,1,ppo/critic_grad_norm,83,1791519534.3201249,43.54503631591797
stage2,1,ppo/critic_grad_norm,84,1791519560.9500115,97.45806884765625
stage2,1,ppo/critic_grad_norm,85,1791519587.5087469,26.647449493408203
stage2,1,ppo/critic_grad_norm,86,1791519614.2423234,8.201342582702637
stage2,1,ppo/critic_grad_norm,87,1791519640.700689,21.02344512939453
stage2,1,ppo/critic_grad_norm,88,1791519669.3635662,50.308929443359375
stage2,1,ppo/critic_grad_norm,89,1791519698.0928547,56.678157806396484
stage2,1,ppo/critic_grad_norm,90,1791519724.155621,165.24111938476562
stage2,1,ppo/critic_grad_norm,91,1791519751.2466712,27.835124969482422
stage2,1,ppo/critic_grad_norm,92,1791519777.7938626,10.018858909606934
stage2,1,ppo/critic_grad_norm,93,1791519804.7648242,13.439903259277344
stage2,1,ppo/critic_grad_norm,94,1791519831.2632565,36.57627868652344
stage2,1,ppo/critic_grad_norm,95,1791519857.9546885,37.31472396850586
stage2,1,ppo/critic_grad_norm,96,1791519884.0719762,37.50734329223633
stage2,1,ppo/critic_grad_norm,97,1791519910.7534084,59.739017486572266
stage2,1,ppo/critic_grad_norm,98,1791519937.7742183,37.094871520996094
stage2,1,ppo/critic_grad_norm,99,1791519964.537239,18.583709716796875
stage2,1,ppo/critic_grad_norm,100,1791519991.4219444,28.431705474853516
stage2,1,ppo/critic_grad_norm,101,1791520017.457008,29.653297424316406
stage2,1,ppo/critic_grad_norm,102,1791520043.8726134,26.65163803100586
stage2,1,ppo/critic_grad_norm,103,1791520069.848984,62.38386917114258
stage2,1,ppo/critic_grad_norm,104,1791520096.7265658,33.697879791259766
stage2,1,ppo/critic_grad_norm,105,1791520122.947358,27.57136344909668
stage2,1,ppo/critic_grad_norm,106,1791520150.843987,21.239212036132812
stage2,1,ppo/critic_grad_norm,107,1791520176.9692557,45.648582458496094
stage2,1,ppo/critic_grad_norm,108,1791520203.4587996,60.43989181518555
stage2,1,ppo/critic_grad_norm,109,1791520229.678443,72.09545135498047
stage2,1,ppo/critic_grad_norm,110,1791520256.71178,22.044757843017578
stage2,1,ppo/critic_grad_norm,111,1791520283.2188604,24.248384475708008
stage2,1,ppo/critic_grad_norm,112,1791520309.6252396,23.661155700683594
stage2,1,ppo/critic_grad_norm,113,1791520336.2115846,23.18354606628418
stage2,1,ppo/critic_grad_norm,114,1791520362.3640456,27.563190460205078
stage2,1,ppo/critic_grad_norm,115,1791520388.9965427,45.390262603759766
stage2,1,ppo/critic_grad_norm,116,1791520415.106434,20.773653030395508
stage2,1,ppo/critic_grad_norm,117,1791520442.162988,37.72870635986328
stage2,1,ppo/critic_grad_norm,118,1791520468.433248,10.36379337310791
stage2,1,ppo/critic_grad_norm,119,1791520495.369027,11.248247146606445
stage2,1,ppo/critic_grad_norm,120,1791520521.2751875,21.12218475341797
stage1,1,ppo/critic_grad_norm_preclip,1,1791512497.7989385,20.451229095458984
stage1,1,ppo/critic_grad_norm_preclip,2,1791512531.0961828,96.52925109863281
stage1,1,ppo/critic_grad_norm_preclip,3,1791512558.5198007,42.48322296142578
stage1,1,ppo/critic_grad_norm_preclip,4,1791512590.1716278,16.014734268188477
stage1,1,ppo/critic_grad_norm_preclip,5,1791512617.3703985,136.54454040527344
stage1,1,ppo/critic_grad_norm_preclip,6,1791512649.2499995,109.11644744873047
stage1,1,ppo/critic_grad_norm_preclip,7,1791512680.5403852,160.62939453125
stage1,1,ppo/critic_grad_norm_preclip,8,1791512707.4750507,130.34869384765625
stage1,1,ppo/critic_grad_norm_preclip,9,1791512738.6615882,162.10519409179688
stage1,1,ppo/critic_grad_norm_preclip,10,1791512769.7881014,144.0251007080078
stage1,1,ppo/critic_grad_norm_preclip,11,1791512796.521455,153.87530517578125
stage1,1,ppo/critic_grad_norm_preclip,12,1791512823.055807,152.12062072753906
stage1,1,ppo/critic_grad_norm_preclip,13,1791512850.1477644,142.78846740722656
stage1,1,ppo/critic_grad_norm_preclip,14,1791512877.7678595,159.2315216064453
stage1,1,ppo/critic_grad_norm_preclip,15,1791512904.8362072,127.04300689697266
stage1,1,ppo/critic_grad_norm_preclip,16,1791512931.6704962,153.37062072753906
stage1,1,ppo/critic_grad_norm_preclip,17,1791512958.7452261,120.38117980957031
stage1,1,ppo/critic_grad_norm_preclip,18,1791512985.4110827,151.49276733398438
stage1,1,ppo/critic_grad_norm_preclip,19,1791513012.5153832,116.07002258300781
stage1,1,ppo/critic_grad_norm_preclip,20,1791513039.1670098,143.5863037109375
stage1,1,ppo/critic_grad_norm_preclip,21,1791513764.7614512,96.28207397460938
stage1,1,ppo/critic_grad_norm_preclip,22,1791513791.9839609,133.16677856445312
stage1,1,ppo/critic_grad_norm_preclip,23,1791513818.8057785,83.26919555664062
stage1,1,ppo/critic_grad_norm_preclip,24,1791513846.051255,117.61707305908203
stage1,1,ppo/critic_grad_norm_preclip,25,1791513872.8083324,71.68867492675781
stage1,1,ppo/critic_grad_norm_preclip,26,1791513899.8326657,97.30106353759766
stage1,1,ppo/critic_grad_norm_preclip,27,1791513926.7777226,70.85917663574219
stage1,1,ppo/critic_grad_norm_preclip,28,1791513953.8315425,70.86691284179688
stage1,1,ppo/critic_grad_norm_preclip,29,1791513981.0731595,62.69690704345703
stage1,1,ppo/critic_grad_norm_preclip,30,1791514007.9167085,57.186683654785156
stage1,1,ppo/critic_grad_norm_preclip,31,1791514035.4213808,59.42387771606445
stage1,1,ppo/critic_grad_norm_preclip,32,1791514061.6091046,57.07520294189453
stage1,1,ppo/critic_grad_norm_preclip,33,1791514091.391348,43.70231246948242
stage1,1,ppo/critic_grad_norm_preclip,34,1791514117.572692,28.347511291503906
stage1,1,ppo/critic_grad_norm_preclip,35,1791514147.26525,39.72612380981445
stage1,1,ppo/critic_grad_norm_preclip,36,1791514173.546385,38.133636474609375
stage1,1,ppo/critic_grad_norm_preclip,37,1791514201.2914498,41.11556625366211
stage1,1,ppo/critic_grad_norm_preclip,38,1791514227.5808706,35.03375244140625
stage1,1,ppo/critic_grad_norm_preclip,39,1791514255.480317,40.940834045410156
stage1,1,ppo/critic_grad_norm_preclip,40,1791514281.8655934,34.88976287841797
stage2,1,ppo/critic_grad_norm_preclip,41,1791516504.2815492,23.324384689331055
stage2,1,ppo/critic_grad_norm_preclip,42,1791516531.6163046,16.84392738342285
stage2,1,ppo/critic_grad_norm_preclip,43,1791516557.987432,14.717126846313477
stage2,1,ppo/critic_grad_norm_preclip,44,1791516585.0788612,31.172290802001953
stage2,1,ppo/critic_grad_norm_preclip,45,1791516611.1660717,20.21257972717285
stage2,1,ppo/critic_grad_norm_preclip,46,1791516637.7088475,20.33041000366211
stage2,1,ppo/critic_grad_norm_preclip,47,1791516663.98685,83.79967498779297
stage2,1,ppo/critic_grad_norm_preclip,48,1791516691.4113922,15.549104690551758
stage2,1,ppo/critic_grad_norm_preclip,49,1791516718.5728939,16.449331283569336
stage2,1,ppo/critic_grad_norm_preclip,50,1791516744.7640054,28.963207244873047
stage2,1,ppo/critic_grad_norm_preclip,51,1791516771.831353,29.146398544311523
stage2,1,ppo/critic_grad_norm_preclip,52,1791516797.9011471,28.251611709594727
stage2,1,ppo/critic_grad_norm_preclip,53,1791516824.6335554,120.2072982788086
stage2,1,ppo/critic_grad_norm_preclip,54,1791516851.4135385,20.258140563964844
stage2,1,ppo/critic_grad_norm_preclip,55,1791516878.7758849,4.84956169128418
stage2,1,ppo/critic_grad_norm_preclip,56,1791516905.058228,12.193910598754883
stage2,1,ppo/critic_grad_norm_preclip,57,1791516932.5535977,17.936071395874023
stage2,1,ppo/critic_grad_norm_preclip,58,1791516958.6743975,17.894657135009766
stage2,1,ppo/critic_grad_norm_preclip,59,1791516985.274163,92.27963256835938
stage2,1,ppo/critic_grad_norm_preclip,60,1791517014.9414375,20.665855407714844
stage2,1,ppo/critic_grad_norm_preclip,61,1791517041.3082478,4.131882667541504
stage2,1,ppo/critic_grad_norm_preclip,62,1791517072.0919597,11.07632064819336
stage2,1,ppo/critic_grad_norm_preclip,63,1791517099.1982312,20.495378494262695
stage2,1,ppo/critic_grad_norm_preclip,64,1791517128.2658792,18.395780563354492
stage2,1,ppo/critic_grad_norm_preclip,65,1791517154.30626,45.691036224365234
stage2,1,ppo/critic_grad_norm_preclip,66,1791517183.4933615,33.699790954589844
stage2,1,ppo/critic_grad_norm_preclip,67,1791517210.1289117,19.55047035217285
stage2,1,ppo/critic_grad_norm_preclip,68,1791517237.673437,14.924887657165527
stage2,1,ppo/critic_grad_norm_preclip,69,1791517264.0020661,30.07398223876953
stage2,1,ppo/critic_grad_norm_preclip,70,1791517290.567087,31.586772918701172
stage2,1,ppo/critic_grad_norm_preclip,71,1791517316.8353689,37.192771911621094
stage2,1,ppo/critic_grad_norm_preclip,72,1791517343.4302676,47.19544982910156
stage2,1,ppo/critic_grad_norm_preclip,73,1791517370.8998752,20.72015380859375
stage2,1,ppo/critic_grad_norm_preclip,74,1791517397.1281521,8.266225814819336
stage2,1,ppo/critic_grad_norm_preclip,75,1791517427.8534553,13.54189395904541
stage2,1,ppo/critic_grad_norm_preclip,76,1791517453.8581276,29.31125259399414
stage2,1,ppo/critic_grad_norm_preclip,77,1791517481.420082,39.92221450805664
stage2,1,ppo/critic_grad_norm_preclip,78,1791517507.3908813,85.45386505126953
stage2,1,ppo/critic_grad_norm_preclip,79,1791517533.923242,24.227252960205078
stage2,1,ppo/critic_grad_norm_preclip,80,1791517564.2546544,8.006576538085938
stage2,1,ppo/critic_grad_norm_preclip,81,1791519479.742283,16.729936599731445
stage2,1,ppo/critic_grad_norm_preclip,82,1791519508.2018907,35.62299346923828
stage2,1,ppo/critic_grad_norm_preclip,83,1791519534.32014,43.54503631591797
stage2,1,ppo/critic_grad_norm_preclip,84,1791519560.9500256,97.45806884765625
stage2,1,ppo/critic_grad_norm_preclip,85,1791519587.5087612,26.647449493408203
stage2,1,ppo/critic_grad_norm_preclip,86,1791519614.2423375,8.201342582702637
stage2,1,ppo/critic_grad_norm_preclip,87,1791519640.7007034,21.02344512939453
stage2,1,ppo/critic_grad_norm_preclip,88,1791519669.3635845,50.308929443359375
stage2,1,ppo/critic_grad_norm_preclip,89,1791519698.0928688,56.678157806396484
stage2,1,ppo/critic_grad_norm_preclip,90,1791519724.1556356,165.24111938476562
stage2,1,ppo/critic_grad_norm_preclip,91,1791519751.2466853,27.835124969482422
stage2,1,ppo/critic_grad_norm_preclip,92,1791519777.7938764,10.018858909606934
stage2,1,ppo/critic_grad_norm_preclip,93,1791519804.7648442,13.439903259277344
stage2,1,ppo/critic_grad_norm_preclip,94,1791519831.2632706,36.57627868652344
stage2,1,ppo/critic_grad_norm_preclip,95,1791519857.9547026,37.31472396850586
stage2,1,ppo/critic_grad_norm_preclip,96,1791519884.0719903,37.50734329223633
stage2,1,ppo/critic_grad_norm_preclip,97,1791519910.753424,59.739017486572266
stage2,1,ppo/critic_grad_norm_preclip,98,1791519937.7742639,37.094871520996094
stage2,1,ppo/critic_grad_norm_preclip,99,1791519964.5372689,18.583709716796875
stage2,1,ppo/critic_grad_norm_preclip,100,1791519991.4219582,28.431705474853516
stage2,1,ppo/critic_grad_norm_preclip,101,1791520017.4570224,29.653297424316406
stage2,1,ppo/critic_grad_norm_preclip,102,1791520043.8726282,26.65163803100586
stage2,1,ppo/critic_grad_norm_preclip,103,1791520069.8489993,62.38386917114258
stage2,1,ppo/critic_grad_norm_preclip,104,1791520096.7265851,33.697879791259766
stage2,1,ppo/critic_grad_norm_preclip,105,1791520122.947374,27.57136344909668
stage2,1,ppo/critic_grad_norm_preclip,106,1791520150.844006,21.239212036132812
stage2,1,ppo/critic_grad_norm_preclip,107,1791520176.96927,45.648582458496094
stage2,1,ppo/critic_grad_norm_preclip,108,1791520203.4588146,60.43989181518555
stage2,1,ppo/critic_grad_norm_preclip,109,1791520229.6784585,72.09545135498047
stage2,1,ppo/critic_grad_norm_preclip,110,1791520256.7118104,22.044757843017578
stage2,1,ppo/critic_grad_norm_preclip,111,1791520283.2188756,24.248384475708008
stage2,1,ppo/critic_grad_norm_preclip,112,1791520309.6252549,23.661155700683594
stage2,1,ppo/critic_grad_norm_preclip,113,1791520336.2115993,23.18354606628418
stage2,1,ppo/critic_grad_norm_preclip,114,1791520362.3640594,27.563190460205078
stage2,1,ppo/critic_grad_norm_preclip,115,1791520388.9965568,45.390262603759766
stage2,1,ppo/critic_grad_norm_preclip,116,1791520415.1064482,20.773653030395508
stage2,1,ppo/critic_grad_norm_preclip,117,1791520442.1630065,37.72870635986328
stage2,1,ppo/critic_grad_norm_preclip,118,1791520468.4332628,10.36379337310791
stage2,1,ppo/critic_grad_norm_preclip,119,1791520495.3690412,11.248247146606445
stage2,1,ppo/critic_grad_norm_preclip,120,1791520521.2752042,21.12218475341797
stage1,1,ppo/critic_lr,1,1791512497.7995634,0.0003000000142492354
stage1,1,ppo/critic_lr,2,1791512531.0970833,0.0003000000142492354
stage1,1,ppo/critic_lr,3,1791512558.520755,0.0003000000142492354
stage1,1,ppo/critic_lr,4,1791512590.1720936,0.0003000000142492354
stage1,1,ppo/critic_lr,5,1791512617.371008,0.0003000000142492354
stage1,1,ppo/critic_lr,6,1791512649.2508378,0.0003000000142492354
stage1,1,ppo/critic_lr,7,1791512680.5413635,0.0003000000142492354
stage1,1,ppo/critic_lr,8,1791512707.47573,0.0003000000142492354
stage1,1,ppo/critic_lr,9,1791512738.6621046,0.0003000000142492354
stage1,1,ppo/critic_lr,10,1791512769.7890196,0.0003000000142492354
stage1,1,ppo/critic_lr,11,1791512796.5221682,0.0003000000142492354
stage1,1,ppo/critic_lr,12,1791512823.0564544,0.0003000000142492354
stage1,1,ppo/critic_lr,13,1791512850.1483262,0.0003000000142492354
stage1,1,ppo/critic_lr,14,1791512877.76831,0.0003000000142492354
stage1,1,ppo/critic_lr,15,1791512904.8369274,0.0003000000142492354
stage1,1,ppo/critic_lr,16,1791512931.671318,0.0003000000142492354
stage1,1,ppo/critic_lr,17,1791512958.7459137,0.0003000000142492354
stage1,1,ppo/critic_lr,18,1791512985.4118073,0.0003000000142492354
stage1,1,ppo/critic_lr,19,1791513012.5162854,0.0003000000142492354
stage1,1,ppo/critic_lr,20,1791513039.1676102,0.0003000000142492354
stage1,1,ppo/critic_lr,21,1791513764.7622392,0.0003000000142492354
stage1,1,ppo/critic_lr,22,1791513791.9846206,0.0003000000142492354
stage1,1,ppo/critic_lr,23,1791513818.8063831,0.0003000000142492354
stage1,1,ppo/critic_lr,24,1791513846.0520327,0.0003000000142492354
stage1,1,ppo/critic_lr,25,1791513872.8086658,0.0003000000142492354
stage1,1,ppo/critic_lr,26,1791513899.8345098,0.0003000000142492354
stage1,1,ppo/critic_lr,27,1791513926.7786152,0.0003000000142492354
stage1,1,ppo/critic_lr,28,1791513953.83191,0.0003000000142492354
stage1,1,ppo/critic_lr,29,1791513981.0739374,0.0003000000142492354
stage1,1,ppo/critic_lr,30,1791514007.917452,0.0003000000142492354
stage1,1,ppo/critic_lr,31,1791514035.4217572,0.0003000000142492354
stage1,1,ppo/critic_lr,32,1791514061.60951,0.0003000000142492354
stage1,1,ppo/critic_lr,33,1791514091.3919358,0.0003000000142492354
stage1,1,ppo/critic_lr,34,1791514117.5733182,0.0003000000142492354
stage1,1,ppo/critic_lr,35,1791514147.265861,0.0003000000142492354
stage1,1,ppo/critic_lr,36,1791514173.5471058,0.0003000000142492354
stage1,1,ppo/critic_lr,37,1791514201.2921538,0.0003000000142492354
stage1,1,ppo/critic_lr,38,1791514227.5813076,0.0003000000142492354
stage1,1,ppo/critic_lr,39,1791514255.4809165,0.0003000000142492354
stage1,1,ppo/critic_lr,40,1791514281.8662224,0.0003000000142492354
stage2,1,ppo/critic_lr,41,1791516504.2886057,0.0003000000142492354
stage2,1,ppo/critic_lr,42,1791516531.6169875,0.0003000000142492354
stage2,1,ppo/critic_lr,43,1791516557.988258,0.0003000000142492354
stage2,1,ppo/critic_lr,44,1791516585.0797184,0.0003000000142492354
stage2,1,ppo/critic_lr,45,1791516611.1667001,0.0003000000142492354
stage2,1,ppo/critic_lr,46,1791516637.7098873,0.0003000000142492354
stage2,1,ppo/critic_lr,47,1791516663.9871438,0.0003000000142492354
stage2,1,ppo/critic_lr,48,1791516691.411964,0.0003000000142492354
stage2,1,ppo/critic_lr,49,1791516718.57331,0.0003000000142492354
stage2,1,ppo/critic_lr,50,1791516744.764457,0.0003000000142492354
stage2,1,ppo/critic_lr,51,1791516771.831857,0.0003000000142492354
stage2,1,ppo/critic_lr,52,1791516797.9016871,0.0003000000142492354
stage2,1,ppo/critic_lr,53,1791516824.6341844,0.0003000000142492354
stage2,1,ppo/critic_lr,54,1791516851.4139972,0.0003000000142492354
stage2,1,ppo/critic_lr,55,1791516878.7762337,0.0003000000142492354
stage2,1,ppo/critic_lr,56,1791516905.058514,0.0003000000142492354
stage2,1,ppo/critic_lr,57,1791516932.5540426,0.0003000000142492354
stage2,1,ppo/critic_lr,58,1791516958.6749182,0.0003000000142492354
stage2,1,ppo/critic_lr,59,1791516985.2749863,0.0003000000142492354
stage2,1,ppo/critic_lr,60,1791517014.9421773,0.0003000000142492354
stage2,1,ppo/critic_lr,61,1791517041.30881,0.0003000000142492354
stage2,1,ppo/critic_lr,62,1791517072.0929375,0.0003000000142492354
stage2,1,ppo/critic_lr,63,1791517099.1988044,0.0003000000142492354
stage2,1,ppo/critic_lr,64,1791517128.2667627,0.0003000000142492354
stage2,1,ppo/critic_lr,65,1791517154.3067572,0.0003000000142492354
stage2,1,ppo/critic_lr,66,1791517183.494043,0.0003000000142492354
stage2,1,ppo/critic_lr,67,1791517210.1295173,0.0003000000142492354
stage2,1,ppo/critic_lr,68,1791517237.6739364,0.0003000000142492354
stage2,1,ppo/critic_lr,69,1791517264.0024114,0.0003000000142492354
stage2,1,ppo/critic_lr,70,1791517290.5676167,0.0003000000142492354
stage2,1,ppo/critic_lr,71,1791517316.835887,0.0003000000142492354
stage2,1,ppo/critic_lr,72,1791517343.4307659,0.0003000000142492354
stage2,1,ppo/critic_lr,73,1791517370.9003649,0.0003000000142492354
stage2,1,ppo/critic_lr,74,1791517397.1286044,0.0003000000142492354
stage2,1,ppo/critic_lr,75,1791517427.8541863,0.0003000000142492354
stage2,1,ppo/critic_lr,76,1791517453.858923,0.0003000000142492354
stage2,1,ppo/critic_lr,77,1791517481.4208024,0.0003000000142492354
stage2,1,ppo/critic_lr,78,1791517507.3916926,0.0003000000142492354
stage2,1,ppo/critic_lr,79,1791517533.9237688,0.0003000000142492354
stage2,1,ppo/critic_lr,80,1791517564.2554722,0.0003000000142492354
stage2,1,ppo/critic_lr,81,1791519479.7430189,0.0003000000142492354
stage2,1,ppo/critic_lr,82,1791519508.2027442,0.0003000000142492354
stage2,1,ppo/critic_lr,83,1791519534.3208005,0.0003000000142492354
stage2,1,ppo/critic_lr,84,1791519560.9510376,0.0003000000142492354
stage2,1,ppo/critic_lr,85,1791519587.509436,0.0003000000142492354
stage2,1,ppo/critic_lr,86,1791519614.2431514,0.0003000000142492354
stage2,1,ppo/critic_lr,87,1791519640.701025,0.0003000000142492354
stage2,1,ppo/critic_lr,88,1791519669.3639061,0.0003000000142492354
stage2,1,ppo/critic_lr,89,1791519698.0931726,0.0003000000142492354
stage2,1,ppo/critic_lr,90,1791519724.156086,0.0003000000142492354
stage2,1,ppo/critic_lr,91,1791519751.2471347,0.0003000000142492354
stage2,1,ppo/critic_lr,92,1791519777.7942898,0.0003000000142492354
stage2,1,ppo/critic_lr,93,1791519804.7653923,0.0003000000142492354
stage2,1,ppo/critic_lr,94,1791519831.2643545,0.0003000000142492354
stage2,1,ppo/critic_lr,95,1791519857.9551723,0.0003000000142492354
stage2,1,ppo/critic_lr,96,1791519884.072319,0.0003000000142492354
stage2,1,ppo/critic_lr,97,1791519910.7537599,0.0003000000142492354
stage2,1,ppo/critic_lr,98,1791519937.7749157,0.0003000000142492354
stage2,1,ppo/critic_lr,99,1791519964.538272,0.0003000000142492354
stage2,1,ppo/critic_lr,100,1791519991.4228437,0.0003000000142492354
stage2,1,ppo/critic_lr,101,1791520017.4578443,0.0003000000142492354
stage2,1,ppo/critic_lr,102,1791520043.8733501,0.0003000000142492354
stage2,1,ppo/critic_lr,103,1791520069.8494754,0.0003000000142492354
stage2,1,ppo/critic_lr,104,1791520096.7272754,0.0003000000142492354
stage2,1,ppo/critic_lr,105,1791520122.9480207,0.0003000000142492354
stage2,1,ppo/critic_lr,106,1791520150.844873,0.0003000000142492354
stage2,1,ppo/critic_lr,107,1791520176.9701078,0.0003000000142492354
stage2,1,ppo/critic_lr,108,1791520203.4593604,0.0003000000142492354
stage2,1,ppo/critic_lr,109,1791520229.6793125,0.0003000000142492354
stage2,1,ppo/critic_lr,110,1791520256.7123747,0.0003000000142492354
stage2,1,ppo/critic_lr,111,1791520283.219727,0.0003000000142492354
stage2,1,ppo/critic_lr,112,1791520309.6259584,0.0003000000142492354
stage2,1,ppo/critic_lr,113,1791520336.211984,0.0003000000142492354
stage2,1,ppo/critic_lr,114,1791520362.3645415,0.0003000000142492354
stage2,1,ppo/critic_lr,115,1791520388.9968672,0.0003000000142492354
stage2,1,ppo/critic_lr,116,1791520415.1069396,0.0003000000142492354
stage2,1,ppo/critic_lr,117,1791520442.1634972,0.0003000000142492354
stage2,1,ppo/critic_lr,118,1791520468.4336536,0.0003000000142492354
stage2,1,ppo/critic_lr,119,1791520495.3693516,0.0003000000142492354
stage2,1,ppo/critic_lr,120,1791520521.2756333,0.0003000000142492354
stage1,1,ppo/entropy,1,1791512497.7989173,-0.6677010655403137
stage1,1,ppo/entropy,2,1791512531.0961614,-0.6666001081466675
stage1,1,ppo/entropy,3,1791512558.5197651,-0.6653884053230286
stage1,1,ppo/entropy,4,1791512590.1716073,-0.6653314828872681
stage1,1,ppo/entropy,5,1791512617.3703773,-0.6657067537307739
stage1,1,ppo/entropy,6,1791512649.2499769,-0.6658357977867126
stage1,1,ppo/entropy,7,1791512680.5403645,-0.6667249798774719
stage1,1,ppo/entropy,8,1791512707.4750302,-0.6665247678756714
stage1,1,ppo/entropy,9,1791512738.661565,-0.6661608219146729
stage1,1,ppo/entropy,10,1791512769.7880807,-0.6657530069351196
stage1,1,ppo/entropy,11,1791512796.5214355,-0.6656521558761597
stage1,1,ppo/entropy,12,1791512823.055764,-0.665885865688324
stage1,1,ppo/entropy,13,1791512850.1477256,-0.6668592691421509
stage1,1,ppo/entropy,14,1791512877.7678385,-0.6675395369529724
stage1,1,ppo/entropy,15,1791512904.836187,-0.6680845022201538
stage1,1,ppo/entropy,16,1791512931.6704755,-0.6682718992233276
stage1,1,ppo/entropy,17,1791512958.7452054,-0.6686478853225708
stage1,1,ppo/entropy,18,1791512985.4110382,-0.6695603132247925
stage1,1,ppo/entropy,19,1791513012.5153415,-0.6699377298355103
stage1,1,ppo/entropy,20,1791513039.1669672,-0.6696252226829529
stage1,1,ppo/entropy,21,1791513764.761431,-0.6703712940216064
stage1,1,ppo/entropy,22,1791513791.9839156,-0.6714847683906555
stage1,1,ppo/entropy,23,1791513818.805758,-0.6730315089225769
stage1,1,ppo/entropy,24,1791513846.0512033,-0.6739515066146851
stage1,1,ppo/entropy,25,1791513872.8083112,-0.6747384667396545
stage1,1,ppo/entropy,26,1791513899.8326325,-0.6742880940437317
stage1,1,ppo/entropy,27,1791513926.7776895,-0.6742340326309204
stage1,1,ppo/entropy,28,1791513953.8315222,-0.6739857196807861
stage1,1,ppo/entropy,29,1791513981.0730946,-0.6743476986885071
stage1,1,ppo/entropy,30,1791514007.916667,-0.6756525635719299
stage1,1,ppo/entropy,31,1791514035.42136,-0.6779186129570007
stage1,1,ppo/entropy,32,1791514061.6090837,-0.6787384152412415
stage1,1,ppo/entropy,33,1791514091.3913279,-0.679420530796051
stage1,1,ppo/entropy,34,1791514117.5726697,-0.6800077557563782
stage1,1,ppo/entropy,35,1791514147.26523,-0.6811574101448059
stage1,1,ppo/entropy,36,1791514173.546365,-0.6822353005409241
stage1,1,ppo/entropy,37,1791514201.2914288,-0.6825585961341858
stage1,1,ppo/entropy,38,1791514227.5808492,-0.6827870607376099
stage1,1,ppo/entropy,39,1791514255.4802954,-0.6832987666130066
stage1,1,ppo/entropy,40,1791514281.8655572,-0.6833891868591309
stage2,1,ppo/entropy,41,1791516504.2815216,-0.6844906806945801
stage2,1,ppo/entropy,42,1791516531.6162832,-0.6859474182128906
stage2,1,ppo/entropy,43,1791516557.9874108,-0.6864895820617676
stage2,1,ppo/entropy,44,1791516585.0788407,-0.6857956647872925
stage2,1,ppo/entropy,45,1791516611.1660502,-0.6864351630210876
stage2,1,ppo/entropy,46,1791516637.708802,-0.6877496242523193
stage2,1,ppo/entropy,47,1791516663.9868286,-0.6887616515159607
stage2,1,ppo/entropy,48,1791516691.4113698,-0.6889026165008545
stage2,1,ppo/entropy,49,1791516718.5728722,-0.688626229763031
stage2,1,ppo/entropy,50,1791516744.7639759,-0.6882479786872864
stage2,1,ppo/entropy,51,1791516771.8313313,-0.6884146928787231
stage2,1,ppo/entropy,52,1791516797.9011211,-0.6881771087646484
stage2,1,ppo/entropy,53,1791516824.6335342,-0.687691867351532
stage2,1,ppo/entropy,54,1791516851.4135077,-0.6864449381828308
stage2,1,ppo/entropy,55,1791516878.7758596,-0.6853600144386292
stage2,1,ppo/entropy,56,1791516905.0582068,-0.6866665482521057
stage2,1,ppo/entropy,57,1791516932.5535762,-0.6875703930854797
stage2,1,ppo/entropy,58,1791516958.6743762,-0.6874278783798218
stage2,1,ppo/entropy,59,1791516985.274142,-0.6871870160102844
stage2,1,ppo/entropy,60,1791517014.9414163,-0.6871402263641357
stage2,1,ppo/entropy,61,1791517041.3082056,-0.687798798084259
stage2,1,ppo/entropy,62,1791517072.0919204,-0.6882222294807434
stage2,1,ppo/entropy,63,1791517099.1981905,-0.6895560622215271
stage2,1,ppo/entropy,64,1791517128.2658362,-0.6906362771987915
stage2,1,ppo/entropy,65,1791517154.3062387,-0.6912696957588196
stage2,1,ppo/entropy,66,1791517183.4933403,-0.6923996806144714
stage2,1,ppo/entropy,67,1791517210.1288896,-0.6937365531921387
stage2,1,ppo/entropy,68,1791517237.673408,-0.6959435939788818
stage2,1,ppo/entropy,69,1791517264.002045,-0.6968750953674316
stage2,1,ppo/entropy,70,1791517290.5670512,-0.6968977451324463
stage2,1,ppo/entropy,71,1791517316.835349,-0.6972127556800842
stage2,1,ppo/entropy,72,1791517343.4302459,-0.6983806490898132
stage2,1,ppo/entropy,73,1791517370.8998542,-0.6986569166183472
stage2,1,ppo/entropy,74,1791517397.1281233,-0.6993237733840942
stage2,1,ppo/entropy,75,1791517427.853434,-0.7009720802307129
stage2,1,ppo/entropy,76,1791517453.8581057,-0.7014367580413818
stage2,1,ppo/entropy,77,1791517481.420061,-0.7018280029296875
stage2,1,ppo/entropy,78,1791517507.39086,-0.70209139585495
stage2,1,ppo/entropy,79,1791517533.9232216,-0.7019198536872864
stage2,1,ppo/entropy,80,1791517564.2546334,-0.7029041051864624
stage2,1,ppo/entropy,81,1791519479.742261,-0.7037383913993835
stage2,1,ppo/entropy,82,1791519508.2018695,-0.703594982624054
stage2,1,ppo/entropy,83,1791519534.3201175,-0.7037319540977478
stage2,1,ppo/entropy,84,1791519560.9499843,-0.705255389213562
stage2,1,ppo/entropy,85,1791519587.5087395,-0.7070618867874146
stage2,1,ppo/entropy,86,1791519614.242316,-0.7076796889305115
stage2,1,ppo/entropy,87,1791519640.700682,-0.7096850275993347
stage2,1,ppo/entropy,88,1791519669.3635592,-0.7118589282035828
stage2,1,ppo/entropy,89,1791519698.0928478,-0.7130851149559021
stage2,1,ppo/entropy,90,1791519724.1556027,-0.713548481464386
stage2,1,ppo/entropy,91,1791519751.2466645,-0.7134920358657837
stage2,1,ppo/entropy,92,1791519777.793856,-0.7137283682823181
stage2,1,ppo/entropy,93,1791519804.764816,-0.7151551246643066
stage2,1,ppo/entropy,94,1791519831.2632387,-0.7173576951026917
stage2,1,ppo/entropy,95,1791519857.954682,-0.7196063995361328
stage2,1,ppo/entropy,96,1791519884.0719688,-0.7202621698379517
stage2,1,ppo/entropy,97,1791519910.7534015,-0.7206169366836548
stage2,1,ppo/entropy,98,1791519937.7741954,-0.720498263835907
stage2,1,ppo/entropy,99,1791519964.53723,-0.7197243571281433
stage2,1,ppo/entropy,100,1791519991.4219375,-0.7201371192932129
stage2,1,ppo/entropy,101,1791520017.4570005,-0.7221587896347046
stage2,1,ppo/entropy,102,1791520043.8726063,-0.7230939865112305
stage2,1,ppo/entropy,103,1791520069.8489769,-0.7234117984771729
stage2,1,ppo/entropy,104,1791520096.726559,-0.7237837314605713
stage2,1,ppo/entropy,105,1791520122.9473512,-0.7243988513946533
stage2,1,ppo/entropy,106,1791520150.8439794,-0.7254603505134583
stage2,1,ppo/entropy,107,1791520176.9692488,-0.7272294759750366
stage2,1,ppo/entropy,108,1791520203.4587924,-0.7288827896118164
stage2,1,ppo/entropy,109,1791520229.678436,-0.7301875352859497
stage2,1,ppo/entropy,110,1791520256.711772,-0.7305598258972168
stage2,1,ppo/entropy,111,1791520283.2188532,-0.7307959794998169
stage2,1,ppo/entropy,112,1791520309.6252322,-0.731415331363678
stage2,1,ppo/entropy,113,1791520336.2115495,-0.7321661710739136
stage2,1,ppo/entropy,114,1791520362.3640392,-0.731833815574646
stage2,1,ppo/entropy,115,1791520388.996536,-0.7317590713500977
stage2,1,ppo/entropy,116,1791520415.1064274,-0.7321528196334839
stage2,1,ppo/entropy,117,1791520442.1629796,-0.7323235869407654
stage2,1,ppo/entropy,118,1791520468.433241,-0.7336301803588867
stage2,1,ppo/entropy,119,1791520495.3690195,-0.735305666923523
stage2,1,ppo/entropy,120,1791520521.2751803,-0.7358354926109314
stage1,1,ppo/exact_kl,1,1791512497.7989306,0.002198711968958378
stage1,1,ppo/exact_kl,2,1791512531.096175,0.0022966123651713133
stage1,1,ppo/exact_kl,3,1791512558.5197928,0.0024036038666963577
stage1,1,ppo/exact_kl,4,1791512590.1716204,0.0018303331453353167
stage1,1,ppo/exact_kl,5,1791512617.3703902,0.002983854152262211
stage1,1,ppo/exact_kl,6,1791512649.2499914,0.003109946846961975
stage1,1,ppo/exact_kl,7,1791512680.540378,0.002086837077513337
stage1,1,ppo/exact_kl,8,1791512707.475043,0.0012125711655244231
stage1,1,ppo/exact_kl,9,1791512738.6615808,0.0023025586269795895
stage1,1,ppo/exact_kl,10,1791512769.7880943,0.0012772931950166821
stage1,1,ppo/exact_kl,11,1791512796.521448,0.0014572145882993937
stage1,1,ppo/exact_kl,12,1791512823.0557995,0.002632535994052887
stage1,1,ppo/exact_kl,13,1791512850.1477573,0.002537315711379051
stage1,1,ppo/exact_kl,14,1791512877.7678518,0.0018164230277761817
stage1,1,ppo/exact_kl,15,1791512904.8361995,0.0023680347949266434
stage1,1,ppo/exact_kl,16,1791512931.6704884,0.0014621136942878366
stage1,1,ppo/exact_kl,17,1791512958.7452188,0.003438296029344201
stage1,1,ppo/exact_kl,18,1791512985.4110749,0.0029606029856950045
stage1,1,ppo/exact_kl,19,1791513012.5153754,0.0030938046984374523
stage1,1,ppo/exact_kl,20,1791513039.1670024,0.002291061682626605
stage1,1,ppo/exact_kl,21,1791513764.7614439,0.002635643817484379
stage1,1,ppo/exact_kl,22,1791513791.983953,0.0013812597608193755
stage1,1,ppo/exact_kl,23,1791513818.805771,0.004986259620636702
stage1,1,ppo/exact_kl,24,1791513846.0512471,0.0019897609017789364
stage1,1,ppo/exact_kl,25,1791513872.8083248,0.00238205399364233
stage1,1,ppo/exact_kl,26,1791513899.8326583,0.002953554503619671
stage1,1,ppo/exact_kl,27,1791513926.777713,0.004403692204505205
stage1,1,ppo/exact_kl,28,1791513953.831535,0.002532047452405095
stage1,1,ppo/exact_kl,29,1791513981.0731375,0.003362887306138873
stage1,1,ppo/exact_kl,30,1791514007.9167001,0.003253725590184331
stage1,1,ppo/exact_kl,31,1791514035.4213731,0.0029424382373690605
stage1,1,ppo/exact_kl,32,1791514061.609097,0.0008426598506048322
stage1,1,ppo/exact_kl,33,1791514091.3913403,0.0020618827547878027
stage1,1,ppo/exact_kl,34,1791514117.5726838,0.0008749871631152928
stage1,1,ppo/exact_kl,35,1791514147.2652426,0.0029721625614911318
stage1,1,ppo/exact_kl,36,1791514173.5463774,0.0010909936390817165
stage1,1,ppo/exact_kl,37,1791514201.2914417,0.0022436107974499464
stage1,1,ppo/exact_kl,38,1791514227.5808625,0.0020246291533112526
stage1,1,ppo/exact_kl,39,1791514255.4803092,0.0023338075261563063
stage1,1,ppo/exact_kl,40,1791514281.8655856,0.0025495095178484917
stage2,1,ppo/exact_kl,41,1791516504.2815354,0.0016405027126893401
stage2,1,ppo/exact_kl,42,1791516531.616297,0.002432276029139757
stage2,1,ppo/exact_kl,43,1791516557.9874246,0.0010122251696884632
stage2,1,ppo/exact_kl,44,1791516585.0788538,0.0018476014956831932
stage2,1,ppo/exact_kl,45,1791516611.1660635,0.0017709232633933425
stage2,1,ppo/exact_kl,46,1791516637.7088156,0.0027360478416085243
stage2,1,ppo/exact_kl,47,1791516663.9868424,0.00174046924803406
stage2,1,ppo/exact_kl,48,1791516691.4113836,0.0038932613097131252
stage2,1,ppo/exact_kl,49,1791516718.572886,0.0023862766101956367
stage2,1,ppo/exact_kl,50,1791516744.7639978,0.001416588551364839
stage2,1,ppo/exact_kl,51,1791516771.8313448,0.0011808203998953104
stage2,1,ppo/exact_kl,52,1791516797.90114,0.0014604340540245175
stage2,1,ppo/exact_kl,53,1791516824.6335478,0.0025769523344933987
stage2,1,ppo/exact_kl,54,1791516851.4135308,0.0028959449846297503
stage2,1,ppo/exact_kl,55,1791516878.7758734,0.002611433854326606
stage2,1,ppo/exact_kl,56,1791516905.0582204,0.0011662953766062856
stage2,1,ppo/exact_kl,57,1791516932.55359,0.001992066390812397
stage2,1,ppo/exact_kl,58,1791516958.6743894,0.0015492006205022335
stage2,1,ppo/exact_kl,59,1791516985.2741554,0.0027166875079274178
stage2,1,ppo/exact_kl,60,1791517014.9414299,0.0031257704831659794
stage2,1,ppo/exact_kl,61,1791517041.3082402,0.0026721155736595392
stage2,1,ppo/exact_kl,62,1791517072.0919352,0.0003724170965142548
stage2,1,ppo/exact_kl,63,1791517099.1982236,0.0008482685079798102
stage2,1,ppo/exact_kl,64,1791517128.2658715,0.0004779528535436839
stage2,1,ppo/exact_kl,65,1791517154.3062522,0.0022493829019367695
stage2,1,ppo/exact_kl,66,1791517183.4933538,0.0018639039481058717
stage2,1,ppo/exact_kl,67,1791517210.1289039,0.0046348837204277515
stage2,1,ppo/exact_kl,68,1791517237.6734297,0.0025836699642241
stage2,1,ppo/exact_kl,69,1791517264.0020585,0.0009316272917203605
stage2,1,ppo/exact_kl,70,1791517290.5670757,0.00017013767501339316
stage2,1,ppo/exact_kl,71,1791517316.835362,0.0016510544810444117
stage2,1,ppo/exact_kl,72,1791517343.43026,0.0011898295488208532
stage2,1,ppo/exact_kl,73,1791517370.8998675,0.0036043794825673103
stage2,1,ppo/exact_kl,74,1791517397.128144,0.0011630498338490725
stage2,1,ppo/exact_kl,75,1791517427.853448,0.0004738250863738358
stage2,1,ppo/exact_kl,76,1791517453.8581197,0.0015696256887167692
stage2,1,ppo/exact_kl,77,1791517481.420075,0.0013425025390461087
stage2,1,ppo/exact_kl,78,1791517507.3908737,0.003169639501720667
stage2,1,ppo/exact_kl,79,1791517533.9232347,0.002175773261114955
stage2,1,ppo/exact_kl,80,1791517564.2546473,0.0021842478308826685
stage2,1,ppo/exact_kl,81,1791519479.742275,0.004393263719975948
stage2,1,ppo/exact_kl,82,1791519508.201883,0.0008748636464588344
stage2,1,ppo/exact_kl,83,1791519534.320132,0.0036117685958743095
stage2,1,ppo/exact_kl,84,1791519560.9500177,0.0010981267550960183
stage2,1,ppo/exact_kl,85,1791519587.5087533,0.00141422008164227
stage2,1,ppo/exact_kl,86,1791519614.24233,0.0021459441632032394
stage2,1,ppo/exact_kl,87,1791519640.700696,0.001029988401569426
stage2,1,ppo/exact_kl,88,1791519669.363577,0.0014573654625564814
stage2,1,ppo/exact_kl,89,1791519698.0928612,0.001804984058253467
stage2,1,ppo/exact_kl,90,1791519724.1556277,0.003542969236150384
stage2,1,ppo/exact_kl,91,1791519751.2466774,0.0025271472986787558
stage2,1,ppo/exact_kl,92,1791519777.793869,0.0024654942099004984
stage2,1,ppo/exact_kl,93,1791519804.7648365,0.0009204100351780653
stage2,1,ppo/exact_kl,94,1791519831.2632632,0.004045054316520691
stage2,1,ppo/exact_kl,95,1791519857.9546952,0.004344766493886709
stage2,1,ppo/exact_kl,96,1791519884.0719826,0.0044502685777843
stage2,1,ppo/exact_kl,97,1791519910.7534163,0.0028945396188646555
stage2,1,ppo/exact_kl,98,1791519937.7742407,0.0021440836135298014
stage2,1,ppo/exact_kl,99,1791519964.5372612,0.0028596140909940004
stage2,1,ppo/exact_kl,100,1791519991.4219508,0.0009623669320717454
stage2,1,ppo/exact_kl,101,1791520017.4570148,0.0045703197829425335
stage2,1,ppo/exact_kl,102,1791520043.8726203,0.0010076409671455622
stage2,1,ppo/exact_kl,103,1791520069.848991,0.002969083609059453
stage2,1,ppo/exact_kl,104,1791520096.726577,0.0026320433244109154
stage2,1,ppo/exact_kl,105,1791520122.9473665,0.0033308840356767178
stage2,1,ppo/exact_kl,106,1791520150.8439987,0.0017512498889118433
stage2,1,ppo/exact_kl,107,1791520176.9692624,0.0013072206638753414
stage2,1,ppo/exact_kl,108,1791520203.4588065,0.0018537575379014015
stage2,1,ppo/exact_kl,109,1791520229.67845,0.0016744546592235565
stage2,1,ppo/exact_kl,110,1791520256.711803,0.004626716021448374
stage2,1,ppo/exact_kl,111,1791520283.2188675,0.001037838403135538
stage2,1,ppo/exact_kl,112,1791520309.625247,0.002695087343454361
stage2,1,ppo/exact_kl,113,1791520336.211592,0.0024821958504617214
stage2,1,ppo/exact_kl,114,1791520362.3640523,0.0016687829047441483
stage2,1,ppo/exact_kl,115,1791520388.9965494,0.0016570007428526878
stage2,1,ppo/exact_kl,116,1791520415.1064408,0.005103630013763905
stage2,1,ppo/exact_kl,117,1791520442.1629984,0.0021970614325255156
stage2,1,ppo/exact_kl,118,1791520468.4332545,0.002922183834016323
stage2,1,ppo/exact_kl,119,1791520495.3690336,0.002117362106218934
stage2,1,ppo/exact_kl,120,1791520521.275195,0.0006478626164607704
stage1,1,ppo/hard_kl_stop,1,1791512497.7995515,0.0
stage1,1,ppo/hard_kl_stop,2,1791512531.0969424,0.0
stage1,1,ppo/hard_kl_stop,3,1791512558.5206156,0.0
stage1,1,ppo/hard_kl_stop,4,1791512590.171997,0.0
stage1,1,ppo/hard_kl_stop,5,1791512617.370996,0.0
stage1,1,ppo/hard_kl_stop,6,1791512649.2508254,0.0
stage1,1,ppo/hard_kl_stop,7,1791512680.5412247,0.0
stage1,1,ppo/hard_kl_stop,8,1791512707.47571,0.0
stage1,1,ppo/hard_kl_stop,9,1791512738.6620932,0.0
stage1,1,ppo/hard_kl_stop,10,1791512769.78879,0.0
stage1,1,ppo/hard_kl_stop,11,1791512796.5218492,0.0
stage1,1,ppo/hard_kl_stop,12,1791512823.0563757,0.0
stage1,1,ppo/hard_kl_stop,13,1791512850.1483111,0.0
stage1,1,ppo/hard_kl_stop,14,1791512877.7682712,0.0
stage1,1,ppo/hard_kl_stop,15,1791512904.8367712,0.0
stage1,1,ppo/hard_kl_stop,16,1791512931.67124,0.0
stage1,1,ppo/hard_kl_stop,17,1791512958.7457507,0.0
stage1,1,ppo/hard_kl_stop,18,1791512985.411793,0.0
stage1,1,ppo/hard_kl_stop,19,1791513012.5161016,0.0
stage1,1,ppo/hard_kl_stop,20,1791513039.1674118,0.0
stage1,1,ppo/hard_kl_stop,21,1791513764.7621415,0.0
stage1,1,ppo/hard_kl_stop,22,1791513791.9844844,0.0
stage1,1,ppo/hard_kl_stop,23,1791513818.806286,0.0
stage1,1,ppo/hard_kl_stop,24,1791513846.051909,0.0
stage1,1,ppo/hard_kl_stop,25,1791513872.808611,0.0
stage1,1,ppo/hard_kl_stop,26,1791513899.8344505,0.0
stage1,1,ppo/hard_kl_stop,27,1791513926.7784543,0.0
stage1,1,ppo/hard_kl_stop,28,1791513953.8318515,0.0
stage1,1,ppo/hard_kl_stop,29,1791513981.073704,0.0
stage1,1,ppo/hard_kl_stop,30,1791514007.9174051,0.0
stage1,1,ppo/hard_kl_stop,31,1791514035.4217458,0.0
stage1,1,ppo/hard_kl_stop,32,1791514061.6094983,0.0
stage1,1,ppo/hard_kl_stop,33,1791514091.391882,0.0
stage1,1,ppo/hard_kl_stop,34,1791514117.5731711,0.0
stage1,1,ppo/hard_kl_stop,35,1791514147.2657135,0.0
stage1,1,ppo/hard_kl_stop,36,1791514173.5469613,0.0
stage1,1,ppo/hard_kl_stop,37,1791514201.292138,0.0
stage1,1,ppo/hard_kl_stop,38,1791514227.581139,0.0
stage1,1,ppo/hard_kl_stop,39,1791514255.4808276,0.0
stage1,1,ppo/hard_kl_stop,40,1791514281.866094,0.0
stage2,1,ppo/hard_kl_stop,41,1791516504.2883115,0.0
stage2,1,ppo/hard_kl_stop,42,1791516531.616837,0.0
stage2,1,ppo/hard_kl_stop,43,1791516557.9880264,0.0
stage2,1,ppo/hard_kl_stop,44,1791516585.0793586,0.0
stage2,1,ppo/hard_kl_stop,45,1791516611.1664903,0.0
stage2,1,ppo/hard_kl_stop,46,1791516637.7095191,0.0
stage2,1,ppo/hard_kl_stop,47,1791516663.9870865,0.0
stage2,1,ppo/hard_kl_stop,48,1791516691.4117277,0.0
stage2,1,ppo/hard_kl_stop,49,1791516718.5731704,0.0
stage2,1,ppo/hard_kl_stop,50,1791516744.7644424,0.0
stage2,1,ppo/hard_kl_stop,51,1791516771.8316736,0.0
stage2,1,ppo/hard_kl_stop,52,1791516797.9015126,0.0
stage2,1,ppo/hard_kl_stop,53,1791516824.633909,0.0
stage2,1,ppo/hard_kl_stop,54,1791516851.4139855,0.0
stage2,1,ppo/hard_kl_stop,55,1791516878.7761567,0.0
stage2,1,ppo/hard_kl_stop,56,1791516905.0584495,0.0
stage2,1,ppo/hard_kl_stop,57,1791516932.5538936,0.0
stage2,1,ppo/hard_kl_stop,58,1791516958.674904,0.0
stage2,1,ppo/hard_kl_stop,59,1791516985.274822,0.0
stage2,1,ppo/hard_kl_stop,60,1791517014.942025,0.0
stage2,1,ppo/hard_kl_stop,61,1791517041.3087976,0.0
stage2,1,ppo/hard_kl_stop,62,1791517072.0926921,0.0
stage2,1,ppo/hard_kl_stop,63,1791517099.198784,0.0
stage2,1,ppo/hard_kl_stop,64,1791517128.266597,0.0
stage2,1,ppo/hard_kl_stop,65,1791517154.306615,0.0
stage2,1,ppo/hard_kl_stop,66,1791517183.49403,0.0
stage2,1,ppo/hard_kl_stop,67,1791517210.1295028,0.0
stage2,1,ppo/hard_kl_stop,68,1791517237.67379,0.0
stage2,1,ppo/hard_kl_stop,69,1791517264.0023909,0.0
stage2,1,ppo/hard_kl_stop,70,1791517290.5675561,0.0
stage2,1,ppo/hard_kl_stop,71,1791517316.8357072,0.0
stage2,1,ppo/hard_kl_stop,72,1791517343.4304826,0.0
stage2,1,ppo/hard_kl_stop,73,1791517370.900199,0.0
stage2,1,ppo/hard_kl_stop,74,1791517397.128475,0.0
stage2,1,ppo/hard_kl_stop,75,1791517427.8539155,0.0
stage2,1,ppo/hard_kl_stop,76,1791517453.8589106,0.0
stage2,1,ppo/hard_kl_stop,77,1791517481.4205315,0.0
stage2,1,ppo/hard_kl_stop,78,1791517507.391433,0.0
stage2,1,ppo/hard_kl_stop,79,1791517533.923628,0.0
stage2,1,ppo/hard_kl_stop,80,1791517564.255313,0.0
stage2,1,ppo/hard_kl_stop,81,1791519479.7429225,0.0
stage2,1,ppo/hard_kl_stop,82,1791519508.202723,0.0
stage2,1,ppo/hard_kl_stop,83,1791519534.3205485,0.0
stage2,1,ppo/hard_kl_stop,84,1791519560.9507086,0.0
stage2,1,ppo/hard_kl_stop,85,1791519587.509415,0.0
stage2,1,ppo/hard_kl_stop,86,1791519614.2429142,0.0
stage2,1,ppo/hard_kl_stop,87,1791519640.7009609,0.0
stage2,1,ppo/hard_kl_stop,88,1791519669.3638427,0.0
stage2,1,ppo/hard_kl_stop,89,1791519698.09311,0.0
stage2,1,ppo/hard_kl_stop,90,1791519724.1559312,0.0
stage2,1,ppo/hard_kl_stop,91,1791519751.2471206,0.0
stage2,1,ppo/hard_kl_stop,92,1791519777.79415,0.0
stage2,1,ppo/hard_kl_stop,93,1791519804.7651656,0.0
stage2,1,ppo/hard_kl_stop,94,1791519831.2641275,0.0
stage2,1,ppo/hard_kl_stop,95,1791519857.9550092,0.0
stage2,1,ppo/hard_kl_stop,96,1791519884.072254,0.0
stage2,1,ppo/hard_kl_stop,97,1791519910.7536967,0.0
stage2,1,ppo/hard_kl_stop,98,1791519937.7747774,0.0
stage2,1,ppo/hard_kl_stop,99,1791519964.537902,0.0
stage2,1,ppo/hard_kl_stop,100,1791519991.4225464,0.0
stage2,1,ppo/hard_kl_stop,101,1791520017.4578319,0.0
stage2,1,ppo/hard_kl_stop,102,1791520043.8730366,0.0
stage2,1,ppo/hard_kl_stop,103,1791520069.8494549,0.0
stage2,1,ppo/hard_kl_stop,104,1791520096.7272534,0.0
stage2,1,ppo/hard_kl_stop,105,1791520122.9478598,0.0
stage2,1,ppo/hard_kl_stop,106,1791520150.8446963,0.0
stage2,1,ppo/hard_kl_stop,107,1791520176.9699562,0.0
stage2,1,ppo/hard_kl_stop,108,1791520203.4593482,0.0
stage2,1,ppo/hard_kl_stop,109,1791520229.6790698,0.0
stage2,1,ppo/hard_kl_stop,110,1791520256.712354,0.0
stage2,1,ppo/hard_kl_stop,111,1791520283.2194836,0.0
stage2,1,ppo/hard_kl_stop,112,1791520309.6259375,0.0
stage2,1,ppo/hard_kl_stop,113,1791520336.2118316,0.0
stage2,1,ppo/hard_kl_stop,114,1791520362.3643858,0.0
stage2,1,ppo/hard_kl_stop,115,1791520388.9968088,0.0
stage2,1,ppo/hard_kl_stop,116,1791520415.106924,0.0
stage2,1,ppo/hard_kl_stop,117,1791520442.1634853,0.0
stage2,1,ppo/hard_kl_stop,118,1791520468.4335217,0.0
stage2,1,ppo/hard_kl_stop,119,1791520495.3692915,0.0
stage2,1,ppo/hard_kl_stop,120,1791520521.2755,0.0
stage1,1,ppo/mean_kl,1,1791512497.7989275,0.002198711968958378
stage1,1,ppo/mean_kl,2,1791512531.0961716,0.0022966123651713133
stage1,1,ppo/mean_kl,3,1791512558.5197895,0.0024036038666963577
stage1,1,ppo/mean_kl,4,1791512590.1716173,0.0018303331453353167
stage1,1,ppo/mean_kl,5,1791512617.3703868,0.002983854152262211
stage1,1,ppo/mean_kl,6,1791512649.249988,0.003109946846961975
stage1,1,ppo/mean_kl,7,1791512680.5403748,0.002086837077513337
stage1,1,ppo/mean_kl,8,1791512707.47504,0.0012125711655244231
stage1,1,ppo/mean_kl,9,1791512738.6615775,0.0023025586269795895
stage1,1,ppo/mean_kl,10,1791512769.788091,0.0012772931950166821
stage1,1,ppo/mean_kl,11,1791512796.5214448,0.0014572145882993937
stage1,1,ppo/mean_kl,12,1791512823.0557964,0.002632535994052887
stage1,1,ppo/mean_kl,13,1791512850.1477542,0.002537315711379051
stage1,1,ppo/mean_kl,14,1791512877.7678487,0.0018164230277761817
stage1,1,ppo/mean_kl,15,1791512904.8361962,0.0023680347949266434
stage1,1,ppo/mean_kl,16,1791512931.6704853,0.0014621136942878366
stage1,1,ppo/mean_kl,17,1791512958.7452154,0.003438296029344201
stage1,1,ppo/mean_kl,18,1791512985.4110715,0.0029606029856950045
stage1,1,ppo/mean_kl,19,1791513012.515372,0.0030938046984374523
stage1,1,ppo/mean_kl,20,1791513039.166999,0.002291061682626605
stage1,1,ppo/mean_kl,21,1791513764.7614408,0.002635643817484379
stage1,1,ppo/mean_kl,22,1791513791.9839494,0.0013812597608193755
stage1,1,ppo/mean_kl,23,1791513818.8057678,0.004986259620636702
stage1,1,ppo/mean_kl,24,1791513846.0512438,0.0019897609017789364
stage1,1,ppo/mean_kl,25,1791513872.8083215,0.00238205399364233
stage1,1,ppo/mean_kl,26,1791513899.8326545,0.002953554503619671
stage1,1,ppo/mean_kl,27,1791513926.7777097,0.004403692204505205
stage1,1,ppo/mean_kl,28,1791513953.831532,0.002532047452405095
stage1,1,ppo/mean_kl,29,1791513981.0731268,0.003362887306138873
stage1,1,ppo/mean_kl,30,1791514007.9166965,0.003253725590184331
stage1,1,ppo/mean_kl,31,1791514035.4213698,0.0029424382373690605
stage1,1,ppo/mean_kl,32,1791514061.6090937,0.0008426598506048322
stage1,1,ppo/mean_kl,33,1791514091.3913372,0.0020618827547878027
stage1,1,ppo/mean_kl,34,1791514117.5726802,0.0008749871631152928
stage1,1,ppo/mean_kl,35,1791514147.2652395,0.0029721625614911318
stage1,1,ppo/mean_kl,36,1791514173.5463743,0.0010909936390817165
stage1,1,ppo/mean_kl,37,1791514201.2914383,0.0022436107974499464
stage1,1,ppo/mean_kl,38,1791514227.5808594,0.0020246291533112526
stage1,1,ppo/mean_kl,39,1791514255.480306,0.0023338075261563063
stage1,1,ppo/mean_kl,40,1791514281.865582,0.0025495095178484917
stage2,1,ppo/mean_kl,41,1791516504.281532,0.0016405027126893401
stage2,1,ppo/mean_kl,42,1791516531.6162937,0.002432276029139757
stage2,1,ppo/mean_kl,43,1791516557.9874213,0.0010122251696884632
stage2,1,ppo/mean_kl,44,1791516585.0788507,0.0018476014956831932
stage2,1,ppo/mean_kl,45,1791516611.1660602,0.0017709232633933425
stage2,1,ppo/mean_kl,46,1791516637.7088125,0.0027360478416085243
stage2,1,ppo/mean_kl,47,1791516663.9868388,0.00174046924803406
stage2,1,ppo/mean_kl,48,1791516691.4113803,0.0038932613097131252
stage2,1,ppo/mean_kl,49,1791516718.5728824,0.0023862766101956367
stage2,1,ppo/mean_kl,50,1791516744.763988,0.001416588551364839
stage2,1,ppo/mean_kl,51,1791516771.8313415,0.0011808203998953104
stage2,1,ppo/mean_kl,52,1791516797.9011366,0.0014604340540245175
stage2,1,ppo/mean_kl,53,1791516824.6335442,0.0025769523344933987
stage2,1,ppo/mean_kl,54,1791516851.4135273,0.0028959449846297503
stage2,1,ppo/mean_kl,55,1791516878.7758703,0.002611433854326606
stage2,1,ppo/mean_kl,56,1791516905.058217,0.0011662953766062856
stage2,1,ppo/mean_kl,57,1791516932.5535867,0.001992066390812397
stage2,1,ppo/mean_kl,58,1791516958.674386,0.0015492006205022335
stage2,1,ppo/mean_kl,59,1791516985.274152,0.0027166875079274178
stage2,1,ppo/mean_kl,60,1791517014.9414265,0.0031257704831659794
stage2,1,ppo/mean_kl,61,1791517041.3082366,0.0026721155736595392
stage2,1,ppo/mean_kl,62,1791517072.0919318,0.0003724170965142548
stage2,1,ppo/mean_kl,63,1791517099.1982203,0.0008482685079798102
stage2,1,ppo/mean_kl,64,1791517128.2658677,0.0004779528535436839
stage2,1,ppo/mean_kl,65,1791517154.306249,0.0022493829019367695
stage2,1,ppo/mean_kl,66,1791517183.4933505,0.0018639039481058717
stage2,1,ppo/mean_kl,67,1791517210.1289003,0.0046348837204277515
stage2,1,ppo/mean_kl,68,1791517237.6734264,0.0025836699642241
stage2,1,ppo/mean_kl,69,1791517264.0020552,0.0009316272917203605
stage2,1,ppo/mean_kl,70,1791517290.5670705,0.00017013767501339316
stage2,1,ppo/mean_kl,71,1791517316.8353589,0.0016510544810444117
stage2,1,ppo/mean_kl,72,1791517343.4302566,0.0011898295488208532
stage2,1,ppo/mean_kl,73,1791517370.8998644,0.0036043794825673103
stage2,1,ppo/mean_kl,74,1791517397.1281347,0.0011630498338490725
stage2,1,ppo/mean_kl,75,1791517427.8534446,0.0004738250863738358
stage2,1,ppo/mean_kl,76,1791517453.8581164,0.0015696256887167692
stage2,1,ppo/mean_kl,77,1791517481.4200714,0.0013425025390461087
stage2,1,ppo/mean_kl,78,1791517507.3908703,0.003169639501720667
stage2,1,ppo/mean_kl,79,1791517533.9232318,0.002175773261114955
stage2,1,ppo/mean_kl,80,1791517564.254644,0.0021842478308826685
stage2,1,ppo/mean_kl,81,1791519479.7422712,0.004393263719975948
stage2,1,ppo/mean_kl,82,1791519508.2018797,0.0008748636464588344
stage2,1,ppo/mean_kl,83,1791519534.3201284,0.0036117685958743095
stage2,1,ppo/mean_kl,84,1791519560.9500148,0.0010981267550960183
stage2,1,ppo/mean_kl,85,1791519587.50875,0.00141422008164227
stage2,1,ppo/mean_kl,86,1791519614.2423267,0.0021459441632032394
stage2,1,ppo/mean_kl,87,1791519640.7006924,0.001029988401569426
stage2,1,ppo/mean_kl,88,1791519669.363573,0.0014573654625564814
stage2,1,ppo/mean_kl,89,1791519698.0928578,0.001804984058253467
stage2,1,ppo/mean_kl,90,1791519724.1556242,0.003542969236150384
stage2,1,ppo/mean_kl,91,1791519751.2466745,0.0025271472986787558
stage2,1,ppo/mean_kl,92,1791519777.7938657,0.0024654942099004984
stage2,1,ppo/mean_kl,93,1791519804.764833,0.0009204100351780653
stage2,1,ppo/mean_kl,94,1791519831.26326,0.004045054316520691
stage2,1,ppo/mean_kl,95,1791519857.954692,0.004344766493886709
stage2,1,ppo/mean_kl,96,1791519884.0719793,0.0044502685777843
stage2,1,ppo/mean_kl,97,1791519910.7534122,0.0028945396188646555
stage2,1,ppo/mean_kl,98,1791519937.7742293,0.0021440836135298014
stage2,1,ppo/mean_kl,99,1791519964.537258,0.0028596140909940004
stage2,1,ppo/mean_kl,100,1791519991.4219477,0.0009623669320717454
stage2,1,ppo/mean_kl,101,1791520017.4570115,0.0045703197829425335
stage2,1,ppo/mean_kl,102,1791520043.8726168,0.0010076409671455622
stage2,1,ppo/mean_kl,103,1791520069.8489873,0.002969083609059453
stage2,1,ppo/mean_kl,104,1791520096.7265735,0.0026320433244109154
stage2,1,ppo/mean_kl,105,1791520122.9473634,0.0033308840356767178
stage2,1,ppo/mean_kl,106,1791520150.8439906,0.0017512498889118433
stage2,1,ppo/mean_kl,107,1791520176.969259,0.0013072206638753414
stage2,1,ppo/mean_kl,108,1791520203.458803,0.0018537575379014015
stage2,1,ppo/mean_kl,109,1791520229.6784463,0.0016744546592235565
stage2,1,ppo/mean_kl,110,1791520256.7117999,0.004626716021448374
stage2,1,ppo/mean_kl,111,1791520283.2188637,0.001037838403135538
stage2,1,ppo/mean_kl,112,1791520309.6252432,0.002695087343454361
stage2,1,ppo/mean_kl,113,1791520336.2115881,0.0024821958504617214
stage2,1,ppo/mean_kl,114,1791520362.364049,0.0016687829047441483
stage2,1,ppo/mean_kl,115,1791520388.996546,0.0016570007428526878
stage2,1,ppo/mean_kl,116,1791520415.1064374,0.005103630013763905
stage2,1,ppo/mean_kl,117,1791520442.162995,0.0021970614325255156
stage2,1,ppo/mean_kl,118,1791520468.4332511,0.002922183834016323
stage2,1,ppo/mean_kl,119,1791520495.36903,0.002117362106218934
stage2,1,ppo/mean_kl,120,1791520521.2751913,0.0006478626164607704
stage1,1,ppo/nonfinite_stop,1,1791512497.799555,0.0
stage1,1,ppo/nonfinite_stop,2,1791512531.0969505,0.0
stage1,1,ppo/nonfinite_stop,3,1791512558.520624,0.0
stage1,1,ppo/nonfinite_stop,4,1791512590.172028,0.0
stage1,1,ppo/nonfinite_stop,5,1791512617.3709996,0.0
stage1,1,ppo/nonfinite_stop,6,1791512649.250829,0.0
stage1,1,ppo/nonfinite_stop,7,1791512680.5413473,0.0
stage1,1,ppo/nonfinite_stop,8,1791512707.4757185,0.0
stage1,1,ppo/nonfinite_stop,9,1791512738.662096,0.0
stage1,1,ppo/nonfinite_stop,10,1791512769.788928,0.0
stage1,1,ppo/nonfinite_stop,11,1791512796.521852,0.0
stage1,1,ppo/nonfinite_stop,12,1791512823.0563793,0.0
stage1,1,ppo/nonfinite_stop,13,1791512850.148316,0.0
stage1,1,ppo/nonfinite_stop,14,1791512877.768274,0.0
stage1,1,ppo/nonfinite_stop,15,1791512904.836774,0.0
stage1,1,ppo/nonfinite_stop,16,1791512931.6712449,0.0
stage1,1,ppo/nonfinite_stop,17,1791512958.745837,0.0
stage1,1,ppo/nonfinite_stop,18,1791512985.4117978,0.0
stage1,1,ppo/nonfinite_stop,19,1791513012.5161102,0.0
stage1,1,ppo/nonfinite_stop,20,1791513039.1674154,0.0
stage1,1,ppo/nonfinite_stop,21,1791513764.7621732,0.0
stage1,1,ppo/nonfinite_stop,22,1791513791.9844878,0.0
stage1,1,ppo/nonfinite_stop,23,1791513818.8063185,0.0
stage1,1,ppo/nonfinite_stop,24,1791513846.0519118,0.0
stage1,1,ppo/nonfinite_stop,25,1791513872.8086138,0.0
stage1,1,ppo/nonfinite_stop,26,1791513899.834469,0.0
stage1,1,ppo/nonfinite_stop,27,1791513926.7784588,0.0
stage1,1,ppo/nonfinite_stop,28,1791513953.831872,0.0
stage1,1,ppo/nonfinite_stop,29,1791513981.073714,0.0
stage1,1,ppo/nonfinite_stop,30,1791514007.917414,0.0
stage1,1,ppo/nonfinite_stop,31,1791514035.4217486,0.0
stage1,1,ppo/nonfinite_stop,32,1791514061.6095014,0.0
stage1,1,ppo/nonfinite_stop,33,1791514091.3918993,0.0
stage1,1,ppo/nonfinite_stop,34,1791514117.5731795,0.0
stage1,1,ppo/nonfinite_stop,35,1791514147.2658448,0.0
stage1,1,ppo/nonfinite_stop,36,1791514173.5470893,0.0
stage1,1,ppo/nonfinite_stop,37,1791514201.2921426,0.0
stage1,1,ppo/nonfinite_stop,38,1791514227.5811422,0.0
stage1,1,ppo/nonfinite_stop,39,1791514255.4808307,0.0
stage1,1,ppo/nonfinite_stop,40,1791514281.8660972,0.0
stage2,1,ppo/nonfinite_stop,41,1791516504.2883153,0.0
stage2,1,ppo/nonfinite_stop,42,1791516531.6168401,0.0
stage2,1,ppo/nonfinite_stop,43,1791516557.9881608,0.0
stage2,1,ppo/nonfinite_stop,44,1791516585.0797014,0.0
stage2,1,ppo/nonfinite_stop,45,1791516611.166494,0.0
stage2,1,ppo/nonfinite_stop,46,1791516637.7097185,0.0
stage2,1,ppo/nonfinite_stop,47,1791516663.9871054,0.0
stage2,1,ppo/nonfinite_stop,48,1791516691.4117315,0.0
stage2,1,ppo/nonfinite_stop,49,1791516718.5731735,0.0
stage2,1,ppo/nonfinite_stop,50,1791516744.7644472,0.0
stage2,1,ppo/nonfinite_stop,51,1791516771.8316824,0.0
stage2,1,ppo/nonfinite_stop,52,1791516797.9016685,0.0
stage2,1,ppo/nonfinite_stop,53,1791516824.6339138,0.0
stage2,1,ppo/nonfinite_stop,54,1791516851.4139886,0.0
stage2,1,ppo/nonfinite_stop,55,1791516878.7761877,0.0
stage2,1,ppo/nonfinite_stop,56,1791516905.0584757,0.0
stage2,1,ppo/nonfinite_stop,57,1791516932.5538967,0.0
stage2,1,ppo/nonfinite_stop,58,1791516958.6749086,0.0
stage2,1,ppo/nonfinite_stop,59,1791516985.2748253,0.0
stage2,1,ppo/nonfinite_stop,60,1791517014.9421608,0.0
stage2,1,ppo/nonfinite_stop,61,1791517041.3088012,0.0
stage2,1,ppo/nonfinite_stop,62,1791517072.0926971,0.0
stage2,1,ppo/nonfinite_stop,63,1791517099.1987925,0.0
stage2,1,ppo/nonfinite_stop,64,1791517128.266746,0.0
stage2,1,ppo/nonfinite_stop,65,1791517154.3066182,0.0
stage2,1,ppo/nonfinite_stop,66,1791517183.4940336,0.0
stage2,1,ppo/nonfinite_stop,67,1791517210.1295073,0.0
stage2,1,ppo/nonfinite_stop,68,1791517237.6739194,0.0
stage2,1,ppo/nonfinite_stop,69,1791517264.0023994,0.0
stage2,1,ppo/nonfinite_stop,70,1791517290.5675807,0.0
stage2,1,ppo/nonfinite_stop,71,1791517316.8358705,0.0
stage2,1,ppo/nonfinite_stop,72,1791517343.4306064,0.0
stage2,1,ppo/nonfinite_stop,73,1791517370.900202,0.0
stage2,1,ppo/nonfinite_stop,74,1791517397.128478,0.0
stage2,1,ppo/nonfinite_stop,75,1791517427.8539186,0.0
stage2,1,ppo/nonfinite_stop,76,1791517453.8589144,0.0
stage2,1,ppo/nonfinite_stop,77,1791517481.420536,0.0
stage2,1,ppo/nonfinite_stop,78,1791517507.391558,0.0
stage2,1,ppo/nonfinite_stop,79,1791517533.9237528,0.0
stage2,1,ppo/nonfinite_stop,80,1791517564.2553213,0.0
stage2,1,ppo/nonfinite_stop,81,1791519479.742954,0.0
stage2,1,ppo/nonfinite_stop,82,1791519508.2027318,0.0
stage2,1,ppo/nonfinite_stop,83,1791519534.3205516,0.0
stage2,1,ppo/nonfinite_stop,84,1791519560.951021,0.0
stage2,1,ppo/nonfinite_stop,85,1791519587.5094237,0.0
stage2,1,ppo/nonfinite_stop,86,1791519614.2430203,0.0
stage2,1,ppo/nonfinite_stop,87,1791519640.7009816,0.0
stage2,1,ppo/nonfinite_stop,88,1791519669.3638635,0.0
stage2,1,ppo/nonfinite_stop,89,1791519698.0931299,0.0
stage2,1,ppo/nonfinite_stop,90,1791519724.1559339,0.0
stage2,1,ppo/nonfinite_stop,91,1791519751.2471251,0.0
stage2,1,ppo/nonfinite_stop,92,1791519777.7941535,0.0
stage2,1,ppo/nonfinite_stop,93,1791519804.7651687,0.0
stage2,1,ppo/nonfinite_stop,94,1791519831.2641344,0.0
stage2,1,ppo/nonfinite_stop,95,1791519857.9550123,0.0
stage2,1,ppo/nonfinite_stop,96,1791519884.0722752,0.0
stage2,1,ppo/nonfinite_stop,97,1791519910.753717,0.0
stage2,1,ppo/nonfinite_stop,98,1791519937.774823,0.0
stage2,1,ppo/nonfinite_stop,99,1791519964.5380325,0.0
stage2,1,ppo/nonfinite_stop,100,1791519991.4226937,0.0
stage2,1,ppo/nonfinite_stop,101,1791520017.4578354,0.0
stage2,1,ppo/nonfinite_stop,102,1791520043.8730397,0.0
stage2,1,ppo/nonfinite_stop,103,1791520069.8494632,0.0
stage2,1,ppo/nonfinite_stop,104,1791520096.7272627,0.0
stage2,1,ppo/nonfinite_stop,105,1791520122.947863,0.0
stage2,1,ppo/nonfinite_stop,106,1791520150.8447328,0.0
stage2,1,ppo/nonfinite_stop,107,1791520176.9699647,0.0
stage2,1,ppo/nonfinite_stop,108,1791520203.4593515,0.0
stage2,1,ppo/nonfinite_stop,109,1791520229.6791718,0.0
stage2,1,ppo/nonfinite_stop,110,1791520256.7123625,0.0
stage2,1,ppo/nonfinite_stop,111,1791520283.2196095,0.0
stage2,1,ppo/nonfinite_stop,112,1791520309.6259458,0.0
stage2,1,ppo/nonfinite_stop,113,1791520336.211835,0.0
stage2,1,ppo/nonfinite_stop,114,1791520362.364389,0.0
stage2,1,ppo/nonfinite_stop,115,1791520388.9968274,0.0
stage2,1,ppo/nonfinite_stop,116,1791520415.1069305,0.0
stage2,1,ppo/nonfinite_stop,117,1791520442.1634886,0.0
stage2,1,ppo/nonfinite_stop,118,1791520468.4335248,0.0
stage2,1,ppo/nonfinite_stop,119,1791520495.3693106,0.0
stage2,1,ppo/nonfinite_stop,120,1791520521.2756162,0.0
stage1,1,ppo/surrogate,1,1791512497.7989135,-0.0005973270745016634
stage1,1,ppo/surrogate,2,1791512531.0961576,-0.00073896290268749
stage1,1,ppo/surrogate,3,1791512558.5197616,-0.0004037463804706931
stage1,1,ppo/surrogate,4,1791512590.171604,-0.00018478513811714947
stage1,1,ppo/surrogate,5,1791512617.3703737,-0.0002030803298112005
stage1,1,ppo/surrogate,6,1791512649.249973,-0.0003407546610105783
stage1,1,ppo/surrogate,7,1791512680.540361,-0.000363861967343837
stage1,1,ppo/surrogate,8,1791512707.4750268,-0.0001497001212555915
stage1,1,ppo/surrogate,9,1791512738.6615615,-0.0005379220237955451
stage1,1,ppo/surrogate,10,1791512769.7880774,-0.00044472733861766756
stage1,1,ppo/surrogate,11,1791512796.521432,-0.0006902421591803432
stage1,1,ppo/surrogate,12,1791512823.0557604,-0.0005051015177741647
stage1,1,ppo/surrogate,13,1791512850.147722,-0.0006525305798277259
stage1,1,ppo/surrogate,14,1791512877.7678351,-0.0003732607583515346
stage1,1,ppo/surrogate,15,1791512904.8361835,-0.0005991034558974206
stage1,1,ppo/surrogate,16,1791512931.670472,-0.00018168168026022613
stage1,1,ppo/surrogate,17,1791512958.7452018,-0.0009494003606960177
stage1,1,ppo/surrogate,18,1791512985.4110343,-0.0004457193426787853
stage1,1,ppo/surrogate,19,1791513012.5153384,-0.0008741322089917958
stage1,1,ppo/surrogate,20,1791513039.1669633,-0.00027622393099591136
stage1,1,ppo/surrogate,21,1791513764.7614276,-0.0006274284096434712
stage1,1,ppo/surrogate,22,1791513791.9839118,-0.00042190749081782997
stage1,1,ppo/surrogate,23,1791513818.8057544,-0.0008883955306373537
stage1,1,ppo/surrogate,24,1791513846.0511997,-0.00047055530012585223
stage1,1,ppo/surrogate,25,1791513872.8083076,-0.0005100485286675394
stage1,1,ppo/surrogate,26,1791513899.832629,-0.0001339562877546996
stage1,1,ppo/surrogate,27,1791513926.7776854,-0.0007685439777560532
stage1,1,ppo/surrogate,28,1791513953.831519,-0.0005055955843999982
stage1,1,ppo/surrogate,29,1791513981.0730834,-0.0009795579826459289
stage1,1,ppo/surrogate,30,1791514007.9166617,-0.00045621482422575355
stage1,1,ppo/surrogate,31,1791514035.421357,-0.0007790721138007939
stage1,1,ppo/surrogate,32,1791514061.60908,-0.000241071917116642
stage1,1,ppo/surrogate,33,1791514091.3913245,-0.00021915770776104182
stage1,1,ppo/surrogate,34,1791514117.5726666,-0.00021447695326060057
stage1,1,ppo/surrogate,35,1791514147.2652261,-0.000519237422849983
stage1,1,ppo/surrogate,36,1791514173.5463614,-8.149209315888584e-05
stage1,1,ppo/surrogate,37,1791514201.2914252,-0.0006586981471627951
stage1,1,ppo/surrogate,38,1791514227.5808458,-0.00019392513786442578
stage1,1,ppo/surrogate,39,1791514255.4802918,-0.0004437710449565202
stage1,1,ppo/surrogate,40,1791514281.8655531,-0.00023855044855736196
stage2,1,ppo/surrogate,41,1791516504.281518,-0.0005064369761385024
stage2,1,ppo/surrogate,42,1791516531.6162794,-0.0006275073974393308
stage2,1,ppo/surrogate,43,1791516557.9874067,-9.750874596647918e-05
stage2,1,ppo/surrogate,44,1791516585.078837,-0.00030909370980225503
stage2,1,ppo/surrogate,45,1791516611.1660464,-0.00013301559374667704
stage2,1,ppo/surrogate,46,1791516637.7087982,-0.00024150466197170317
stage2,1,ppo/surrogate,47,1791516663.986825,-0.00011472610640339553
stage2,1,ppo/surrogate,48,1791516691.4113662,-0.0005154726095497608
stage2,1,ppo/surrogate,49,1791516718.5728686,-0.00021480873692780733
stage2,1,ppo/surrogate,50,1791516744.7639465,-5.31986152054742e-05
stage2,1,ppo/surrogate,51,1791516771.8313277,-0.00026518633239902556
stage2,1,ppo/surrogate,52,1791516797.9011173,-0.00022446410730481148
stage2,1,ppo/surrogate,53,1791516824.6335306,-0.00048377778148278594
stage2,1,ppo/surrogate,54,1791516851.4135036,-0.0002994982060045004
stage2,1,ppo/surrogate,55,1791516878.7758558,-0.0004969274159520864
stage2,1,ppo/surrogate,56,1791516905.058203,-0.00027245355886407197
stage2,1,ppo/surrogate,57,1791516932.5535724,-3.718784137163311e-05
stage2,1,ppo/surrogate,58,1791516958.6743727,-0.00018209143308922648
stage2,1,ppo/surrogate,59,1791516985.2741385,-0.0004955307813361287
stage2,1,ppo/surrogate,60,1791517014.9414127,-0.0006103568593971431
stage2,1,ppo/surrogate,61,1791517041.3082001,-0.000924814841710031
stage2,1,ppo/surrogate,62,1791517072.0919168,-7.834771531634033e-05
stage2,1,ppo/surrogate,63,1791517099.1981866,-4.0499609895050526e-05
stage2,1,ppo/surrogate,64,1791517128.2658324,6.566326192114502e-06
stage2,1,ppo/surrogate,65,1791517154.3062348,-0.00026686329510994256
stage2,1,ppo/surrogate,66,1791517183.4933364,-0.00039072701474651694
stage2,1,ppo/surrogate,67,1791517210.128886,-0.0005663968622684479
stage2,1,ppo/surrogate,68,1791517237.6734042,-0.0004138346412219107
stage2,1,ppo/surrogate,69,1791517264.0020416,-0.00023899649386294186
stage2,1,ppo/surrogate,70,1791517290.5670476,-5.8161793276667595e-05
stage2,1,ppo/surrogate,71,1791517316.8353457,-9.237081394530833e-05
stage2,1,ppo/surrogate,72,1791517343.430242,-6.0472906625363976e-05
stage2,1,ppo/surrogate,73,1791517370.8998508,-0.00034129954292438924
stage2,1,ppo/surrogate,74,1791517397.1281197,-0.00016769701323937625
stage2,1,ppo/surrogate,75,1791517427.8534303,-0.00014170428039506078
stage2,1,ppo/surrogate,76,1791517453.858102,-0.00011738064495148137
stage2,1,ppo/surrogate,77,1791517481.420057,-0.00017312925774604082
stage2,1,ppo/surrogate,78,1791517507.3908565,-0.00039095323882065713
stage2,1,ppo/surrogate,79,1791517533.923218,-0.00046638655476272106
stage2,1,ppo/surrogate,80,1791517564.2546299,-0.00028949478291906416
stage2,1,ppo/surrogate,81,1791519479.7422569,-0.0006589714903384447
stage2,1,ppo/surrogate,82,1791519508.2018657,-4.0250495658256114e-05
stage2,1,ppo/surrogate,83,1791519534.3201134,-0.0004955886979587376
stage2,1,ppo/surrogate,84,1791519560.9499805,-9.01838211575523e-05
stage2,1,ppo/surrogate,85,1791519587.5087357,-0.0002845367416739464
stage2,1,ppo/surrogate,86,1791519614.2423124,-0.00030729439458809793
stage2,1,ppo/surrogate,87,1791519640.7006783,-0.00018042244482785463
stage2,1,ppo/surrogate,88,1791519669.3635554,-0.0002805106923915446
stage2,1,ppo/surrogate,89,1791519698.092844,-0.00041724398033693433
stage2,1,ppo/surrogate,90,1791519724.155599,-0.0001965103583643213
stage2,1,ppo/surrogate,91,1791519751.246661,-0.0006430826033465564
stage2,1,ppo/surrogate,92,1791519777.793852,-0.00022025797807145864
stage2,1,ppo/surrogate,93,1791519804.7648127,-0.00015240799984894693
stage2,1,ppo/surrogate,94,1791519831.2632349,-0.0005562037695199251
stage2,1,ppo/surrogate,95,1791519857.9546785,-0.00043226327397860587
stage2,1,ppo/surrogate,96,1791519884.071965,-0.0006700555677525699
stage2,1,ppo/surrogate,97,1791519910.753398,-0.0001396616135025397
stage2,1,ppo/surrogate,98,1791519937.7741828,-0.0003468792710918933
stage2,1,ppo/surrogate,99,1791519964.5372262,-0.0003284408012405038
stage2,1,ppo/surrogate,100,1791519991.421934,-0.0004157695802859962
stage2,1,ppo/surrogate,101,1791520017.456997,-0.00022741623979527503
stage2,1,ppo/surrogate,102,1791520043.8726027,-0.00017284339992329478
stage2,1,ppo/surrogate,103,1791520069.848973,-0.0005697006708942354
stage2,1,ppo/surrogate,104,1791520096.726555,-0.0004837811575271189
stage2,1,ppo/surrogate,105,1791520122.9473479,-0.00040077860467135906
stage2,1,ppo/surrogate,106,1791520150.8439758,-0.0003016198461409658
stage2,1,ppo/surrogate,107,1791520176.9692452,-0.00020702135225292295
stage2,1,ppo/surrogate,108,1791520203.4587886,-0.00023692924878560007
stage2,1,ppo/surrogate,109,1791520229.678432,-0.00013569167640525848
stage2,1,ppo/surrogate,110,1791520256.7117682,-0.0002925621811300516
stage2,1,ppo/surrogate,111,1791520283.2188492,-0.0005795960314571857
stage2,1,ppo/surrogate,112,1791520309.6252286,-0.0003642248339019716
stage2,1,ppo/surrogate,113,1791520336.2115457,-0.001005995087325573
stage2,1,ppo/surrogate,114,1791520362.3640356,-0.0004088470886927098
stage2,1,ppo/surrogate,115,1791520388.9965324,-0.00019653410708997399
stage2,1,ppo/surrogate,116,1791520415.1064239,-0.0001277205883525312
stage2,1,ppo/surrogate,117,1791520442.1629758,-0.00019486926612444222
stage2,1,ppo/surrogate,118,1791520468.4332373,-9.658204362494871e-05
stage2,1,ppo/surrogate,119,1791520495.3690152,-0.0007424317300319672
stage2,1,ppo/surrogate,120,1791520521.2751768,-4.316583363106474e-05
stage1,1,ppo/temporal,1,1791512497.7989028,0.0
stage1,1,ppo/temporal,2,1791512531.0961475,0.0
stage1,1,ppo/temporal,3,1791512558.5197506,0.0
stage1,1,ppo/temporal,4,1791512590.1715944,0.0
stage1,1,ppo/temporal,5,1791512617.3703637,0.0
stage1,1,ppo/temporal,6,1791512649.2499626,0.0
stage1,1,ppo/temporal,7,1791512680.5403512,0.0
stage1,1,ppo/temporal,8,1791512707.4750175,0.0
stage1,1,ppo/temporal,9,1791512738.6615517,0.0
stage1,1,ppo/temporal,10,1791512769.788068,0.0
stage1,1,ppo/temporal,11,1791512796.5214221,0.0
stage1,1,ppo/temporal,12,1791512823.05575,0.0
stage1,1,ppo/temporal,13,1791512850.1477125,0.0
stage1,1,ppo/temporal,14,1791512877.7678254,0.0
stage1,1,ppo/temporal,15,1791512904.8361742,0.0
stage1,1,ppo/temporal,16,1791512931.6704614,0.0
stage1,1,ppo/temporal,17,1791512958.7451916,0.0
stage1,1,ppo/temporal,18,1791512985.4110243,0.0
stage1,1,ppo/temporal,19,1791513012.5153284,0.0
stage1,1,ppo/temporal,20,1791513039.166954,0.0
stage1,1,ppo/temporal,21,1791513764.7614179,0.0
stage1,1,ppo/temporal,22,1791513791.9839017,3.065041198624385e-08
stage1,1,ppo/temporal,23,1791513818.8057444,8.280044705433198e-11
stage1,1,ppo/temporal,24,1791513846.0511904,5.532692526344363e-08
stage1,1,ppo/temporal,25,1791513872.8082983,2.1035168051852793e-10
stage1,1,ppo/temporal,26,1791513899.832619,1.0297569730255418e-07
stage1,1,ppo/temporal,27,1791513926.7776756,9.794964839215936e-10
stage1,1,ppo/temporal,28,1791513953.8315096,1.612003472928336e-07
stage1,1,ppo/temporal,29,1791513981.0730581,1.1201721772380324e-09
stage1,1,ppo/temporal,30,1791514007.9166522,2.6206583925159066e-07
stage1,1,ppo/temporal,31,1791514035.4213474,1.1018110868121767e-09
stage1,1,ppo/temporal,32,1791514061.6090708,3.325863815462071e-07
stage1,1,ppo/temporal,33,1791514091.3913152,2.699508172554488e-09
stage1,1,ppo/temporal,34,1791514117.5726573,3.863164295125898e-07
stage1,1,ppo/temporal,35,1791514147.265216,4.540958276066931e-09
stage1,1,ppo/temporal,36,1791514173.5463512,4.548572576368315e-07
stage1,1,ppo/temporal,37,1791514201.291415,4.690584365363293e-09
stage1,1,ppo/temporal,38,1791514227.5808358,5.618489922198933e-07
stage1,1,ppo/temporal,39,1791514255.4802716,1.0713956832830718e-08
stage1,1,ppo/temporal,40,1791514281.8655431,7.045077268230671e-07
stage2,1,ppo/temporal,41,1791516504.2815082,5.867552772542695e-07
stage2,1,ppo/temporal,42,1791516531.6162603,2.314365943334451e-08
stage2,1,ppo/temporal,43,1791516557.9873967,1.8957161174171233e-08
stage2,1,ppo/temporal,44,1791516585.0788262,2.6140666520291234e-08
stage2,1,ppo/temporal,45,1791516611.1660361,1.653540415702537e-08
stage2,1,ppo/temporal,46,1791516637.708788,1.2176556651866122e-08
stage2,1,ppo/temporal,47,1791516663.986815,8.129928232847305e-07
stage2,1,ppo/temporal,48,1791516691.411356,4.78258179725799e-08
stage2,1,ppo/temporal,49,1791516718.5728583,2.5739446130046417e-08
stage2,1,ppo/temporal,50,1791516744.7639358,2.9188088390696976e-08
stage2,1,ppo/temporal,51,1791516771.831317,1.1291528601020673e-08
stage2,1,ppo/temporal,52,1791516797.9011073,8.823216823827806e-09
stage2,1,ppo/temporal,53,1791516824.6335208,7.130697667889763e-07
stage2,1,ppo/temporal,54,1791516851.413493,7.818454861308055e-08
stage2,1,ppo/temporal,55,1791516878.7758455,3.351192745526532e-08
stage2,1,ppo/temporal,56,1791516905.0581925,4.593459479451667e-08
stage2,1,ppo/temporal,57,1791516932.5535588,1.491109813400726e-08
stage2,1,ppo/temporal,58,1791516958.6743627,8.851140265164759e-09
stage2,1,ppo/temporal,59,1791516985.2741282,5.501136115526606e-07
stage2,1,ppo/temporal,60,1791517014.9414022,1.1654944387373689e-07
stage2,1,ppo/temporal,61,1791517041.3081896,4.625043459327571e-08
stage2,1,ppo/temporal,62,1791517072.0919065,2.9112927180108272e-08
stage2,1,ppo/temporal,63,1791517099.1981761,2.7817083747549987e-08
stage2,1,ppo/temporal,64,1791517128.2658226,2.699033530007e-08
stage2,1,ppo/temporal,65,1791517154.3062246,1.6700150595738705e-08
stage2,1,ppo/temporal,66,1791517183.4933267,6.522375315398676e-07
stage2,1,ppo/temporal,67,1791517210.1288757,4.01302742147891e-08
stage2,1,ppo/temporal,68,1791517237.673394,8.866069656221498e-09
stage2,1,ppo/temporal,69,1791517264.0020316,7.808472091141994e-09
stage2,1,ppo/temporal,70,1791517290.5670383,8.022015052233655e-09
stage2,1,ppo/temporal,71,1791517316.8353357,1.246454228720495e-08
stage2,1,ppo/temporal,72,1791517343.4302318,8.11236986919539e-07
stage2,1,ppo/temporal,73,1791517370.8998406,3.757973843221407e-08
stage2,1,ppo/temporal,74,1791517397.1281095,3.7167295907636344e-09
stage2,1,ppo/temporal,75,1791517427.8534195,2.3289108419533022e-09
stage2,1,ppo/temporal,76,1791517453.858091,8.131340933914544e-09
stage2,1,ppo/temporal,77,1791517481.420047,1.5417983334486962e-08
stage2,1,ppo/temporal,78,1791517507.390846,8.869100156516652e-07
stage2,1,ppo/temporal,79,1791517533.9232082,1.0943210071445719e-07
stage2,1,ppo/temporal,80,1791517564.2546198,2.3994097375634738e-08
stage2,1,ppo/temporal,81,1791519479.7422462,5.334096719877834e-09
stage2,1,ppo/temporal,82,1791519508.2018554,8.744966528695386e-09
stage2,1,ppo/temporal,83,1791519534.3201032,1.4799266701004399e-08
stage2,1,ppo/temporal,84,1791519560.9499698,8.913574447433348e-07
stage2,1,ppo/temporal,85,1791519587.508725,2.150412399259949e-07
stage2,1,ppo/temporal,86,1791519614.242302,1.8179489913450197e-08
stage2,1,ppo/temporal,87,1791519640.7006671,6.289067489007039e-09
stage2,1,ppo/temporal,88,1791519669.3635442,8.516416016846051e-09
stage2,1,ppo/temporal,89,1791519698.0928323,1.689238970925544e-08
stage2,1,ppo/temporal,90,1791519724.1555889,1.592422194107712e-08
stage2,1,ppo/temporal,91,1791519751.2466507,1.1327779247949366e-06
stage2,1,ppo/temporal,92,1791519777.7938418,8.665820416808856e-08
stage2,1,ppo/temporal,93,1791519804.7648025,2.1364389368727643e-08
stage2,1,ppo/temporal,94,1791519831.263225,1.899292456641888e-08
stage2,1,ppo/temporal,95,1791519857.9546685,1.555121009744198e-08
stage2,1,ppo/temporal,96,1791519884.0719528,1.861875631448129e-08
stage2,1,ppo/temporal,97,1791519910.7533875,1.2308099712754483e-06
stage2,1,ppo/temporal,98,1791519937.774155,9.947452639380572e-08
stage2,1,ppo/temporal,99,1791519964.5372162,7.756536035685713e-08
stage2,1,ppo/temporal,100,1791519991.4219239,8.017963182282983e-08
stage2,1,ppo/temporal,101,1791520017.4569867,5.49275078753908e-08
stage2,1,ppo/temporal,102,1791520043.872593,6.336895097547313e-08
stage2,1,ppo/temporal,103,1791520069.8489625,1.681537810327427e-06
stage2,1,ppo/temporal,104,1791520096.7265453,2.096865330258879e-07
stage2,1,ppo/temporal,105,1791520122.9473264,1.1393460397357558e-07
stage2,1,ppo/temporal,106,1791520150.8439593,1.2026710294321674e-07
stage2,1,ppo/temporal,107,1791520176.9692254,9.19207963079316e-08
stage2,1,ppo/temporal,108,1791520203.4587781,1.1522241294414926e-07
stage2,1,ppo/temporal,109,1791520229.678422,2.2337112568493467e-06
stage2,1,ppo/temporal,110,1791520256.7117581,4.575141474560951e-07
stage2,1,ppo/temporal,111,1791520283.2188387,2.0047548332513543e-07
stage2,1,ppo/temporal,112,1791520309.6252184,1.8923900313438935e-07
stage2,1,ppo/temporal,113,1791520336.2115355,1.7352665793168853e-07
stage2,1,ppo/temporal,114,1791520362.3640254,1.9645572990611981e-07
stage2,1,ppo/temporal,115,1791520388.9965222,3.2522149240321596e-07
stage2,1,ppo/temporal,116,1791520415.1064134,5.4951747188169975e-06
stage2,1,ppo/temporal,117,1791520442.162966,2.9424310810099996e-07
stage2,1,ppo/temporal,118,1791520468.433227,3.268385455612588e-07
stage2,1,ppo/temporal,119,1791520495.369005,3.272645301422017e-07
stage2,1,ppo/temporal,120,1791520521.275167,1.7930919682385138e-07
stage1,1,ppo/temporal_coefficient,1,1791512497.7995718,0.0
stage1,1,ppo/temporal_coefficient,2,1791512531.0972116,0.0
stage1,1,ppo/temporal_coefficient,3,1791512558.5207891,0.0
stage1,1,ppo/temporal_coefficient,4,1791512590.1721265,0.0
stage1,1,ppo/temporal_coefficient,5,1791512617.3710115,0.0
stage1,1,ppo/temporal_coefficient,6,1791512649.2508414,0.0
stage1,1,ppo/temporal_coefficient,7,1791512680.5413673,0.0
stage1,1,ppo/temporal_coefficient,8,1791512707.4757335,0.0
stage1,1,ppo/temporal_coefficient,9,1791512738.6622524,0.0
stage1,1,ppo/temporal_coefficient,10,1791512769.7891197,0.0
stage1,1,ppo/temporal_coefficient,11,1791512796.5221767,0.0
stage1,1,ppo/temporal_coefficient,12,1791512823.056486,0.0
stage1,1,ppo/temporal_coefficient,13,1791512850.148525,0.0
stage1,1,ppo/temporal_coefficient,14,1791512877.7683432,0.0
stage1,1,ppo/temporal_coefficient,15,1791512904.8369362,0.0
stage1,1,ppo/temporal_coefficient,16,1791512931.6713502,0.0
stage1,1,ppo/temporal_coefficient,17,1791512958.7459471,0.0
stage1,1,ppo/temporal_coefficient,18,1791512985.4118109,0.0
stage1,1,ppo/temporal_coefficient,19,1791513012.5162902,0.0
stage1,1,ppo/temporal_coefficient,20,1791513039.167615,0.0
stage1,1,ppo/temporal_coefficient,21,1791513764.7622705,0.0
stage1,1,ppo/temporal_coefficient,22,1791513791.9846253,9.999999747378752e-05
stage1,1,ppo/temporal_coefficient,23,1791513818.806415,0.00019999999494757503
stage1,1,ppo/temporal_coefficient,24,1791513846.052042,0.0003000000142492354
stage1,1,ppo/temporal_coefficient,25,1791513872.8086977,0.00039999998989515007
stage1,1,ppo/temporal_coefficient,26,1791513899.834528,0.0005000000237487257
stage1,1,ppo/temporal_coefficient,27,1791513926.77862,0.0006000000284984708
stage1,1,ppo/temporal_coefficient,28,1791513953.8319275,0.000699999975040555
stage1,1,ppo/temporal_coefficient,29,1791513981.0739498,0.0007999999797903001
stage1,1,ppo/temporal_coefficient,30,1791514007.9174855,0.0008999999845400453
stage1,1,ppo/temporal_coefficient,31,1791514035.4217606,0.0010000000474974513
stage1,1,ppo/temporal_coefficient,32,1791514061.6095133,0.0010999999940395355
stage1,1,ppo/temporal_coefficient,33,1791514091.3919535,0.0012000000569969416
stage1,1,ppo/temporal_coefficient,34,1791514117.573327,0.0013000000035390258
stage1,1,ppo/temporal_coefficient,35,1791514147.2659636,0.00139999995008111
stage1,1,ppo/temporal_coefficient,36,1791514173.5472312,0.001500000013038516
stage1,1,ppo/temporal_coefficient,37,1791514201.2921574,0.0015999999595806003
stage1,1,ppo/temporal_coefficient,38,1791514227.5813124,0.0017000000225380063
stage1,1,ppo/temporal_coefficient,39,1791514255.4809506,0.0017999999690800905
stage1,1,ppo/temporal_coefficient,40,1791514281.8662333,0.0019000000320374966
stage2,1,ppo/temporal_coefficient,41,1791516504.2886105,0.0020000000949949026
stage2,1,ppo/temporal_coefficient,42,1791516531.6171434,0.0020000000949949026
stage2,1,ppo/temporal_coefficient,43,1791516557.988296,0.0020000000949949026
stage2,1,ppo/temporal_coefficient,44,1791516585.0797222,0.0020000000949949026
stage2,1,ppo/temporal_coefficient,45,1791516611.1667047,0.0020000000949949026
stage2,1,ppo/temporal_coefficient,46,1791516637.7098966,0.0020000000949949026
stage2,1,ppo/temporal_coefficient,47,1791516663.987162,0.0020000000949949026
stage2,1,ppo/temporal_coefficient,48,1791516691.4119728,0.0020000000949949026
stage2,1,ppo/temporal_coefficient,49,1791516718.573315,0.0020000000949949026
stage2,1,ppo/temporal_coefficient,50,1791516744.7644608,0.0020000000949949026
stage2,1,ppo/temporal_coefficient,51,1791516771.8318617,0.0020000000949949026
stage2,1,ppo/temporal_coefficient,52,1791516797.901691,0.0020000000949949026
stage2,1,ppo/temporal_coefficient,53,1791516824.6341932,0.0020000000949949026
stage2,1,ppo/temporal_coefficient,54,1791516851.4141216,0.0020000000949949026
stage2,1,ppo/temporal_coefficient,55,1791516878.7762547,0.0020000000949949026
stage2,1,ppo/temporal_coefficient,56,1791516905.0585594,0.0020000000949949026
stage2,1,ppo/temporal_coefficient,57,1791516932.5540478,0.0020000000949949026
stage2,1,ppo/temporal_coefficient,58,1791516958.6749215,0.0020000000949949026
stage2,1,ppo/temporal_coefficient,59,1791516985.2750225,0.0020000000949949026
stage2,1,ppo/temporal_coefficient,60,1791517014.9421813,0.0020000000949949026
stage2,1,ppo/temporal_coefficient,61,1791517041.3088136,0.0020000000949949026
stage2,1,ppo/temporal_coefficient,62,1791517072.0929422,0.0020000000949949026
stage2,1,ppo/temporal_coefficient,63,1791517099.198808,0.0020000000949949026
stage2,1,ppo/temporal_coefficient,64,1791517128.2668624,0.0020000000949949026
stage2,1,ppo/temporal_coefficient,65,1791517154.3067622,0.0020000000949949026
stage2,1,ppo/temporal_coefficient,66,1791517183.4940464,0.0020000000949949026
stage2,1,ppo/temporal_coefficient,67,1791517210.129521,0.0020000000949949026
stage2,1,ppo/temporal_coefficient,68,1791517237.6740692,0.0020000000949949026
stage2,1,ppo/temporal_coefficient,69,1791517264.002415,0.0020000000949949026
stage2,1,ppo/temporal_coefficient,70,1791517290.567635,0.0020000000949949026
stage2,1,ppo/temporal_coefficient,71,1791517316.8358908,0.0020000000949949026
stage2,1,ppo/temporal_coefficient,72,1791517343.4307742,0.0020000000949949026
stage2,1,ppo/temporal_coefficient,73,1791517370.9003694,0.0020000000949949026
stage2,1,ppo/temporal_coefficient,74,1791517397.1286092,0.0020000000949949026
stage2,1,ppo/temporal_coefficient,75,1791517427.8541954,0.0020000000949949026
stage2,1,ppo/temporal_coefficient,76,1791517453.8589265,0.0020000000949949026
stage2,1,ppo/temporal_coefficient,77,1791517481.4208112,0.0020000000949949026
stage2,1,ppo/temporal_coefficient,78,1791517507.3917332,0.0020000000949949026
stage2,1,ppo/temporal_coefficient,79,1791517533.9237726,0.0020000000949949026
stage2,1,ppo/temporal_coefficient,80,1791517564.2555625,0.0020000000949949026
stage2,1,ppo/temporal_coefficient,81,1791519479.7430506,0.0020000000949949026
stage2,1,ppo/temporal_coefficient,82,1791519508.202748,0.0020000000949949026
stage2,1,ppo/temporal_coefficient,83,1791519534.3208053,0.0020000000949949026
stage2,1,ppo/temporal_coefficient,84,1791519560.9510417,0.0020000000949949026
stage2,1,ppo/temporal_coefficient,85,1791519587.509551,0.0020000000949949026
stage2,1,ppo/temporal_coefficient,86,1791519614.2431753,0.0020000000949949026
stage2,1,ppo/temporal_coefficient,87,1791519640.7010465,0.0020000000949949026
stage2,1,ppo/temporal_coefficient,88,1791519669.3639264,0.0020000000949949026
stage2,1,ppo/temporal_coefficient,89,1791519698.0931928,0.0020000000949949026
stage2,1,ppo/temporal_coefficient,90,1791519724.15624,0.0020000000949949026
stage2,1,ppo/temporal_coefficient,91,1791519751.2471385,0.0020000000949949026
stage2,1,ppo/temporal_coefficient,92,1791519777.7942953,0.0020000000949949026
stage2,1,ppo/temporal_coefficient,93,1791519804.7653973,0.0020000000949949026
stage2,1,ppo/temporal_coefficient,94,1791519831.2643595,0.0020000000949949026
stage2,1,ppo/temporal_coefficient,95,1791519857.9551773,0.0020000000949949026
stage2,1,ppo/temporal_coefficient,96,1791519884.0723403,0.0020000000949949026
stage2,1,ppo/temporal_coefficient,97,1791519910.7537801,0.0020000000949949026
stage2,1,ppo/temporal_coefficient,98,1791519937.7749603,0.0020000000949949026
stage2,1,ppo/temporal_coefficient,99,1791519964.5382812,0.0020000000949949026
stage2,1,ppo/temporal_coefficient,100,1791519991.4228525,0.0020000000949949026
stage2,1,ppo/temporal_coefficient,101,1791520017.4578478,0.0020000000949949026
stage2,1,ppo/temporal_coefficient,102,1791520043.8733592,0.0020000000949949026
stage2,1,ppo/temporal_coefficient,103,1791520069.849593,0.0020000000949949026
stage2,1,ppo/temporal_coefficient,104,1791520096.7272792,0.0020000000949949026
stage2,1,ppo/temporal_coefficient,105,1791520122.9480603,0.0020000000949949026
stage2,1,ppo/temporal_coefficient,106,1791520150.8449106,0.0020000000949949026
stage2,1,ppo/temporal_coefficient,107,1791520176.970193,0.0020000000949949026
stage2,1,ppo/temporal_coefficient,108,1791520203.4595075,0.0020000000949949026
stage2,1,ppo/temporal_coefficient,109,1791520229.679349,0.0020000000949949026
stage2,1,ppo/temporal_coefficient,110,1791520256.7123783,0.0020000000949949026
stage2,1,ppo/temporal_coefficient,111,1791520283.2198315,0.0020000000949949026
stage2,1,ppo/temporal_coefficient,112,1791520309.6259623,0.0020000000949949026
stage2,1,ppo/temporal_coefficient,113,1791520336.211989,0.0020000000949949026
stage2,1,ppo/temporal_coefficient,114,1791520362.3645477,0.0020000000949949026
stage2,1,ppo/temporal_coefficient,115,1791520388.9968863,0.0020000000949949026
stage2,1,ppo/temporal_coefficient,116,1791520415.107102,0.0020000000949949026
stage2,1,ppo/temporal_coefficient,117,1791520442.1635005,0.0020000000949949026
stage2,1,ppo/temporal_coefficient,118,1791520468.4336586,0.0020000000949949026
stage2,1,ppo/temporal_coefficient,119,1791520495.369369,0.0020000000949949026
stage2,1,ppo/temporal_coefficient,120,1791520521.2756374,0.0020000000949949026
stage1,1,ppo/temporal_eligible_pairs,1,1791512497.7995799,7216.0
stage1,1,ppo/temporal_eligible_pairs,2,1791512531.097333,1165.0
stage1,1,ppo/temporal_eligible_pairs,3,1791512558.5208526,7170.0
stage1,1,ppo/temporal_eligible_pairs,4,1791512590.1721878,2561.0
stage1,1,ppo/temporal_eligible_pairs,5,1791512617.3710196,3652.0
stage1,1,ppo/temporal_eligible_pairs,6,1791512649.250849,3852.0
stage1,1,ppo/temporal_eligible_pairs,7,1791512680.5415087,2761.0
stage1,1,ppo/temporal_eligible_pairs,8,1791512707.4757414,4521.0
stage1,1,ppo/temporal_eligible_pairs,9,1791512738.6623402,2048.0
stage1,1,ppo/temporal_eligible_pairs,10,1791512769.7891335,4565.0
stage1,1,ppo/temporal_eligible_pairs,11,1791512796.5224156,998.0
stage1,1,ppo/temporal_eligible_pairs,12,1791512823.0565453,4553.0
stage1,1,ppo/temporal_eligible_pairs,13,1791512850.148744,618.0
stage1,1,ppo/temporal_eligible_pairs,14,1791512877.7684047,4899.0
stage1,1,ppo/temporal_eligible_pairs,15,1791512904.8370738,423.0
stage1,1,ppo/temporal_eligible_pairs,16,1791512931.6714122,5060.0
stage1,1,ppo/temporal_eligible_pairs,17,1791512958.7460108,194.0
stage1,1,ppo/temporal_eligible_pairs,18,1791512985.4119306,4657.0
stage1,1,ppo/temporal_eligible_pairs,19,1791513012.5164087,93.0
stage1,1,ppo/temporal_eligible_pairs,20,1791513039.1676235,5143.0
stage1,1,ppo/temporal_eligible_pairs,21,1791513764.7623372,37.0
stage1,1,ppo/temporal_eligible_pairs,22,1791513791.9847703,5236.0
stage1,1,ppo/temporal_eligible_pairs,23,1791513818.8064764,45.0
stage1,1,ppo/temporal_eligible_pairs,24,1791513846.0520518,7037.0
stage1,1,ppo/temporal_eligible_pairs,25,1791513872.8087344,172.0
stage1,1,ppo/temporal_eligible_pairs,26,1791513899.8345637,9093.0
stage1,1,ppo/temporal_eligible_pairs,27,1791513926.7787542,402.0
stage1,1,ppo/temporal_eligible_pairs,28,1791513953.8319619,9402.0
stage1,1,ppo/temporal_eligible_pairs,29,1791513981.0739734,296.0
stage1,1,ppo/temporal_eligible_pairs,30,1791514007.9175477,11934.0
stage1,1,ppo/temporal_eligible_pairs,31,1791514035.421768,382.0
stage1,1,ppo/temporal_eligible_pairs,32,1791514061.6095498,11610.0
stage1,1,ppo/temporal_eligible_pairs,33,1791514091.391988,785.0
stage1,1,ppo/temporal_eligible_pairs,34,1791514117.5734673,12150.0
stage1,1,ppo/temporal_eligible_pairs,35,1791514147.2660193,875.0
stage1,1,ppo/temporal_eligible_pairs,36,1791514173.5472455,14430.0
stage1,1,ppo/temporal_eligible_pairs,37,1791514201.2921948,830.0
stage1,1,ppo/temporal_eligible_pairs,38,1791514227.581321,15902.0
stage1,1,ppo/temporal_eligible_pairs,39,1791514255.4810982,1143.0
stage1,1,ppo/temporal_eligible_pairs,40,1791514281.8664706,15741.0
stage2,1,ppo/temporal_eligible_pairs,41,1791516504.288619,15218.0
stage2,1,ppo/temporal_eligible_pairs,42,1791516531.617237,2226.0
stage2,1,ppo/temporal_eligible_pairs,43,1791516557.9884377,1934.0
stage2,1,ppo/temporal_eligible_pairs,44,1791516585.0797303,2857.0
stage2,1,ppo/temporal_eligible_pairs,45,1791516611.166713,2352.0
stage2,1,ppo/temporal_eligible_pairs,46,1791516637.7099059,1909.0
stage2,1,ppo/temporal_eligible_pairs,47,1791516663.9871984,15310.0
stage2,1,ppo/temporal_eligible_pairs,48,1791516691.4119823,3272.0
stage2,1,ppo/temporal_eligible_pairs,49,1791516718.5733237,1848.0
stage2,1,ppo/temporal_eligible_pairs,50,1791516744.7644682,2298.0
stage2,1,ppo/temporal_eligible_pairs,51,1791516771.831944,1660.0
stage2,1,ppo/temporal_eligible_pairs,52,1791516797.901856,1715.0
stage2,1,ppo/temporal_eligible_pairs,53,1791516824.634203,14720.0
stage2,1,ppo/temporal_eligible_pairs,54,1791516851.414138,6369.0
stage2,1,ppo/temporal_eligible_pairs,55,1791516878.7763054,2740.0
stage2,1,ppo/temporal_eligible_pairs,56,1791516905.0586314,3884.0
stage2,1,ppo/temporal_eligible_pairs,57,1791516932.5540562,3292.0
stage2,1,ppo/temporal_eligible_pairs,58,1791516958.6749594,2474.0
stage2,1,ppo/temporal_eligible_pairs,59,1791516985.27509,9797.0
stage2,1,ppo/temporal_eligible_pairs,60,1791517014.94232,12677.0
stage2,1,ppo/temporal_eligible_pairs,61,1791517041.3091369,5169.0
stage2,1,ppo/temporal_eligible_pairs,62,1791517072.0929508,3312.0
stage2,1,ppo/temporal_eligible_pairs,63,1791517099.1990786,5260.0
stage2,1,ppo/temporal_eligible_pairs,64,1791517128.2669337,5562.0
stage2,1,ppo/temporal_eligible_pairs,65,1791517154.3067703,4173.0
stage2,1,ppo/temporal_eligible_pairs,66,1791517183.4941928,18814.0
stage2,1,ppo/temporal_eligible_pairs,67,1791517210.1295283,3938.0
stage2,1,ppo/temporal_eligible_pairs,68,1791517237.674084,840.0
stage2,1,ppo/temporal_eligible_pairs,69,1791517264.0024223,1347.0
stage2,1,ppo/temporal_eligible_pairs,70,1791517290.5676718,1906.0
stage2,1,ppo/temporal_eligible_pairs,71,1791517316.8360434,2930.0
stage2,1,ppo/temporal_eligible_pairs,72,1791517343.4308743,16174.0
stage2,1,ppo/temporal_eligible_pairs,73,1791517370.900531,2889.0
stage2,1,ppo/temporal_eligible_pairs,74,1791517397.1286545,236.0
stage2,1,ppo/temporal_eligible_pairs,75,1791517427.8543196,387.0
stage2,1,ppo/temporal_eligible_pairs,76,1791517453.8590102,1413.0
stage2,1,ppo/temporal_eligible_pairs,77,1791517481.4208205,2406.0
stage2,1,ppo/temporal_eligible_pairs,78,1791517507.3917983,13721.0
stage2,1,ppo/temporal_eligible_pairs,79,1791517533.9238353,5849.0
stage2,1,ppo/temporal_eligible_pairs,80,1791517564.2556798,1241.0
stage2,1,ppo/temporal_eligible_pairs,81,1791519479.743111,335.0
stage2,1,ppo/temporal_eligible_pairs,82,1791519508.2029095,1002.0
stage2,1,ppo/temporal_eligible_pairs,83,1791519534.3208141,1583.0
stage2,1,ppo/temporal_eligible_pairs,84,1791519560.9510503,8532.0
stage2,1,ppo/temporal_eligible_pairs,85,1791519587.509566,9782.0
stage2,1,ppo/temporal_eligible_pairs,86,1791519614.2432177,778.0
stage2,1,ppo/temporal_eligible_pairs,87,1791519640.7010882,445.0
stage2,1,ppo/temporal_eligible_pairs,88,1791519669.363967,1011.0
stage2,1,ppo/temporal_eligible_pairs,89,1791519698.0932338,1831.0
stage2,1,ppo/temporal_eligible_pairs,90,1791519724.156258,2218.0
stage2,1,ppo/temporal_eligible_pairs,91,1791519751.2471466,19016.0
stage2,1,ppo/temporal_eligible_pairs,92,1791519777.7943044,4880.0
stage2,1,ppo/temporal_eligible_pairs,93,1791519804.7654057,1427.0
stage2,1,ppo/temporal_eligible_pairs,94,1791519831.264368,1959.0
stage2,1,ppo/temporal_eligible_pairs,95,1791519857.9552977,2160.0
stage2,1,ppo/temporal_eligible_pairs,96,1791519884.0723813,3107.0
stage2,1,ppo/temporal_eligible_pairs,97,1791519910.7538216,18141.0
stage2,1,ppo/temporal_eligible_pairs,98,1791519937.7750468,5906.0
stage2,1,ppo/temporal_eligible_pairs,99,1791519964.5382912,4326.0
stage2,1,ppo/temporal_eligible_pairs,100,1791519991.423057,4741.0
stage2,1,ppo/temporal_eligible_pairs,101,1791520017.4580019,7167.0
stage2,1,ppo/temporal_eligible_pairs,102,1791520043.8735125,8413.0
stage2,1,ppo/temporal_eligible_pairs,103,1791520069.8496072,16677.0
stage2,1,ppo/temporal_eligible_pairs,104,1791520096.7277396,8362.0
stage2,1,ppo/temporal_eligible_pairs,105,1791520122.948125,4636.0
stage2,1,ppo/temporal_eligible_pairs,106,1791520150.8449779,4075.0
stage2,1,ppo/temporal_eligible_pairs,107,1791520176.970336,6795.0
stage2,1,ppo/temporal_eligible_pairs,108,1791520203.459522,7791.0
stage2,1,ppo/temporal_eligible_pairs,109,1791520229.6794114,11806.0
stage2,1,ppo/temporal_eligible_pairs,110,1791520256.7123866,12293.0
stage2,1,ppo/temporal_eligible_pairs,111,1791520283.2198465,4716.0
stage2,1,ppo/temporal_eligible_pairs,112,1791520309.6259706,4332.0
stage2,1,ppo/temporal_eligible_pairs,113,1791520336.2119975,6116.0
stage2,1,ppo/temporal_eligible_pairs,114,1791520362.3645592,6667.0
stage2,1,ppo/temporal_eligible_pairs,115,1791520388.9969227,10194.0
stage2,1,ppo/temporal_eligible_pairs,116,1791520415.1071162,19154.0
stage2,1,ppo/temporal_eligible_pairs,117,1791520442.1635246,4513.0
stage2,1,ppo/temporal_eligible_pairs,118,1791520468.4336672,5275.0
stage2,1,ppo/temporal_eligible_pairs,119,1791520495.3694062,7073.0
stage2,1,ppo/temporal_eligible_pairs,120,1791520521.2756457,7105.0
stage1,1,ppo/temporal_real_pairs,1,1791512497.799576,65024.0
stage1,1,ppo/temporal_real_pairs,2,1791512531.0972214,64512.0
stage1,1,ppo/temporal_real_pairs,3,1791512558.5208218,65024.0
stage1,1,ppo/temporal_real_pairs,4,1791512590.1721578,64512.0
stage1,1,ppo/temporal_real_pairs,5,1791512617.3710158,65024.0
stage1,1,ppo/temporal_real_pairs,6,1791512649.2508457,64512.0
stage1,1,ppo/temporal_real_pairs,7,1791512680.5414996,65024.0
stage1,1,ppo/temporal_real_pairs,8,1791512707.475738,64512.0
stage1,1,ppo/temporal_real_pairs,9,1791512738.6622617,65024.0
stage1,1,ppo/temporal_real_pairs,10,1791512769.789129,64512.0
stage1,1,ppo/temporal_real_pairs,11,1791512796.5224068,65024.0
stage1,1,ppo/temporal_real_pairs,12,1791512823.0565162,64512.0
stage1,1,ppo/temporal_real_pairs,13,1791512850.1487355,65024.0
stage1,1,ppo/temporal_real_pairs,14,1791512877.7683744,64512.0
stage1,1,ppo/temporal_real_pairs,15,1791512904.837034,65024.0
stage1,1,ppo/temporal_real_pairs,16,1791512931.6713817,64512.0
stage1,1,ppo/temporal_real_pairs,17,1791512958.745979,65024.0
stage1,1,ppo/temporal_real_pairs,18,1791512985.411889,64512.0
stage1,1,ppo/temporal_real_pairs,19,1791513012.5163715,65024.0
stage1,1,ppo/temporal_real_pairs,20,1791513039.16762,64512.0
stage1,1,ppo/temporal_real_pairs,21,1791513764.7623017,65024.0
stage1,1,ppo/temporal_real_pairs,22,1791513791.9846303,64512.0
stage1,1,ppo/temporal_real_pairs,23,1791513818.8064458,65024.0
stage1,1,ppo/temporal_real_pairs,24,1791513846.0520477,64512.0
stage1,1,ppo/temporal_real_pairs,25,1791513872.808717,65024.0
stage1,1,ppo/temporal_real_pairs,26,1791513899.834547,64512.0
stage1,1,ppo/temporal_real_pairs,27,1791513926.7787454,65024.0
stage1,1,ppo/temporal_real_pairs,28,1791513953.831945,64512.0
stage1,1,ppo/temporal_real_pairs,29,1791513981.073962,65024.0
stage1,1,ppo/temporal_real_pairs,30,1791514007.9175174,64512.0
stage1,1,ppo/temporal_real_pairs,31,1791514035.4217649,65024.0
stage1,1,ppo/temporal_real_pairs,32,1791514061.6095328,64512.0
stage1,1,ppo/temporal_real_pairs,33,1791514091.3919709,65024.0
stage1,1,ppo/temporal_real_pairs,34,1791514117.5733333,64512.0
stage1,1,ppo/temporal_real_pairs,35,1791514147.2659988,65024.0
stage1,1,ppo/temporal_real_pairs,36,1791514173.5472407,64512.0
stage1,1,ppo/temporal_real_pairs,37,1791514201.292177,65024.0
stage1,1,ppo/temporal_real_pairs,38,1791514227.5813177,64512.0
stage1,1,ppo/temporal_real_pairs,39,1791514255.4809835,65024.0
stage1,1,ppo/temporal_real_pairs,40,1791514281.8662393,64512.0
stage2,1,ppo/temporal_real_pairs,41,1791516504.2886157,65024.0
stage2,1,ppo/temporal_real_pairs,42,1791516531.617153,65024.0
stage2,1,ppo/temporal_real_pairs,43,1791516557.98833,65024.0
stage2,1,ppo/temporal_real_pairs,44,1791516585.0797262,65024.0
stage2,1,ppo/temporal_real_pairs,45,1791516611.1667094,65024.0
stage2,1,ppo/temporal_real_pairs,46,1791516637.7099018,65024.0
stage2,1,ppo/temporal_real_pairs,47,1791516663.987181,64512.0
stage2,1,ppo/temporal_real_pairs,48,1791516691.4119785,65024.0
stage2,1,ppo/temporal_real_pairs,49,1791516718.5733197,65024.0
stage2,1,ppo/temporal_real_pairs,50,1791516744.7644646,65024.0
stage2,1,ppo/temporal_real_pairs,51,1791516771.8319128,65024.0
stage2,1,ppo/temporal_real_pairs,52,1791516797.901845,65024.0
stage2,1,ppo/temporal_real_pairs,53,1791516824.6341991,64512.0
stage2,1,ppo/temporal_real_pairs,54,1791516851.414133,65024.0
stage2,1,ppo/temporal_real_pairs,55,1791516878.7762754,65024.0
stage2,1,ppo/temporal_real_pairs,56,1791516905.058606,65024.0
stage2,1,ppo/temporal_real_pairs,57,1791516932.5540526,65024.0
stage2,1,ppo/temporal_real_pairs,58,1791516958.6749256,65024.0
stage2,1,ppo/temporal_real_pairs,59,1791516985.2750556,64512.0
stage2,1,ppo/temporal_real_pairs,60,1791517014.9423115,65024.0
stage2,1,ppo/temporal_real_pairs,61,1791517041.309009,65024.0
stage2,1,ppo/temporal_real_pairs,62,1791517072.0929472,65024.0
stage2,1,ppo/temporal_real_pairs,63,1791517099.1989524,65024.0
stage2,1,ppo/temporal_real_pairs,64,1791517128.2669,65024.0
stage2,1,ppo/temporal_real_pairs,65,1791517154.3067667,65024.0
stage2,1,ppo/temporal_real_pairs,66,1791517183.494184,65024.0
stage2,1,ppo/temporal_real_pairs,67,1791517210.129525,65024.0
stage2,1,ppo/temporal_real_pairs,68,1791517237.674079,65024.0
stage2,1,ppo/temporal_real_pairs,69,1791517264.002419,65024.0
stage2,1,ppo/temporal_real_pairs,70,1791517290.5676527,65024.0
stage2,1,ppo/temporal_real_pairs,71,1791517316.8358953,65024.0
stage2,1,ppo/temporal_real_pairs,72,1791517343.43078,64512.0
stage2,1,ppo/temporal_real_pairs,73,1791517370.9005222,65024.0
stage2,1,ppo/temporal_real_pairs,74,1791517397.1286347,65024.0
stage2,1,ppo/temporal_real_pairs,75,1791517427.8542824,65024.0
stage2,1,ppo/temporal_real_pairs,76,1791517453.8589306,65024.0
stage2,1,ppo/temporal_real_pairs,77,1791517481.4208167,65024.0
stage2,1,ppo/temporal_real_pairs,78,1791517507.3917668,64512.0
stage2,1,ppo/temporal_real_pairs,79,1791517533.9238029,65024.0
stage2,1,ppo/temporal_real_pairs,80,1791517564.255671,65024.0
stage2,1,ppo/temporal_real_pairs,81,1791519479.7430816,65024.0
stage2,1,ppo/temporal_real_pairs,82,1791519508.2029004,65024.0
stage2,1,ppo/temporal_real_pairs,83,1791519534.3208103,65024.0
stage2,1,ppo/temporal_real_pairs,84,1791519560.9510467,64512.0
stage2,1,ppo/temporal_real_pairs,85,1791519587.5095608,65024.0
stage2,1,ppo/temporal_real_pairs,86,1791519614.243194,65024.0
stage2,1,ppo/temporal_real_pairs,87,1791519640.7010672,65024.0
stage2,1,ppo/temporal_real_pairs,88,1791519669.363947,65024.0
stage2,1,ppo/temporal_real_pairs,89,1791519698.0932136,65024.0
stage2,1,ppo/temporal_real_pairs,90,1791519724.1562529,65024.0
stage2,1,ppo/temporal_real_pairs,91,1791519751.2471426,65024.0
stage2,1,ppo/temporal_real_pairs,92,1791519777.7943003,65024.0
stage2,1,ppo/temporal_real_pairs,93,1791519804.765402,65024.0
stage2,1,ppo/temporal_real_pairs,94,1791519831.2643645,65024.0
stage2,1,ppo/temporal_real_pairs,95,1791519857.9551823,65024.0
stage2,1,ppo/temporal_real_pairs,96,1791519884.072361,65024.0
stage2,1,ppo/temporal_real_pairs,97,1791519910.753801,64512.0
stage2,1,ppo/temporal_real_pairs,98,1791519937.7750041,65024.0
stage2,1,ppo/temporal_real_pairs,99,1791519964.5382872,65024.0
stage2,1,ppo/temporal_real_pairs,100,1791519991.4230485,65024.0
stage2,1,ppo/temporal_real_pairs,101,1791520017.4579933,65024.0
stage2,1,ppo/temporal_real_pairs,102,1791520043.8735032,65024.0
stage2,1,ppo/temporal_real_pairs,103,1791520069.849602,64512.0
stage2,1,ppo/temporal_real_pairs,104,1791520096.7274902,65024.0
stage2,1,ppo/temporal_real_pairs,105,1791520122.948094,65024.0
stage2,1,ppo/temporal_real_pairs,106,1791520150.844947,65024.0
stage2,1,ppo/temporal_real_pairs,107,1791520176.9702318,65024.0
stage2,1,ppo/temporal_real_pairs,108,1791520203.459517,65024.0
stage2,1,ppo/temporal_real_pairs,109,1791520229.6793811,64512.0
stage2,1,ppo/temporal_real_pairs,110,1791520256.7123828,65024.0
stage2,1,ppo/temporal_real_pairs,111,1791520283.219841,65024.0
stage2,1,ppo/temporal_real_pairs,112,1791520309.6259668,65024.0
stage2,1,ppo/temporal_real_pairs,113,1791520336.211994,65024.0
stage2,1,ppo/temporal_real_pairs,114,1791520362.3645537,65024.0
stage2,1,ppo/temporal_real_pairs,115,1791520388.9969046,65024.0
stage2,1,ppo/temporal_real_pairs,116,1791520415.1071115,65024.0
stage2,1,ppo/temporal_real_pairs,117,1791520442.1635044,65024.0
stage2,1,ppo/temporal_real_pairs,118,1791520468.4336631,65024.0
stage2,1,ppo/temporal_real_pairs,119,1791520495.3693895,65024.0
stage2,1,ppo/temporal_real_pairs,120,1791520521.2756422,65024.0
stage1,1,ppo/value,1,1791512497.7989087,10.856902122497559
stage1,1,ppo/value,2,1791512531.0961533,106.47235870361328
stage1,1,ppo/value,3,1791512558.5197563,19.729583740234375
stage1,1,ppo/value,4,1791512590.1715999,61.51688766479492
stage1,1,ppo/value,5,1791512617.3703694,47.40126037597656
stage1,1,ppo/value,6,1791512649.2499685,72.12847900390625
stage1,1,ppo/value,7,1791512680.5403569,54.862945556640625
stage1,1,ppo/value,8,1791512707.4750228,65.84441375732422
stage1,1,ppo/value,9,1791512738.6615572,50.28239440917969
stage1,1,ppo/value,10,1791512769.7880735,63.67185592651367
stage1,1,ppo/value,11,1791512796.5214279,44.78406524658203
stage1,1,ppo/value,12,1791512823.055756,60.3398323059082
stage1,1,ppo/value,13,1791512850.1477182,38.79181671142578
stage1,1,ppo/value,14,1791512877.767831,59.585533142089844
stage1,1,ppo/value,15,1791512904.8361797,31.212711334228516
stage1,1,ppo/value,16,1791512931.6704676,56.56417465209961
stage1,1,ppo/value,17,1791512958.7451975,28.88754653930664
stage1,1,ppo/value,18,1791512985.4110303,55.006324768066406
stage1,1,ppo/value,19,1791513012.5153341,26.047258377075195
stage1,1,ppo/value,20,1791513039.1669595,52.0179443359375
stage1,1,ppo/value,21,1791513764.7614236,19.481616973876953
stage1,1,ppo/value,22,1791513791.9839077,50.03560256958008
stage1,1,ppo/value,23,1791513818.8057504,16.12158203125
stage1,1,ppo/value,24,1791513846.0511959,49.243560791015625
stage1,1,ppo/value,25,1791513872.808304,13.860917091369629
stage1,1,ppo/value,26,1791513899.832625,49.38618087768555
stage1,1,ppo/value,27,1791513926.7776814,14.348772048950195
stage1,1,ppo/value,28,1791513953.831515,48.84488296508789
stage1,1,ppo/value,29,1791513981.073072,12.960615158081055
stage1,1,ppo/value,30,1791514007.9166577,46.18565368652344
stage1,1,ppo/value,31,1791514035.4213526,13.238897323608398
stage1,1,ppo/value,32,1791514061.6090763,43.383670806884766
stage1,1,ppo/value,33,1791514091.3913205,11.158295631408691
stage1,1,ppo/value,34,1791514117.5726626,38.240482330322266
stage1,1,ppo/value,35,1791514147.265222,11.340209007263184
stage1,1,ppo/value,36,1791514173.5463572,29.434669494628906
stage1,1,ppo/value,37,1791514201.2914212,11.15673828125
stage1,1,ppo/value,38,1791514227.5808415,21.675912857055664
stage1,1,ppo/value,39,1791514255.4802773,10.122902870178223
stage1,1,ppo/value,40,1791514281.865549,14.089900970458984
stage2,1,ppo/value,41,1791516504.281514,4.467885494232178
stage2,1,ppo/value,42,1791516531.6162753,8.339639663696289
stage2,1,ppo/value,43,1791516557.9874022,6.710615158081055
stage2,1,ppo/value,44,1791516585.0788326,11.115386962890625
stage2,1,ppo/value,45,1791516611.166042,14.726242065429688
stage2,1,ppo/value,46,1791516637.7087939,16.103910446166992
stage2,1,ppo/value,47,1791516663.986821,51.39960479736328
stage2,1,ppo/value,48,1791516691.4113617,7.205197811126709
stage2,1,ppo/value,49,1791516718.5728643,5.376463413238525
stage2,1,ppo/value,50,1791516744.7639422,10.996418952941895
stage2,1,ppo/value,51,1791516771.8313231,14.589311599731445
stage2,1,ppo/value,52,1791516797.9011133,16.101390838623047
stage2,1,ppo/value,53,1791516824.6335263,60.125083923339844
stage2,1,ppo/value,54,1791516851.413499,7.543342113494873
stage2,1,ppo/value,55,1791516878.7758515,3.4317986965179443
stage2,1,ppo/value,56,1791516905.0581985,7.394985198974609
stage2,1,ppo/value,57,1791516932.5535648,11.623382568359375
stage2,1,ppo/value,58,1791516958.6743681,18.220067977905273
stage2,1,ppo/value,59,1791516985.274134,38.60773849487305
stage2,1,ppo/value,60,1791517014.9414084,10.017607688903809
stage2,1,ppo/value,61,1791517041.3081958,3.827772855758667
stage2,1,ppo/value,62,1791517072.0919127,6.707569122314453
stage2,1,ppo/value,63,1791517099.1981823,9.221477508544922
stage2,1,ppo/value,64,1791517128.2658284,12.569580078125
stage2,1,ppo/value,65,1791517154.3062308,23.42283058166504
stage2,1,ppo/value,66,1791517183.4933321,20.250350952148438
stage2,1,ppo/value,67,1791517210.1288817,10.207588195800781
stage2,1,ppo/value,68,1791517237.6734,6.613188743591309
stage2,1,ppo/value,69,1791517264.0020373,10.93871784210205
stage2,1,ppo/value,70,1791517290.5670435,16.47627067565918
stage2,1,ppo/value,71,1791517316.8353415,19.6320858001709
stage2,1,ppo/value,72,1791517343.4302378,37.29770278930664
stage2,1,ppo/value,73,1791517370.8998463,7.789323806762695
stage2,1,ppo/value,74,1791517397.1281157,5.563076496124268
stage2,1,ppo/value,75,1791517427.853426,9.634140014648438
stage2,1,ppo/value,76,1791517453.8580973,14.361461639404297
stage2,1,ppo/value,77,1791517481.420053,19.233312606811523
stage2,1,ppo/value,78,1791517507.3908517,34.90879821777344
stage2,1,ppo/value,79,1791517533.9232135,9.747779846191406
stage2,1,ppo/value,80,1791517564.2546256,5.139814376831055
stage2,1,ppo/value,81,1791519479.7422526,8.423460006713867
stage2,1,ppo/value,82,1791519508.2018616,11.605595588684082
stage2,1,ppo/value,83,1791519534.3201094,16.8439884185791
stage2,1,ppo/value,84,1791519560.9499757,30.46878433227539
stage2,1,ppo/value,85,1791519587.5087314,8.889094352722168
stage2,1,ppo/value,86,1791519614.2423084,4.444553375244141
stage2,1,ppo/value,87,1791519640.700674,8.545598983764648
stage2,1,ppo/value,88,1791519669.363551,9.713438987731934
stage2,1,ppo/value,89,1791519698.0928397,12.575130462646484
stage2,1,ppo/value,90,1791519724.1555948,43.23706817626953
stage2,1,ppo/value,91,1791519751.2466567,11.552115440368652
stage2,1,ppo/value,92,1791519777.793848,6.473001956939697
stage2,1,ppo/value,93,1791519804.7648087,5.530764579772949
stage2,1,ppo/value,94,1791519831.2632308,5.839855194091797
stage2,1,ppo/value,95,1791519857.9546745,8.592119216918945
stage2,1,ppo/value,96,1791519884.0719607,11.715831756591797
stage2,1,ppo/value,97,1791519910.753394,25.893558502197266
stage2,1,ppo/value,98,1791519937.77417,12.571093559265137
stage2,1,ppo/value,99,1791519964.5372221,7.366427898406982
stage2,1,ppo/value,100,1791519991.4219298,5.178704261779785
stage2,1,ppo/value,101,1791520017.4569929,7.398077487945557
stage2,1,ppo/value,102,1791520043.8725984,6.741998672485352
stage2,1,ppo/value,103,1791520069.8489687,12.421882629394531
stage2,1,ppo/value,104,1791520096.726551,10.176474571228027
stage2,1,ppo/value,105,1791520122.9473438,7.572858810424805
stage2,1,ppo/value,106,1791520150.8439672,5.367236614227295
stage2,1,ppo/value,107,1791520176.9692411,6.010351181030273
stage2,1,ppo/value,108,1791520203.4587843,6.112008571624756
stage2,1,ppo/value,109,1791520229.678428,11.770874977111816
stage2,1,ppo/value,110,1791520256.7117639,9.679126739501953
stage2,1,ppo/value,111,1791520283.2188447,6.677124977111816
stage2,1,ppo/value,112,1791520309.6252244,6.635239601135254
stage2,1,ppo/value,113,1791520336.2115414,4.34437370300293
stage2,1,ppo/value,114,1791520362.3640313,4.15476655960083
stage2,1,ppo/value,115,1791520388.9965284,12.303581237792969
stage2,1,ppo/value,116,1791520415.1064198,8.870023727416992
stage2,1,ppo/value,117,1791520442.1629717,10.804344177246094
stage2,1,ppo/value,118,1791520468.4332328,7.097848415374756
stage2,1,ppo/value,119,1791520495.369011,4.35790491104126
stage2,1,ppo/value,120,1791520521.2751727,3.525300979614258
stage1,1,train/mean_step_reward,1,1791512497.7988834,-0.07290090620517731
stage1,1,train/mean_step_reward,2,1791512531.0961275,-0.26951390504837036
stage1,1,train/mean_step_reward,3,1791512558.5197322,-0.08813643455505371
stage1,1,train/mean_step_reward,4,1791512590.171575,-0.2380993366241455
stage1,1,train/mean_step_reward,5,1791512617.3703444,-0.10159251093864441
stage1,1,train/mean_step_reward,6,1791512649.2499416,-0.20641252398490906
stage1,1,train/mean_step_reward,7,1791512680.5403326,-0.10650711506605148
stage1,1,train/mean_step_reward,8,1791512707.4749978,-0.17147690057754517
stage1,1,train/mean_step_reward,9,1791512738.6615334,-0.1160886138677597
stage1,1,train/mean_step_reward,10,1791512769.788049,-0.14976102113723755
stage1,1,train/mean_step_reward,11,1791512796.5214021,-0.12037968635559082
stage1,1,train/mean_step_reward,12,1791512823.0557296,-0.1286536306142807
stage1,1,train/mean_step_reward,13,1791512850.1476953,-0.12222863733768463
stage1,1,train/mean_step_reward,14,1791512877.7678063,-0.10802457481622696
stage1,1,train/mean_step_reward,15,1791512904.8361547,-0.12139729410409927
stage1,1,train/mean_step_reward,16,1791512931.6704423,-0.09903747588396072
stage1,1,train/mean_step_reward,17,1791512958.7451735,-0.12561996281147003
stage1,1,train/mean_step_reward,18,1791512985.4110057,-0.08630688488483429
stage1,1,train/mean_step_reward,19,1791513012.51531,-0.13223552703857422
stage1,1,train/mean_step_reward,20,1791513039.166935,-0.07997158169746399
stage1,1,train/mean_step_reward,21,1791513764.7613993,-0.12610746920108795
stage1,1,train/mean_step_reward,22,1791513791.9838703,-0.06987963616847992
stage1,1,train/mean_step_reward,23,1791513818.8057258,-0.12691064178943634
stage1,1,train/mean_step_reward,24,1791513846.0511665,-0.06191572546958923
stage1,1,train/mean_step_reward,25,1791513872.8082788,-0.12158308923244476
stage1,1,train/mean_step_reward,26,1791513899.8325899,-0.053221702575683594
stage1,1,train/mean_step_reward,27,1791513926.777656,-0.12745167315006256
stage1,1,train/mean_step_reward,28,1791513953.831487,-0.05048416182398796
stage1,1,train/mean_step_reward,29,1791513981.0730097,-0.1247335821390152
stage1,1,train/mean_step_reward,30,1791514007.9166324,-0.04426800459623337
stage1,1,train/mean_step_reward,31,1791514035.421325,-0.12643849849700928
stage1,1,train/mean_step_reward,32,1791514061.6090486,-0.04013548418879509
stage1,1,train/mean_step_reward,33,1791514091.3912938,-0.12084171175956726
stage1,1,train/mean_step_reward,34,1791514117.5726366,-0.03586629778146744
stage1,1,train/mean_step_reward,35,1791514147.2651935,-0.12211662530899048
stage1,1,train/mean_step_reward,36,1791514173.5463278,-0.03411708027124405
stage1,1,train/mean_step_reward,37,1791514201.2913954,-0.12749846279621124
stage1,1,train/mean_step_reward,38,1791514227.5808146,-0.03389531746506691
stage1,1,train/mean_step_reward,39,1791514255.4802434,-0.1220804899930954
stage1,1,train/mean_step_reward,40,1791514281.8655226,-0.03578343242406845
stage2,1,train/mean_step_reward,41,1791516504.2814898,-0.022067053243517876
stage2,1,train/mean_step_reward,42,1791516531.616242,-0.0644354522228241
stage2,1,train/mean_step_reward,43,1791516557.9873767,-0.06392568349838257
stage2,1,train/mean_step_reward,44,1791516585.0788052,-0.08229637145996094
stage2,1,train/mean_step_reward,45,1791516611.1660173,-0.08945377171039581
stage2,1,train/mean_step_reward,46,1791516637.7087688,-0.08068323135375977
stage2,1,train/mean_step_reward,47,1791516663.9867961,-0.027627917006611824
stage2,1,train/mean_step_reward,48,1791516691.4113371,-0.07003466784954071
stage2,1,train/mean_step_reward,49,1791516718.57284,-0.055747147649526596
stage2,1,train/mean_step_reward,50,1791516744.763917,-0.07951778173446655
stage2,1,train/mean_step_reward,51,1791516771.8312986,-0.09333588182926178
stage2,1,train/mean_step_reward,52,1791516797.9010887,-0.08925729990005493
stage2,1,train/mean_step_reward,53,1791516824.633502,-0.04592488333582878
stage2,1,train/mean_step_reward,54,1791516851.4134743,-0.059778064489364624
stage2,1,train/mean_step_reward,55,1791516878.7758226,-0.044133272022008896
stage2,1,train/mean_step_reward,56,1791516905.058174,-0.06204472482204437
stage2,1,train/mean_step_reward,57,1791516932.5535398,-0.07936412841081619
stage2,1,train/mean_step_reward,58,1791516958.674345,-0.07990170270204544
stage2,1,train/mean_step_reward,59,1791516985.2741058,-0.05652398243546486
stage2,1,train/mean_step_reward,60,1791517014.9413836,-0.040850620716810226
stage2,1,train/mean_step_reward,61,1791517041.308171,-0.04950153827667236
stage2,1,train/mean_step_reward,62,1791517072.091889,-0.0587216280400753
stage2,1,train/mean_step_reward,63,1791517099.1981573,-0.06969757378101349
stage2,1,train/mean_step_reward,64,1791517128.2658033,-0.06909430772066116
stage2,1,train/mean_step_reward,65,1791517154.306205,-0.06360889971256256
stage2,1,train/mean_step_reward,66,1791517183.4933083,-0.019363433122634888
stage2,1,train/mean_step_reward,67,1791517210.128857,-0.05986789986491203
stage2,1,train/mean_step_reward,68,1791517237.6733732,-0.05665317922830582
stage2,1,train/mean_step_reward,69,1791517264.0020127,-0.07512249052524567
stage2,1,train/mean_step_reward,70,1791517290.567019,-0.09106853604316711
stage2,1,train/mean_step_reward,71,1791517316.8353164,-0.09407132118940353
stage2,1,train/mean_step_reward,72,1791517343.43021,-0.031833577901124954
stage2,1,train/mean_step_reward,73,1791517370.8998222,-0.06058801710605621
stage2,1,train/mean_step_reward,74,1791517397.1280901,-0.04846726730465889
stage2,1,train/mean_step_reward,75,1791517427.8533976,-0.06999334692955017
stage2,1,train/mean_step_reward,76,1791517453.8580718,-0.09691901504993439
stage2,1,train/mean_step_reward,77,1791517481.4200263,-0.10512540489435196
stage2,1,train/mean_step_reward,78,1791517507.3908265,-0.058876946568489075
stage2,1,train/mean_step_reward,79,1791517533.92319,-0.0507751926779747
stage2,1,train/mean_step_reward,80,1791517564.2546012,-0.04295811057090759
stage2,1,train/mean_step_reward,81,1791519479.7422204,-0.06479203701019287
stage2,1,train/mean_step_reward,82,1791519508.201836,-0.09048670530319214
stage2,1,train/mean_step_reward,83,1791519534.3200839,-0.10393203049898148
stage2,1,train/mean_step_reward,84,1791519560.949946,-0.0879659578204155
stage2,1,train/mean_step_reward,85,1791519587.5087059,-0.03554275259375572
stage2,1,train/mean_step_reward,86,1791519614.2422817,-0.050158753991127014
stage2,1,train/mean_step_reward,87,1791519640.7006462,-0.06789933145046234
stage2,1,train/mean_step_reward,88,1791519669.363523,-0.09333943575620651
stage2,1,train/mean_step_reward,89,1791519698.0928109,-0.10444752871990204
stage2,1,train/mean_step_reward,90,1791519724.1555653,-0.10846715420484543
stage2,1,train/mean_step_reward,91,1791519751.2466314,-0.017592035233974457
stage2,1,train/mean_step_reward,92,1791519777.7938228,-0.05179091915488243
stage2,1,train/mean_step_reward,93,1791519804.7647836,-0.04924256354570389
stage2,1,train/mean_step_reward,94,1791519831.2632065,-0.06747100502252579
stage2,1,train/mean_step_reward,95,1791519857.954649,-0.08038314431905746
stage2,1,train/mean_step_reward,96,1791519884.0719316,-0.07642090320587158
stage2,1,train/mean_step_reward,97,1791519910.753364,-0.02487270161509514
stage2,1,train/mean_step_reward,98,1791519937.7741177,-0.05750417709350586
stage2,1,train/mean_step_reward,99,1791519964.5371976,-0.046115949749946594
stage2,1,train/mean_step_reward,100,1791519991.4219055,-0.0631767064332962
stage2,1,train/mean_step_reward,101,1791520017.4569678,-0.07157616317272186
stage2,1,train/mean_step_reward,102,1791520043.872574,-0.06378134340047836
stage2,1,train/mean_step_reward,103,1791520069.8489394,-0.031386103481054306
stage2,1,train/mean_step_reward,104,1791520096.7265236,-0.049388282001018524
stage2,1,train/mean_step_reward,105,1791520122.9473078,-0.042156562209129333
stage2,1,train/mean_step_reward,106,1791520150.8439384,-0.06802572309970856
stage2,1,train/mean_step_reward,107,1791520176.969207,-0.07561101019382477
stage2,1,train/mean_step_reward,108,1791520203.4587588,-0.0665193572640419
stage2,1,train/mean_step_reward,109,1791520229.6784003,-0.04515276849269867
stage2,1,train/mean_step_reward,110,1791520256.7117386,-0.030851544812321663
stage2,1,train/mean_step_reward,111,1791520283.2188199,-0.040930815041065216
stage2,1,train/mean_step_reward,112,1791520309.6251974,-0.06121651828289032
stage2,1,train/mean_step_reward,113,1791520336.2115157,-0.06739140301942825
stage2,1,train/mean_step_reward,114,1791520362.3640063,-0.06184558942914009
stage2,1,train/mean_step_reward,115,1791520388.9965036,-0.0488986112177372
stage2,1,train/mean_step_reward,116,1791520415.1063952,-0.015304735861718655
stage2,1,train/mean_step_reward,117,1791520442.1629488,-0.04664785414934158
stage2,1,train/mean_step_reward,118,1791520468.4332078,-0.047456108033657074
stage2,1,train/mean_step_reward,119,1791520495.3689852,-0.05103858560323715
stage2,1,train/mean_step_reward,120,1791520521.2751484,-0.049496110528707504
